"cool girls thrift online now? Depop feels dead. Whereâ€™s everyone finding good secondhand gems without sorting 8,000 Forever 21 tank tops?","PlusSizeFashion","fashion"
"bought going ban ğŸï¸ panic purchased two pair shoes tariffs. madly love lol thought Prada mules going horribly uncomfortable I literally repfluenced thought much ordering not, all. feel soo chic stylish use ğŸ˜­ got many compliments wearing them. bought tariffs ban island reasons though purchased Miu Miu Beau locallyğŸ‘€. Anyway, wishlist getting control so... Iykyk","RepladiesDesigner","fashion"
"Looking Italian leather mens loafers 14-15 wide sizes. Also looking exotics like ostrich gator. US hell time finding recommendations nice Italian leather loafers large sizes like 14-15 wide EE. also looking exotics like croc, ostrich, lizard, etc... rich budget <$1000 pair, preferably <$500 sale something. Let know find shipped here, experience may customer service. Thank you! EDIT: 14-15 US 47-48EU","goodyearwelt","fashion"
"still use makeup primer put sunscreen says doubles primer? seen lots sunscreens say also double makeup primer. havenâ€™t tested really works well regular makeup primer. put sunscreen says also makeup primer, skip regular makeup primer still use it? sunscreen primer work well regular makeup primer?","Makeup","fashion"
"Bape x Adidas missing lace holes copped bape superstars noticed left shoe lace holes covered. supposed come way? donâ€™t wanna tear shoe itâ€™s part design lol.","bapeheads","fashion"
"Golden hour necklace! sunny late afternoon place makes best lighting! â˜€ï¸âœ¨","jewelry","fashion"
"Looking unique, kickstarter, unknown type menâ€™s sneakers Amazon, local outlets, etc. Foreign, handmade, small company cool. JW?","moresneakers","fashion"
"want find exact top medium Hello! obsessed top looking size medium, possibly large? Since itâ€™s old shirt. know lot tops like this, really like straps ruffles one. Google image search help! Thank you!!","findfashion","fashion"
"asked ChatGPT magnolia/ peony perfumes, thoughts? Recommended Miss Dior Blooming Bouquet, Chloe EDP, Versace Bright Crystal, Jo Malone Peony Blush Suede, Bvlgari Splendida Magnolia Sensuel.","Perfumes","fashion"
"Lucchese San Antonio 2324 Hey guys, recently gifted pair appear decently vintage Lucchese San Antonio style 2324? boots. Wondering anyone info them? Year, material, etcâ€¦ Thanks!","cowboyboots","fashion"
"Please help find shirt! bought oversized white collared shirt Glassons years ago favourite item clothing. Iâ€™m size 14 girly like wearing loose, oversized collared shirts hide top part thighs. unfortunately boyfriend washed got bunch yellow stains couldnâ€™t get off. anyone recommend dupes please? capsule wardrobe Iâ€™m missing key, versatile piece.","AusFemaleFashion","fashion"
"Ariat M4 wear ranch work side things, Ariat Rebar M4 held up. Four years rotated saddle/shop wear weekends holidays. wear lot jeans extremely durable comfortable, extra ventilation added weekend working truck. work, wear nothing Ariats.","WesternWear","fashion"
"WTB Sneakers These? believe ASICS Gel NYC , donâ€™t know color way , cannot find , anyone link ?","sneakermarket","fashion"
"TAG Heuer Aquaracer 41mm White Dial Quartz Menâ€™s Watch â€“ Full Set â€“ Excellent Condition sale TAG Heuer Aquaracer 41mm Quartz Menâ€™s Watch featuring clean white dial, stainless steel case bracelet, reliable Swiss quartz movement. full set, including original TAG Heuer box, warranty card, manuals. watch excellent condition minor signs careful wear. sapphire crystal scratch-free, bezel rotates crisply, bracelet tight links included. watch functions flawlessly keeps precise time.","Watches","fashion"
"Help accessorize! Iâ€™m wearing dress prom, pls help style! Iâ€™m gonna updo think sure kind jewellery/ shoes would best","fashion","fashion"
"bottoms new shirt go with? bought new shirt yesterday Iâ€™ve wanting something like donâ€™t know look. Wanting advice kind bottoms maybe shoes wouldnâ€™t with. Also belt.","fashion","fashion"
"kind bag choose dress? prom dress iâ€™m trouble finding bag match, iâ€™ve thought sparkly silver handbag iâ€™m sure, need opinions the dress purple-ish hue it","fashion","fashion"
"OOTD Skirted Leather Duster Syron Atelier True Self Couture my design/ Jeans Belt CK / Hat California Grassroots x Laser Guided Visions","fashion","fashion"
"Feels like somethingâ€™s missing feels like somethingâ€™s missing outfit. whole concept styling new outside TikToks, Iâ€™ve idea Iâ€™m doing. tried limit colors â€˜endâ€™ outfit horizontal point something feels off. thoughts?","fashion","fashion"
"dress choose? outdoor welcoming party wedding. dress choose? think might boring wearing dress. accessories wear make shine?","fashion","fashion"
"top would pair well this? Maxi denim skirt oversized jacket, wear open. yellow lining cute print. really like combo stumped top wear! Skirt sits hips, helps ğŸµ","fashion","fashion"
"shop regular short-sleeve shirts? Hi everyone! many popular places buy short-sleeved shirts. thing is, picky. like 100% cotton, polyester okay; like polyester shirts feel me. to: \- Old Navy \- Forever 21 \- Uniqlo \- H&M I dislike store. know much, need advice. mainly want comfortable short-sleeved shirt wear work corporate office job going friends. graphics ok, cannot bold cringy most time Forever 21 RIP. But, good finds Old Navy, comes cringeworthy graphics make sense lol, price, bad. looking something go shorts after working going out shirts go well with, like black/grey/darker colored shorts. Bonus both. But, willing switch order actually look nicer work going out. guys professionals here. context: \- live Chicago Not downtown, neighboring areas. \- 6'3. \- Weight around 180 -185 lbs \- current size pants wear 34 x 34. Someone thread, please help. know fashionable guys help brother out.","malefashionadvice","fashion"
"Spier Mackay vs SuitSupply Sizing Hey guys! Looking make first S&M purchase wondering fits compare two brands. 36s SuitSupply perennial havana jackets 32 trousers. recommend?","malefashionadvice","fashion"
"get American jersey style tops decent cheap quality know one obvious ones shein Iâ€™ve considered looked around see holister similar much different ASOS, wondering anyone knew reliable places get style tops from?","malefashionadvice","fashion"
"Pini Parma trousers, reviews sizing Hi all, much like aesthetics Pini Parma Soragna trousers. Unfortunately many brick mortar stores. might work trip coming Brussels, eager order pants summer. generally read good reviews quality, would course appreciate additional input. interested sizing though. got several different trousers SuitSupply typically go size 52 EU size, think size 36 US, guys there pants taken waist size 50 waist fits perfectly, thighs tight especially sitting. insight sizing? difference wool cotton sizing-wise? Appreciate answers!","malefashionadvice","fashion"
"work appropiate pants tight crotch area sit fine shorts sweatpants. casual work attire mandatory wear dress pants. sit tight crotch area day. pants even tad bit big me. fidgiting uncomfortable day due tightness Ones currently wear even stretchy ones still tight weigh 116 maybe could underweight thing","malefashionadvice","fashion"
"belts? Up 3 Hi guys belts choose ? maximum 3. belts wardrobe right also take account. dont wear suits extremely formal stuff least 1 looks formal would good think. Apparently pretty convenient use since using ""track"" rather holes, makes microadjust pretty convenient let know guys familiar experiences. Let know straps get well buckles also choose 3.2 cm width 3.7 cm. Unsure go maybe 2 1 sizes 1 one. Thanks advance","malefashionadvice","fashion"
"Bandana print style wear bandana print shorts summer?","malefashionadvice","fashion"
"looking type pants cant find thinking getting jacket like  least stile want use something like pants middle image  . searched something find anithing close. Sugeestion place ask?","malefashionadvice","fashion"
"looking like crazy similar trousers Usually, updating wardrobe, go Reddit create plan things want buy. helps ensure styles match on. thereâ€™s trousers influencer called Wisdom Kaye cannot find anything similar save life. ideas might find it? Hereâ€™s link:","malefashionadvice","fashion"
"Casual suit pants every day Hi Friends, know nice pants look like suit. Many Football trainers wear like Xabi Alonso Vincent Company itâ€™s elegant casual like real suit pant. anyone tell whatâ€™s name maybe nice brands them. like black clean nice fold. Thank","malefashionadvice","fashion"
"Beckett Simonon loafer get? Looking versatility. thinking picking pair loafers Beckett Simonon $189 deal going on. aiming something versatile â€” mainly wear casually including shorts summer, also something dress bit colder months occasionally wear work. Right now, Iâ€™m leaning toward *Cohen* Chestnut suede. really like look, Iâ€™m still open options. totally sold *Bernard* â€” tassels might bit much me. Suede isnâ€™t must; thatâ€™s leaning. Overall, Iâ€™m looking solid, go-with-anything loafer handle range outfits situations. Anyone experience Beckett Simonon loafers, thoughts might work best? Pic suede loafers Beckett Simonon Loafers","malefashionadvice","fashion"
"Sharkskin suit advice? Currently considering getting blue sharkskin suit. brands like/dislike? Looking spend around $1k could go little over.","malefashionadvice","fashion"
"100% cotton jersey polo? Anyone know 100% cotton jersey polo tshirt style sleeves? started new sales job polyester. want nice, fitted cotton polo feels like luxury tee. get embroidered local shop. ordered gildan softstyle ebay try know expect can't find options. Navy, royal blue, white. Preferably fitted runs small.","malefashionadvice","fashion"
"would guys ever wear these?  seem like would past muster 2015,but least skinny jeans!!!!","malefashionadvice","fashion"
"wear high rise denim? Hi Guys. Newbie denim. New high rise denim. bought Naked Famous Strong Guy Edwin Tyrell Pant. considered high rise correct wrong. models meant worn belt. hips thick forced buy size waist bigger actual waist. order jeans slip downwards, need wear belt. intended worn? Thanks lot advance advice.","malefashionadvice","fashion"
"Outfits dark green Timberland Maple Grove Lace-up low Trainer outfits would work green version this, combinations colors pants shirts would work these. Ty","malefashionadvice","fashion"
"Summer water-resistant jacket? finding good jacket wear rainy summer days. Bean mountain classic anorak want something stylish, maybe Barbour style coat trucker jacket, seem warm wear summer. suggestions good looking lightweight water resistant jacket?","malefashionadvice","fashion"
"Looking heavyweight cargos around December gotten cargo pants felt perfectexcept little short Hollister, pants seem discontinued Clearance right donâ€™t size available. hoping find something similar look feel.","malefashionadvice","fashion"
"fashion style want know name of. seen guys, mostly hispanic crosses race, fashion style know categorize want ascribe to. would say like chicano modern, dickie's work jackets, typically dark colors needed, wear simple color shirts, sneakers, chains, work shirts. typically wear ""work"" clothing jewelry things. sure making sense, give style seems simple yet effective. simplest option would wear work shirts stuff, want know actual fashion style not.","malefashionadvice","fashion"
"22M College Student Looking Expand Wardrobe Issue: Iâ€™m oddly sized, canâ€™t seem make anything look good. pants, good waist legs long. shirts, itâ€™s good shoulders itâ€™s long tight stomach. itâ€™s good stomach hips, everything else looks like Iâ€™ve draped tablecloth myself. want fix & wear clothes confident in. would recommend? changes brands etc. Me: - 22M College Student - Short & Stocky: Wide Shoulders Hips, Short Legs 5â€™3, 155lbs closet staples are: Shirts: - Black/Blue/Dark Red T-Shirts - Black Tank Tops Shorts/Pants: - time favorite shorts pair green 7â€ Shorts Goodfellow&Co  - Jeans Leviâ€™s 511 Skinny, Goodfellow&Co Straight Shoes: - Black Classic Vans Other: - Brown Black Canvas Belts - Aviator Sunglasses Want Wear: - Button Shirts Never lay right","malefashionadvice","fashion"
"Casual jackets similar sport coats find jackets like these? name? 2 jackets Poszetka Anthology. Theyâ€™re basically 3 button sport coats squared bottom patch pocket thereâ€™s usually barchetta. Seems like perfect thing dress casual scenarios America sport coat basically pinstripe suit formality-wise. Theyâ€™re similar safari jackets guess tend tooâ€¦ safari-y. Poszetka â€œeasy jacketâ€ Anthology â€œlazymanâ€","malefashionadvice","fashion"
"feel like going insane; t-shirts long nowadays? Basically every t-shirt Iâ€™m shopping too. damn. long! cover ass looks unflattering, like Iâ€™m wearing dress short legs. height 5â€™11'' buying size clothing. Usually try tuck shirts waist skinny never tucks neatly, especially shirt loose shape. need tuck, pull shirt inches let fold pants. like tuck rarely fits stays well, itâ€™s hassle properly using bathroom Iâ€™m home. feels shitty nothing shelves seems wearable. Iâ€™ve tried many brands itâ€™s same. brands like know donâ€™t work anymore. swear theyâ€™ve gotten longer yearsâ€”I Carhartt WIP t-shirts 2018 significantly shorter sell now. want try get t-shirts like shortened but, idk, itâ€™s annoying itâ€™s necessary felt wasnâ€™t like past. Itâ€™s extra step costs money. Rant over!! anything else experience noticed trend?","malefashionadvice","fashion"
"buy summer gives â€œedgyâ€ vibe? Similar leather jacket Hey everyone! fall winter, Iâ€™m layering â€” go-to nights bars restaurants leather jacket. love slightly edgy vibe gives, especially since usually wear lot jewelry complement it. summerâ€™s around corner, Iâ€™m looking refresh wardrobe pieces still keep energy without overheating me. recs summer staples still give cool, edgy look?","malefashionadvice","fashion"
"Would wear black boots summertime? considering pair black boots thinking wait winter. Anyone else wearing black boots summertime?","malefashionadvice","fashion"
"Pearl snap shirt advice love Schaefer outfitter short sleeve vintage cotton pearl snap Waurika, unfortunately sold size. anyone know print style lookalikes know of? feel like others Iâ€™m finding either way loud plaid, Iâ€™m fan of. comments appreciated. Would love know others wearing","malefashionadvice","fashion"
"colours go well light blue denim cowboy hat? Iâ€™m going BeyoncÃ© concert next month want wear light blue denim jeans denim jacket colour. Iâ€™m trying find cowboy hat bring light blue denim ones seem relatively expensive. colours go well light blue denim broaden cowboy hat search?","malefashionadvice","fashion"
"Opinion suits Recently, bought new suit, including parts handkerchief, tie, dress shoes, noticed something them. people tend consider suits ""uncomfortable"", experiencing opposite that. suit fitted almost perfectly, extremely comfortable wear. times, saddened fact that, age, wearing suit daily considered ""cringe"" odd, love wear often. anyone else similar experience dress clothes? people call uncomfortable?","malefashionadvice","fashion"
"Best footwear resort/beach Would love ideas. Probably something nice go restaurants something casual beach. Please help fashion idiot.","malefashionadvice","fashion"
"Belt wear classic Seersucker Suit white Stan Smiths sneakers? Looking right belt wear classic Brooks Brothers Seersucker jacket/pants see link below white Stan Smith sneakers. Wondering brown belt would fine try match white sneakers white belt go belt all? Happy suggestions! ","malefashionadvice","fashion"
"longer shorter shorts shorter torso long legs? 6'3 length comes legs. wondering wear shirts go lower shorter. Let know. Thanks","malefashionadvice","fashion"
"18m, never really put much thought fashion. Trying build wardrobe scratch going college. Currently Iâ€™ve gotten nice oversized Ts black, dark grey, beige couple pairs nicer shorts black navy, couple Lenin overshirts white striped beige. couple decent pairs jeans nice athletic shorts Iâ€™ll keep. look expand here? Particularly looking nice pair sneakers.","malefashionadvice","fashion"
"Alternatives DBF vest? Hi everyone, like DBF's Camargue Vest lot, can't pay 395 + taxes it. know good quality alternative $200 less? mind going second hand clothing, know look style Link reference: debonnefacture.fr/products/camargue-vest-french-cotton-linen-corduroy-undyed-ss25?\_pos=4&\_sid=52234add7&\_ss=r","malefashionadvice","fashion"
"â€œdress ageâ€ even mean? always found strangest concept. even mean? Maybe thing understand wear overly revealing clothing, otherwise, donâ€™t get it. bright colors considered youthful childish? Older people supposed like bright colors? someone spent entire life expressing creatively clothing, middle aged older people suddenly expected stop expressing themselves? itâ€™s people donâ€™t want see wrinkly skin, Iâ€™ve worn tank tops whole life covering arms makes sweat much? Iâ€™m suddenly supposed change entire wardrobe switch types clothing Iâ€™ve avoided time find ugly uncomfortable? kind clothes even expected? donâ€™t want hear â€œwear wantâ€ believe me, will, lol. want understand concept donâ€™t get itâ€™s really weird people get arms something like this.","femalefashionadvice","fashion"
"find classy, quality clothes non-neutral colors Fast fashion sucks. quality, fit shelf life sucks. So, go-to brands actual quality clothing lasts? Something touch bold e.g. bolden.com touch class e.g. Ann Taylor absolute dog-shit? see pictures celebrities like Kate Middleton obviously wearing clothes constructed quality materials fit, reasonably conservative classy many occasions. I mean ""going wedding"" royal stuff -- mean every day stuff wears rest time. Surely way build quality clothing closet professional adult years 35+ without paying $2000 skirt. Men seem problem always hire tailor sew closet, tailor talked women. Alterations only. Brands like Ann Taylor seem nail style, everything brown, white, black navy. Where's color? everyone writes disappointing quality is. found quality brand that's classy says, ""I adulting"", list here! start: \-- Softstarshoes.com \- made USA leather zero-drop shoes athletic semi-formal, variety custom color fit options. \-- Aran.com sweaters - excellent materials wide selection wool sweaters, iconic place fashion history \-- Levi.com jeans - especially numbered models endure season season can shop waist, length, curve \-- Heartmycloset.com \- custom tailor statement suit-like pieces haven't tried concept seems legit","femalefashionadvice","fashion"
"Outfit day fell love outfit have! little matchy matchy like it. also plan wearing shorts solid black tank and/or top solid black shorts.","fashion","fashion"
"dress? + Accessories! Going cute summer wedding, need help picking dress! know lot people will-be wearing light, pastel colors Iâ€™m thinking last one? also comes scarf move around/accessorize with. think others super cute too. Ideas earrings shoes much appreciated The shoes Iâ€™m wearing last dress idea atm Ty!","fashion","fashion"
"Dress 1,2, 3 â€œDress Impressâ€ fashion show? Please help! wear dress 1 vintage white black roses matching wrap, dress 2 vintage sequin midi dress, 3 vintage one shoulder maxi dress sash back rhinestone brooch shoulder? help greatly appreciated!","fashion","fashion"
"can't decide styles like awesome sequin skirt. one? Also first option pink silky blouse would wear bra obviously. Maybe like little white lace one instead.","fashion","fashion"
"think everyday fashion sense? wearing style quite time now, point seeking outside perspective. regular, go-to look, sure best choice anymore lol. feedback suggestions would greatly appreciated","fashion","fashion"
"dress makes feel like take world dress H&M. feel confident beautiful wearing ğŸ˜Š","fashion","fashion"
"Love jeans, outfit feel heavy summer? Would love ideas make outfit summer appropriate!","fashion","fashion"
"okay 2 belt buckles olln one belt? picture 2 belts like put together order create offhang left. belts short make offhang one120cm, creative. tops wear likely cover belt , visible. Even tho, still bugging me. okay wear?","fashion","fashion"
"Vegas outfit advice 37F going Vegas dress saved thought fun, little comfort zone due plunging chest. question style this? kind shoes? definitely can't wear heels walking around Vegas maybe sandals sort? Also, style hair? Thank advance ğŸ™ğŸ»","fashion","fashion"
"Lovinâ€™ San Fran - Shirt: Vans - Pants: WULFUL Menâ€™s Ripped Jeans Amazon - Shoes: New Balance 9060 â€˜Blue Oasisâ€™","fashion","fashion"
"would style dress? dress grandmother's old wardrobe. swing dress spaghetti straps. never figure style would love suggestions. huge fan 50's fashion but, something feels styled photo.","fashion","fashion"
"color tie goes well Air Force blue color suit? Iâ€™m wearing red bottoms white undershirt","malefashionadvice","fashion"
"Middle Tier vs Luxury Tier Loafers Hi All, looking input someone owned/worn would call middle tier priced e.g., AE $400 ish vs luxury tier e.g., Gucci Ferragamo $1000ish penny loafers. market new pair never purchased expensive AE. used swear AE feel like quality years ago wondering people made upgrade think worth or not. Thanks input!","malefashionadvice","fashion"
"Work Wear Casual Wear Hi all! First post unsure supposed post answered before! anyone enjoys work type outfits outside work everyday style!? sometimes feel Iâ€™d judged wearing smart work trousers blouse casual outfit outside work! wondering thereâ€™s anyone else also enjoys tips making outfits casual â€˜everydayâ€™!? Thank much â˜ºï¸","femalefashionadvice","fashion"
"Sprezzatura women Hello! interested concept ""Sprezzatura"" while, general attitude specifically fashion aesthetic. unfamiliar, basically means kind artful carelessness/effortlessness. men's fashion, see lot traditional tailored pieces styled bit slouchy paired sneakers interesting textures, patterns, casual/ scruffy elements, etc. look pictures, think look familiar many. keep thinking though, would love thoughts on, fashion aesthetic look like women. Searching ""Sprezzatura women"", mostly see women wearing menswear styling way mentioned above. say feminine looks bad, using traditional lines pieces menswear. far tell, there's nothing Sprezzatura says start suit collared button-down. curious watch Sprezzatura women could look like started traditional women's wear. achieve easy hi-low effortlessness without menswear foundation. guys think? style references images could share topic?","femalefashionadvice","fashion"
"talk fashion literally helped reconnect rough patch?â€ longest time surviving oversized tees â€˜mehâ€™ everything. randomly got set felt soft intentional, suddenly remembered felt like care myself. others. Justâ€¦ me. anyone else felt shift clothes survival something healing?","femalefashionadvice","fashion"
"Updating wardrobe scarcity mindset Hope addressed sidebar. 30F grew financially insecure, entire wardrobe thrifted hand-me-down. gave mentality making sure wore every article clothing death/past point donation. Overall, happy impacted approach shopping- see clothing disposable, understand waste microtrends financial wellbeing + environment, good caring things last years think forever 21 top purchased 2015 threw last year. still thrift buy secondhand, shop primarily sale section. pretty intense aversion paying full price anything, something wanted year. working ten years, built wardrobe items individually like lack cohesion, unwilling part items bought new / paid good money them. landed place clothing looks nice, feel bit dated. get wrong, love getting older, think trick anyone thinking 23 wearing baggy low rise jeans, like style evolve times. One guides subreddit talks buying cheap version something springing expensive version, environmental cost fast fashion, prefer money spent companies ethical. So: try out/incorporate new styles wardrobe without breaking bank? get sunk cost fallacy seem clothing? try rental service? Thanks","femalefashionadvice","fashion"
"fit me? May 04 2025 Canâ€™t figure certain outfit doesnâ€™t work stumped flattering you?","femalefashionadvice","fashion"
"buy real luxury jewelry vs dupe? hi everyone! wondering guys ever consider buying dupe legitimate piece jewelry? example, considering buying bracelet cartier, heard service best ie: repairs maintenance really care gold content + style thinking buying dupe jeweler... anyone else done same, why? service/any benefit get buying original place ever outweigh financial savings?","femalefashionadvice","fashion"
"learning sag pants blend straighties, workin yet matchin fit w fiance last week","fashion","fashion"
"SuitSupply Sizing anyone know measurements 38S jacket SuitSupply? Thanks!","malefashionadvice","fashion"
"SAGE MODE SHOES get many compliments Naruto Jordans one favorite pairs rock ğŸ”¥ğŸ”¥ğŸ”¥ Hat- custom upongodly Shirt- LRG Shorts - Levi's Watch- Invicta Shoes - Jordan Naruto Kyuubis","SneakerFits","fashion"
"Seeing Green - Shirt: Fashion Nova - Pants: WULFUL Men's Slim Fit Skinny Jeans - Shoes: Nike Jordan 1 Mid SE 'Elephant Print'","SneakerFits","fashion"
"Washed up. - Noble North logo fitted Noble North - Oversized boxy tee Fashion Nova - Shorts Original Use - Jean-Michel Basquiat socks Stance - Reebok Shaqnosis (2013)","SneakerFits","fashion"
"Nike Blazer Mid 77 Vintage alabaster prob favorite beaters bc theyâ€™re vers.","SneakerFits","fashion"
"Howâ€™d styling these?","SneakerFits","fashion"
"rocking? good year sneakers","SneakerFits","fashion"
"Air Jordan Seasion Third pair Jordan Sessionâ€™s ğŸ¤·ğŸ¾â€â™‚ï¸. Swapped different set laces time tho.","SneakerFits","fashion"
"Trail Ends - Polo Ralph Lauren Teal Tropical Print - H&M Brown Chinos - Trail End Brown Dunk Low SBâ€™s","SneakerFits","fashion"
"Nike day ğŸ˜ŠAir Force 1","SneakerFits","fashion"
"British khaki 6s Brown pair good like ğŸ”¥","SneakerFits","fashion"
"Going tonight first fit check.. Paper airplane hat, Rhude shorts, Jordan 10s (2025), white t-shirt","SneakerFits","fashion"
"fresh fit friday ğŸ”¥ post favorite sneaker fits","SneakerFits","fashion"
"Thoughts styling Brick 4sâ€¦ match? baggy pants REQUIRED? Lmao Obviously real question wear what/how like! Ik do! ğŸ˜","SneakerFits","fashion"
"Another walk around block, another fit Hat: Shirt Farm Chain: GLD Cuban Link Shirt: Shirt Farm Shorts: RF Wear Socks: Apthcry Sneakers: New Balance 990v6 Magenta","SneakerFits","fashion"
"Canâ€™t go wrong classic high top converses Concert fitâ˜ºï¸ Thrifted Miller High Life button snatched $8.","SneakerFits","fashion"
"Wearing sneakers putting together outfits made excited get walk. 20lbs 75 days! Hat: Apthcry Pretty Much Broke blue Chain: Imperium Cuban Link silver 5mm Shirt: Shirt Farm Mario Kart Shorts: RF Wear mesh navy Socks: Apthcry 3M lightning bolt Sneakers: Puma RS Dreamer Mario 64","SneakerFits","fashion"
"looking today? 2016 > reimagined store kicks right & actually wear theyâ€™ll fine. got storage. Maybe 8th time wearing since purchase","SneakerFits","fashion"
"2099 A.D M.A.D Spider Man 2099 tee, Ralph Lauren Polo selvedge jeans, corduroy Cubs cap Topperz Rare Air 3s","SneakerFits","fashion"
"Taco Tuesday Santa Monicaâ€¦ ILY Mom dad hatâ€¦ Nike tech hoodieâ€¦ Jordan Essentials Tâ€¦ champs cargo pantsâ€¦ air Jordan 12 flu games","SneakerFits","fashion"
"Disney World - Shirt: Grizzly - Pants: Amazon - Shoes: Nike Air Max 95 'Triple White'","SneakerFits","fashion"
"Jordan 1 Retro High OG â€˜Skylineâ€™ missed original drop back â€˜23 scouring usual resale sites pair size, box,in great condition. FINALLY Depop came $55. Shirt clearance Abercrombie menâ€™s section $12.","SneakerFits","fashion"
" Tee Forever 21 - Slutty Boy shorts SHEIN - Keith Haring socks Urban Outfitters - Nike Air Force 1 High â€˜Varsity Purpleâ€™ (2015)","SneakerFits","fashion"
"head outâ€¦ Nike bucket hatâ€¦ bogincan mike jack shirtâ€¦ Nike hoochie daddies lolâ€¦. Stance thriller Soxâ€¦. Air Jordan 4 white cement","SneakerFits","fashion"
"Leviâ€™s AM95 First wear these. Ya know Leviâ€™s dude get least one pair 95â€™s. ended grabbing @notre drop date, walked prob! pair, ended fraying edges give little character, mean thatâ€™s youâ€™re supposed denim anyway. also swapped red/black stripes laces, felt like give selvedge feel. Oh, @levis socks course. Gotta love random sock purchases make sense later on!","SneakerFits","fashion"
"2018 adidas BW Army Chill Sunday.","SneakerFits","fashion"
"redneck dad outfit","SneakerFits","fashion"
"Tried sleeveless shirt thing . Wasnâ€™t really","SneakerFits","fashion"
"Minty fresh Kept simple fit kicks could get love!","SneakerFits","fashion"
"tired HOT - Shirt: Run Mesh Jersey FashionNova - Pants: Marshall's Outlet Store - Shoes: Nike Dunk Low 'Volt'","SneakerFits","fashion"
"Jordan 2 x Union LA ""Grey Fog"" Vintage Stussy skulls tee, Black Diamond shorts, Jordan 2 x Union LA ""Grey Fog"" trying put outfit together Jordan 2s longest never found anything looked right, think finally found something halfway decent! y'all think fit? ğŸ”¥ ğŸ—‘ï¸?","SneakerFits","fashion"
"Hot day ready! Air Jordan 6 â€œUNCâ€, Vintage â€œGoodie Mobbâ€ tee","SneakerFits","fashion"
"think?? like lotğŸ˜ supreme cap airpods pro max stussy vintage hoodie vintage detroit carhartt jacket baggy jorts vans x bianca chandon","SneakerFits","fashion"
"MJ tank top w/ red cargos & AJ3 Hall Fameâ€™s aka Katrinas Another â€œUnc Fitâ€ ğŸ˜€","SneakerFits","fashion"
"Sinner. - Hat: Neon Green Carhartt - Shirt: Fashion Nova - Pants: Fashion Nova - Shoes: Puma RS-X 'Galaxy'","SneakerFits","fashion"
"Cave Stones Real Trees Thrifted real tree tee, NovaMen waxed cargos unreleased Cave Stone 4s","SneakerFits","fashion"
"Air Jordan Session Air Jordan Session today. Love shoes!","SneakerFits","fashion"
"Nike Air Jordan 2 'Maison Chateau Rouge'","SneakerFits","fashion"
"Haleyâ€™s Think might swap blue laces next time. Cookies x Rolling Stones shirt, Varvados shades hate shades light.","SneakerFits","fashion"
"Nuthin G Thang Dre Snoop Rolling Stone tee, thrifted cargos, Bengals cap Reverse Mocha Travis Scotts","SneakerFits","fashion"
"Nike Clogposite Cozy Sunday fit","SneakerFits","fashion"
"Yup, white tee! Wearing: ISO x New Era Flight Cap VIntage ALpina M1 Sunglasses USLU Airlines x Nike Air Force 1","SneakerFits","fashion"
"Cheetaras Thundercats jam growing puma killing CollabğŸ”¥ Shirt- cheetara custom Shorts - Levi's Shoes- puma Ã— thundercats Cheetaras Watch- Invicta graffiti series","SneakerFits","fashion"
"W L? fit months ago wear lobsters anymore sell them, maybe future try take better photo background matches fitğŸ˜ t-shirt travis utopia super baggy jeans dunk sb lobster","SneakerFits","fashion"
"â€˜96 Olympics Fit âœ¨ ğŸ§¢: Hat Club Atlanta Braves â€˜96 Olympics ğŸ‘•: Vintage â€˜96 Olympics ğŸ©³: Adidas Climacool ğŸ‘Ÿ: Adidas Trae Young 1 â€˜96 Olympics","SneakerFits","fashion"
"Air Force 1 Low â€œObsidian Gumâ€ Cap: Rocnation - Paper Planesâ€, Shirt: Success Nutrition Facts, Pants: Leviâ€™s 501, Shoes: Air Force 1 Low â€œObsidian Gumâ€","SneakerFits","fashion"
"Air Jordan 3 SE â€œUniteâ€ ğŸ§¢ Rock Nation â€œPaper Planesâ€ ğŸ‘• Nike Tee ğŸ©³ Cargo H&M ğŸ‘Ÿ Air Jordan 3 SE â€œUniteâ€","SneakerFits","fashion"
"Good shirt day shirt funny me.","SneakerFits","fashion"
"feeling blue Sunglasses - Shien Shirt - Shien Jeans - H&M Sneakers - Jordan 1 High 'UNC Reimagined'","SneakerFits","fashion"
"First attempt building fit around NY vs NY Crimson Pulse AF1s. Wrinkled cuz took everything package excited try lol. Still sure laces go with, although white looks nice already.","SneakerFits","fashion"
"Winnipeg Jets Fitted & Jordan 5 â€˜Alternate Bel-Airâ€™ Winnipeg Jets Fitted SoFreshClothing Still Tippinâ€™ Tee FeelsSoGood Leviâ€™s 559 Jeans Jordan 5 Retro â€˜Alternate Bel-Airâ€™","SneakerFits","fashion"
"Nike Footscape Cozy Monday","SneakerFits","fashion"
"Sunday. - Bronx fitted hat 4ucaps - Shirt Fashion Nova - Leviâ€™s XX cargo pants - Nike Air Force 1 Low â€˜Linensâ€™ (2024)","SneakerFits","fashion"
"Grape 5s ğŸ‡ humid raining alot recently havnt chance wear out. Finally got dry day take advantage! Really love feel feet. Super comfortable Jordans. give shine watch tooâ„ï¸!","SneakerFits","fashion"
"Cave Stone Kaws Kaws Uniqlo tee, thrifted Warngler cargos, Money Mariners cap good friend Ty Mathis early pair Cave Stone 4s","SneakerFits","fashion"
"Letting day unfold ğŸƒ ğŸ© supreme x taboo! ğŸ‘• Leviâ€™s ğŸ‘– Leviâ€™s ğŸ‘Ÿ Nike Flyknit Racer","SneakerFits","fashion"
"found perfect tee shattered backboard fits ğŸ”¥","SneakerFits","fashion"
"Beautiful day Rare. Dodgers snapback, Tyla vintage tee, vintage carpenter shorts, Air Jordan 1 Rare Air.","SneakerFits","fashion"
"San Diego Completed âœ”ï¸ - Hat: Carhartt - Shirt: Ellesse - Pants: PacSun - Shoes: Nike Dunk Low Retro â€˜Harlem Globetrottersâ€™","SneakerFits","fashion"
"Fit check?? looking like ?","SneakerFits","fashion"
"Went deep closet find Sneakerhead problems forgot gems packed away.","SneakerFits","fashion"
"A-Town Brown Amongst Others tee, thrifted cargos, Braves cap Sneakertown Travis Scott Mocha lows","SneakerFits","fashion"
"Lurking night Shoes: Air jordan 5 reimagined black/metallic Pants: Gap patchwork cargo pants Vest: Carhartt grey utility rain repellent vest Gloves: Mechanix gloves original red Shirt: Uniqlo U oversized tee mauve","SneakerFits","fashion"
"Dream. - Day Dead Sugar Skull fitted hat eCapCity - Houston Rockets Hakeem Olajuwon authentic jersey Mitchell Ness - Leviâ€™s denim shorts - Nike Air Force 1 High â€˜Sheedâ€™ (2019)","SneakerFits","fashion"
"New Balance 2002R â€œRain Cloudâ€ One favorite shoes rereleased time double up!","SneakerFits","fashion"
"Adidas ZX8000 Leviâ€™s shirt. Leviâ€™s shorts. ZX8000.","SneakerFits","fashion"
"Tribute Trunks Primitive Trunks tee, thrifted cargo pants thrifted CPFM Vapormaxes","SneakerFits","fashion"
"slight first post Polo hat x corner sto arab x nike sweat shorts x jade horizon 5s","SneakerFits","fashion"
"loud shortsâœ… loud shoesâœ… Union LA x Jordan 4 â€œOff Noirâ€","SneakerFits","fashion"
"Day 36: Really love colors shirt. AM1 86 Big Bubble.","SneakerFits","fashion"
"dressed like Iâ€™m going campfire accidentally ended all-star weekendğŸ”¥ğŸ€","SneakerFits","fashion"
"Banska Bystrica ğŸ‡¸ğŸ‡° Breakdance camp! Thrifted vintage Primitive shirt Loiter Cargoes Nike Dunk Low â€œBlack Canvasâ€","SneakerFits","fashion"
"Taco Tamales Festival ğŸ§¢ New Era White Sox ğŸ‘• Grail Tee ğŸ‘– Eddie Bauer Joggers ğŸ‘Ÿ Air Force 1 07 LV8 COD","SneakerFits","fashion"
"2000s kicks ğŸ¤ 2000s fit Make Jordan 10s great ğŸ’¯ Jordan 10 â€œLinenâ€","SneakerFits","fashion"
"suggestions mens ring designs gem welcome. Amethyst, black tourmaline, agates peridot put aside rings. want silver setting hand made rings. share images/videos set stones self.","jewelry","fashion"
"possible fix dented sterling silver? bought earrings recently, unfortunately got damaged shipping. earring right got dented looks like sinking itself. wondering could fix somehow. construction seems hollow, bottom completely flat.","jewelry","fashion"
"Salvageable? many years Iâ€™ve thought garnet necklace reason. main stones actually blue. blue glass? want fix necklace, would possible find right stones replace missing ones?","jewelry","fashion"
"Morganite (vintage?) light pink morganite ring, itâ€™s even brilliant white sapphire love clear looks. Would love see morganites too!","jewelry","fashion"
"Urgent help â€¼ï¸â€¼ï¸ made terrible mistake. cleaning gold jewelry Connoisseurs Fine Jewelry Cleaner threw there. shine gone. earring isnâ€™t made gold. looks sad lumpy compared sister shines bright bright sheâ€™s gorgeous sheâ€™ll never stop. ruined them. aunt gave island went to. Someone. Anyone. Please help me. noticed posts real gold jewelry figured Iâ€™d give shot ask advice fix baby. looks like paint rubbed something happened material earrings made of. tips appreciated. Thank you.","jewelry","fashion"
"late mothers silver ring Iâ€™ve since passed 2003. Unsure got ring is! initials heart are. love ring much ğŸ˜ ideas? born 73.","jewelry","fashion"
"daily rings :) Almost James Avery, southern girls know whatâ€™s","jewelry","fashion"
"safe buy gold rings etsy? iâ€™m looking buy ring. personally idc ruby real (ik probably sounds bad) want make sure itâ€™s actually 14k gold. guys think itâ€™s really 14k gold? lot good reviews. donâ€™t want turn finger green. attached link","jewelry","fashion"
"melt new Necklace, Ring Pendant? 20 grams 18k,14k,10k miscellaneous peices dont fit me/are style","jewelry","fashion"
"Need information Hi everyone. given bracelet today wondering anyone could tell itâ€™s real silver & turquoise tell? Neither cuff turquoise part magnetic itâ€™s heavy little weight itâ€¦.its light. markings donâ€™t know means anything since itâ€™s old. Itâ€™s least 40 years old. Thank advance.","jewelry","fashion"
"anyone tell anything necklace? bought necklace inexpensively thrift store yesterday. love sweetness simple design. wondering white part design. look like sort enamel? think gold gold plated, gold colored? gold colored chain feels heavy solid size. small metal tag near clasp says Chr. Dior copyright symbol. know Dior made costume type jewelry expensive jewelry donâ€™t imagine found something terribly valuable $20 paid, probably lots counterfeit copies expensive jewelry. like necklace appearance curious anyone might know anything itâ€™s made maybe made. Thank you!ğŸŒ¸","jewelry","fashion"
"Ruby Pendants Hoping everyoneâ€™s great day. wanted share couple pendants recently finished. always admired antique/vintage jewelry wanted create simple pieces reflect older styles. guy passion jewelry, goal achieve elegant simplicity thatâ€™s suitable ages genders. pendants .925 silver rubies roughly 5.5 carats. emerald cut synthetic ruby really love longer styler thought would make unique pendant. quite sure regarding origin cabochon purchased Thai dealer - chose really fond displays rubyâ€™s internal features. Thank stopping best wishes!","jewelry","fashion"
"favorite peyote stitch bracelets beaded peyote stitch bracelets. used high quality size 11 Miyuki Delicas double stringed fireline thread.","jewelry","fashion"
"Advice jewelry birthday gift myself? Hello, plan gift classic jewelry piece budget 10~13kâ‚¬. would recommend ? Daily wear rose gold love van cleef rose guilloche one wrist 1. Cartier panther watch white gold diamonds Juc small diamonds 2. Bulgari Serpenti diamonds rose gold 3. Juc classic diamonds want something diamonds donâ€™t yet watch (Iâ€™d prefer Rolex hard get).","jewelry","fashion"
"way smooth threading earrings? recently bought earrings threaded backs. pairs past threading maybe quarter end post, smooth part actually sits inside piercing. So, mildly irritating put on, leave weeks comfortable. new pairs threaded whole length post quite irritating piercings. purchased online hassle return them. Would jeweler able solve this?","jewelry","fashion"
"Gifted Opal pendant mother gifted opal pendant set 14k gold bought +20 years ago. ideas type opal set, style/era pendant? personally love vintage looks, sure even vintage style!","jewelry","fashion"
"great grandmother's ring ğŸ¥° got back resized/getting missing diamond replaced LOVE it! thought wanted plain gold band work hands lot really love pop glimmer kind strange shape. Plus, diamonds seated lower gold ""rope"" careful ring","jewelry","fashion"
"Looking buy .925 silver pendant anyone know online places buy legitimate .925 silver jewelry?","jewelry","fashion"
"got two necklaces - layer wear separately? ğŸ¤” Hey everyone! recently bought two necklaces online jewelry store (both colorful zircon stones white moissanites), Iâ€™m obsessed! canâ€™t decideâ€”should layer together wear different looks? dilemma: layer them, look busy? right amount extra? Separately, theyâ€™re super versatile, stacking feels fun unique.","jewelry","fashion"
"Help identify ring found ring old jewelry box donâ€™t remember buying it, help identify could come from?","jewelry","fashion"
"jewelry get Dings (stainless steel Mjolner Necklace)","jewelry","fashion"
"get gold jewelry guys get good quality gold jewelry? expensive, need full refresh collection. Ships Canada please :))","jewelry","fashion"
"convert earring backs? pairs earrings butterfly backings Iâ€™d love get converted flatbacks sleep earrings find much comfortable pokey kind. much expect pay sort thing, since earrings 14/18k? go jeweler? process even work? recent purchases Iâ€™m able contact maker, inherited.","jewelry","fashion"
"want know necklace mom passed away beautiful necklace wanted know came everything like gems three gems meaning them???","jewelry","fashion"
"Unoaerre 925 Belcher bracelet (gold plating?) acquired bracelet auction. cannot seem find much information it. 925 Hallmark Unoaerre well 1*AR. know Unoaerre old brand began 1926. loss gold plated seems wearing off. anyone help light piece give approximate value? Thank you!","jewelry","fashion"
"Found necklace yard today. knew silver rusted, sterling digging still exciting. still caked clay.","jewelry","fashion"
"Retipped prongs covering much gem One stone fell ring years ago, bought replacement gem mineral show (didnâ€™t notice color time didnâ€™t exactly match thatâ€™s ok). finally got around bring jeweler. said prongs missing gem needed retipped gem would fall again. went pick repaired ring today, retipped prongs noticeably larger prongs theyâ€™re covering lot area gem. donâ€™t think bigger prongs good solution keep small gems secure. think?","jewelry","fashion"
"Stone Missing Setting (and piece heart it) ğŸ˜¤ one favorite silver rings own. super expensive, sentimental value. little oval cut smoky quartz missing setting, beginner jewelry collector wondering would even make sense try get another stone fitted bezel. like band enough try, would worth cost-wise get jeweler replace stone? Opinions education welcome!","jewelry","fashion"
"anyone identify hallmark jewelry? says EA 925 HK 925 silver, Iâ€™m sure 2 signatures â€œEAâ€ â€œHKâ€. one makerâ€™s mark?","jewelry","fashion"
"keep ruby pendant simple try redesign it? small ruby pendant made ago. simple perfect, kind like rough look. debating - leave as-is minimal vibe, try redesign something fancier? would yours? Would love hear ideas!","jewelry","fashion"
"Signet? Ring? ring called anyone identify initials? Canâ€™t tell itâ€™s upside rights side up!","jewelry","fashion"
"someone tell Hermes H bracelet? info truly Hermes?","jewelry","fashion"
"ordered Seabones Charm Necklace seeing Haley Trahan's Necklace Ryan's 50 state adventure.. thoughts? avid fan gold jewelry - pieces pretty expensive (David Yurman, Cartier, gold Pandora items) saw Haley's necklace 50 states series Ryan thought luxury jewelry seeing wear hot tubs, swimming, sweating, etc. purchased 7 charm necklace found 10% coupon make $100. Received short 2 weeks placed order. okay. website show relative sizes charms, weights, there's bit guessing game. view options selecting small, med, large, set advice distribute charms. Upon checkout, ask want give creator freedom rearrange. Probably worth doing, since can't get accurate preview. necklace arrived safe sound designer, would say Sea Bones could use facelift packaging. box match packaging inside. necklace extremely lightweight relative true gold, charms tone yellow/brassy real deal. tried pairing Yurman pendant obvious color difference. least favorite bit necklace center locket - flimsy, size makes fake gold tone quite obvious. Long story long, plan wearing it, bad piece $98, would lot less heart broken lost $4k Yurman necklace, expecting something little quality seeing Haley's!","jewelry","fashion"
"Pricing Trying gauge people paying 14kt jewelry retail days. stones high end jewelry brands adding additional markup, would pay retail 14kt price per gram approximate $3300/gold environment, regular local jeweler. Thanks","jewelry","fashion"
"14k yellow gold bracelet turned rose gold, why? it? happen? cleaned? normal 14k gold?","jewelry","fashion"
"Made hand hammered antler pendant necklace","jewelry","fashion"
"925 silver jewelry","jewelry","fashion"
"wear jewellery always feel like much look silly see people wear stacks looks great natural. head? ppl suit lot jewellery?","jewelry","fashion"
"Anyone recognise Markers mark? Hi All, Purchased ring today Op-shop Australia. Recognise stamp ""STG SIL"" sterling silver can't seem find clues uncovering identity ""CASIL"" makers mark? Hoping someone might leads insight Maker bonus points help nail stone type. Thanks advance help!","jewelry","fashion"
"Devestated misplaced earring. Looking opinions remaining stone. Hi weeks back, noticed missing one earrings. simple princess cut diamond stud. set belonged grandmother, gave still alive. Iâ€™ve worn earrings every day better part 20-25 years. Iâ€™m absolutely crushed one gone. plan replacing new set (most likely lab grown set rare carat), something grandmaâ€™s really upsets me. still one them. doesnâ€™t feel right wearing one, Iâ€™m looking something stone. jewelry wear wedding ring necklace [This necklace exact.]( first thought sort necklace pendant diamond, kids birthstones (February December) searching around designs really spoke me. looking anyone ideas maybe havenâ€™t thought yet? Thanks advance ideas :)","jewelry","fashion"
"Best metal ""universal"" pendants? hoping find advice pendant link put silver gold chain, put pendant without risking damage? pendants different metals copper, brass, bronze, zinc, tombak, silver, gold, steel, titanium, platinum, wanted know metal would best damage various metals well chains?","jewelry","fashion"
"find good quality lightning bolt earring? So, want earring like image (sorry bad quality, best could find), gold. problem is, never bought jewelry online really know sites good safe, would take recommendations. Budget really problem, long good quality product.","jewelry","fashion"
"10k gold chain genuine pearls anklet fashion jewelry toe rings Anklet gift someone special toe rings ordered Amazon ğŸ«¶ğŸ¼","jewelry","fashion"
"Found ring, symbol mean anything design","jewelry","fashion"
"Need help ring size bought friend ring size 10 said bit loose. Now, im planning buy im sure buy size 8 size 9! wore index finger thatâ€™s fits still kinda loose much. help!!! TYIA","jewelry","fashion"
".999 silver/garnet chain .999 silver. vintage chain. pendant 925 silver, holding beautiful spressertine red/orange color change garnet. 9.73 carats oval cut.","jewelry","fashion"
"Mejuri Iâ€™m seeing negative comments mejuri, sleep deprived walked one stores spent little $300 3 rings, sterling silver one 14k white gold, knowing facts mejuri return find jewelry suited wearing every day lots lots hand washing? accept fate deal consequences. bought week ago, think weeks itâ€™s final purchase.","jewelry","fashion"
"Johnny saint studio anyone got jewelry know legit sell real gold looking pendant chain 14k yellow gold sure price right without chain would 1,080.00","jewelry","fashion"
"Trying find aesthetic rings jewelry usually see designs cheaper sites reviews always saying quality poor. higher end better quality brand sells rings like this?","jewelry","fashion"
"Turquoise ring bracelet Navajo reservation visited Arizona tiara ring Pandora one ring finder gift.","jewelry","fashion"
"Tanzanite rings purchased two Tanzanite gems, 13.2 ct 6.8 ct. made 18k rings Bangkok. thoughts?","jewelry","fashion"
