"first time ordered app. normal see bunch cookies apart weekly lineup?","CrumblCookies","food"
"best barbecue Houston Greater Houston enjoying new era smoked meat supremacy, making it, perhaps, new capital Texas barbecue. best BBQ places Houston.","houston","food"
"favorite recipes sneak veggies? son wouldn‚Äôt even eat broccoli cheesy pasta sauce. regularly picks vegetables. won‚Äôt even eat potatoes. often sneak veg yogurt smoothies make. recipes ways get toddlers eat veggies?","foodbutforbabies","food"
"mac cheese become soul food staple Title says - know mac cheese whatever variation hundreds years old. curious specific reason became popular US South amongst Black Americans particular","AskFoodHistorians","food"
"lunch Wegovy? I‚Äôm curious others eat lunch. I‚Äôm usually hungry/nothing sounds good forget eat I‚Äôm work.. I‚Äôve getting headaches doctor told make sure eat lunch, even I‚Äôm hungry, help. I‚Äôve found low calorie/high protein soup recipes might try reheat work.. maybe protein bar.. anyway, I‚Äôd love hear others do. Thanks!","WegovyWeightLoss","food"
"Pur√©e recipe took fat free refried beans, chicken stock, egg, salsa fat free mozzarella. Blended all, topped cheese Cajun seasoning. Baked 20 mins - came amazing! beans fluffy flavor mmmmmmmagical.","GastricBypass","food"
"Pickled jalape√±o brine thick? Last summer canned pickled jalape√±os made freaking delicious. However 2 months fridge last brine gotten thick, similar simple syrup. sugar recipe, certainly enough make thick. thoughts may happen?","fermentation","food"
"Decorated sugar cookies find graduation themed decorated sugar cookies? I‚Äôve ordered custom ones online time need couple cookies need somewhere local. Thanks help!","FoodLosAngeles","food"
"Can't Miss Spots Traditional Foods?? Hello! Seville days end next week looking try traditional, can't miss Sevillan foods.. far, gotten rec bar alfafa try carrillada de cerdo looking see anywhere else go. Emphasis traditional! thank much :","Seville","food"
"sour oranges? years seeing recipes say 'this dish traditionally made sour oranges, hard find U.S. markets, substitute...' bought sour oranges in New York's illustrious Western Beef market specific plan them. like discover makes distinctive special. recipes benefit form using real thing? favorite sour orange-centric dishes? Update: decided use four sour oranges make mojo sauce, per someone's recommendation. Cutting them, discovered thick pith, plus abundance largish seeds took much internal volume fruit. Total juice yield disappointing 1/4 cup.","seriouseats","food"
"Stella Parks skillet cookie using BraveTart dough know Parks skillet chocolate chip cookie recipe. I‚Äôm wondering anyone attempted use chopped chocolate chip recipe with browned butter skillet pan. results?","seriouseats","food"
"Serious eats general Tao chicken I‚Äôve made many times identical recipe seem get better time","seriouseats","food"
"quest perfect Neapolitan Pizza Home Serious Eats Recipe Alright everyone, finally took plunge tried making Neapolitan pizza home using Serious Eats recipe, like. Figured share experience, since definitely journey! decided go . seemed straightforward enough, let tell you, getting dough right first hurdle. think biggest mistake initially patient enough proofing process, tbh. first batch DISASTER - dense airy. hmm, second time around, let proof properly, huge difference. Still perfect, way better, tbh. Oven spring also challenge. fancy pizza oven practiced lot. Also, overload pizza toppings! Less definitely comes Neapolitan pizza. Overall, fun rewarding experience. pizzas perfect, delicious, learned ton. anyone else tried recipe? tips tricks like share?","seriouseats","food"
"First time eating Cinnamon 16 years, get?[text] tested positive allergic Cinnamon 10. recently got retested found I‚Äôm longer allergic. Idk eat first time long. kinda want honey bun","food","food"
"anyone Wok Mon? got one can't figure set up! Hi, bought Wokmon featured Serious Eats article, dumb know install üò≠ know put legs, black rubber feet stay place as in, stick stovetop metal legs themselves. ratings like A+ everywhere online, got user error. need help! Please note video MONETIZED way- literally unlisted, including picture worth thousand words! also saw rules supposed include link, üòä nice person looking troubleshooting, promise mean best","seriouseats","food"
"Made Ramp Pancakes Using Kenji‚Äôs Scallion Pancake Recipe Picked ramps farmers market decided experiment subbing place scallions ramp pancakes. Turned great! think Serious Eats recipe great one. Next time might try dividing dough 6 pieces instead 4 though. also probably overstuffed em ramps regrets. Also char siu using Woks Life recipe solid - made perfect bite together.","seriouseats","food"
"pan fry grilled adobo pork chops using marinade? Thinking making dinner week, grill. wondering pan fry vinegar marinade affect taste/cook? Making side garlic fried rice. Thanks help! Alternative ideas welcome well!","seriouseats","food"
"Kenji‚Äôs blanched asparagus homemade mayo 1 first time successful making homemade mayo. used Pyrex measuring cup container, immersion blender, these: 1 egg, cup oil mostly avocado, 1 garlic clove, one tsp Dijon mustard, 3/4 juice lemon, salt, pepper. key putting non oil ingredients first making sure ingredients higher head blender. Then, started blender poured oil slowly cup. emulsified quickly. added water end thin bit. 2 purple asparagus sale today grocery store. cut rough ends peeled ends. blanched boiling water put ice bath after. went two half minutes, lot purple went away - think Kenji says minute half, say three minutes. probably done two. 3 Sprinkled salt asparagus mayo served","seriouseats","food"
"Favorite recipe quick meal? love recipes time consuming. favorite go recipe?","seriouseats","food"
"Chef Master canister compatibility like buy Chef Master 15000 btu cook wok. website says use one specific canister Chef Master 90340 BF-1010 Butane Fuel, one brand.   they say canister ""can used almost butane power camping portable stove"" use canister portable stove specific reason commercial one I would trouble buying one? anyone use different canisters?","seriouseats","food"
"Chocolate chip cookies. tasty, super thin Aged dough 3 nights. it‚Äôs worth baked mine one tray middle oven opposed original recipe‚Äôs rotate halfway through. really liked cookies thin. Anyone else similar results?","seriouseats","food"
"favorite way feed crowd? group ~20 feed next week. mix early teens adults. favorite crowd pleaser? last time made waste carnitas salsa verde, thought would great options large group. I‚Äôd like entertain ideas","seriouseats","food"
"Kenji‚Äôs lasagna made Kenji‚Äôs lasagna yesterday. first time making lasagna kind always trusted Kenji delivered. Family liked outcome quite proud myself. question is, final decision product mostly tasted pasta, ricotta meet sauce. didn‚Äôt see bechamel much. seen sauce serve different purpose? something wrong?","seriouseats","food"
"How'd Do... Kenji's Ragu alla Bolognese think tastes amazing might ""I cooked it"" blindness making objective. ""Italian"" roommate by way Long Island like says ""meat sauce supposed ground beef, onion jar off-the-shelf marinara...not whatever is""","seriouseats","food"
"Wok Weekly #113: Pork Shrimp Dumplings Backtracking bit since wanted wait make dumplings family. pretty great good amount fun make. see creative ones legit looking ones. Overall, much easier time consuming thought going be. made 40 dumplings within hour so, cook pretty quick too. think pickup bamboo steamer next try approach since son interested. think ratios bit since meat may needed salt moisture.","seriouseats","food"
"recipes boiled potato. Like plain boiled potato extra frying make sticks plain boiled potato anyways make tasty eat? wama eat healthy potatoes healthy recipes involves alot oil frying etc. boiled potato healthy I think that wanna know there's way make tasty without frying it?","seriouseats","food"
"Homemade Cheesesteak Fries Top sirloin, mushrooms, onions, habanero jack air fried French fries. Looks mess, tasted delicious.","food","food"
"Garden tagliatelle al Fresco homemade Homemade spinach tagliatelle cherry tomatoes, basil, crispy tofu, Parmesan & olive oil drizzle üòò","food","food"
"I ate Chicken 65 Chicken nuggets eat Chicken 65 Chicken nuggets üòã Al-Akbar Fast Food Corner Charminar","food","food"
"Homemade cheese stuffed pretzel bites Ingredients: 1cup 1/4cups ap flour 1/2cups warm water 1tsp yeast 1tsp salt Pinch sugar 1tbsp black sesame 1tbsp unsalted butter 3 cheese strings *soda water* 3tbsp baking soda 1L water","food","food"
"Spam Musubi homemade They‚Äôre favorite thing make planet, I‚Äôm lucky community loves them. spam cooked homemade sauce, placed bed white rice seaweed. one favorite foods growing up.","food","food"
"Lofthouse cookies Bravetart made Stella's Lofthouse cookies Bravetart also here: always winners house. slowly baking way book.","seriouseats","food"
"Nigerian Meat Pie newbie cook found Ancestry daughter like 16% Nigeria decided make dish. delicious! struggled make pastry part look pretty like picture taste yummy!","seriouseats","food"
"Pan grilled trout Hello everyone ! looking tips grilling fish, specifically pan since grill. learned much Serious Eats, game changer way cooked enjoy warm thanks anyone cook thanks you. advices ? Pre-salt fish like would meat ? Pat dry ? Thanks ! Cheers, bon app√©tit ;","seriouseats","food"
"Six-Ingredient Moroccan Biscuit Recipe Headline says five ingredients recipe calls six: semolina flour, sugar, baking powder, salt, butter, milk. instructions call semolina marked ‚Äúcourse‚Äù not ‚Äúcoarse,‚Äù would word used semolina flour package. Looks like good recipe otherwise!","seriouseats","food"
"Wok Weekly #112: Crispy Fried Pork Belly pretty good! Went smaller portion since already test like overall methodology boil, bake fry. sauce also quite tasty used remainder breakfast burritos. again, would consider better quality meat air dry instead deep fry. Overall, quite good","seriouseats","food"
"Help Stella's jelly roll made Stella's jelly roll yesterday bring picnic today. made yule log past fairly comfortable foil-cooling method rolling. success rolling test slice, light, tender, fluffy - wonderful. However, morning checked it, absorbed jam turned soggy, wet dense. happened? recipe said wrap cake plastic did, maybe have? thing think maybe foil took much outer ""skin"" cake, allowing absorb much moisture? peeled foil cake cooled, almost brown skin came foil, leaving pale yellow open crumb exposed jam. Could issue? made cranberry jam according recipe seem runny me, pretty thick chunky. Would appreciate suggestions/insight prevent happening future, delicious easy cake love make again! Pictured - swiss roll brief moment beauty ","seriouseats","food"
"Buttermilk blueberry scones made batch buttermilk blueberry scones, really buttermilk biscuits 2 tablespoons sugar blueberries added. Delish. probably add lemon zest juice next time.","seriouseats","food"
"Kewpie mayonnaise vs Kenko Mayonnaise I‚Äôm looking make Japanese potato salad weekend inspired somebody else forum here. recommended mayonnaise made Kewpie, supermarket stocks Kenko brand. much difference? never tasted either, I‚Äôve idea!","seriouseats","food"
"I ate biscoff cookie butter cheesecake bomb ice cream size small child stuffed cookie butter, whole slice cheesecake rolled biscoff cookies drizzled cookie butter...be still pancreas","food","food"
"I ate Fresh noodles chicken, tofu, mushrooms & coconut milk Cooked home. Ingredients: olive oil, red onion, fresh garlic, habanero pepper, chicken, white wine, dark soy sauce, mushrooms, coconut milk, chilli powder. Tofu prefried set aside added end avoid breaking inside sauce. Fresh cilantro added top serving. yummy","food","food"
"Homemade Persian Tahchin Morgh Chicken Tahchin Made one favorite Persian dishes last night family. Sella Basmati rice parboiled coated saffron bloomed spiced yogurt-egg mix. Baked oiled pan produce golden crispy layer outside called ""Tahdig"". Stuffed Sumac-Lime saut√©ed chicken onions topped rosewater butter infused barberries, pistachios, golden raisins.","food","food"
"Kenji‚Äôs crispy roast potato question want make Easter 4, don‚Äôt eat 5:30. recipe specifically says serve immediately. hold delicious still?","seriouseats","food"
"Wok Weekly #111: Fried Shishito Peppers Bit less exciting one, tastier thought would be. many spicy made 2 sauces dip added little. Also, never cooked always seen market interested.","seriouseats","food"
"Breakfast: Smoked haddock poached eggs sriracha, pineapple cottage cheese, avocado, roasted toms blueberries. Ginger lemon shot.","HealthyFood","food"
"Rainbow Abomination Sardine, Onion, Pepper, Tomato, Carrot, Broccoli/Radish Sprout w/ Olive Oil & Hot Sauce","HealthyFood","food"
"Black eyed pea salad shredded carrots, purple cabbage romaine lettuce. Tossed honey sesame ginger dressing.","HealthyFood","food"
"homemade First time making orange juice now. 8lbs navel oranges = almost 1/2 gallon juice hoping 1/2 gallon. least trash smells good.","food","food"
"humble spam egg mac muffin sandwich doesn‚Äôt get old me. 2 eggs partially scrambled-salt squeeze lemon-in ban Marie, 325F 25 minutes. Spam low heat pan. Trader Joe‚Äôs English muffins. Dab maple syrup buns. It‚Äôs perfect sandwich.","eatsandwiches","food"
"Leftover steak sandwich Toasted buttered sourdough, horseradish mayo, spicy brown mustard, steak, aged sharp white cheddar, red leat lettuce. Gonna good lunch work today!","eatsandwiches","food"
"Casa Della Mozzarella, ‚ÄòBurrata‚Äô Bronx, NYC Amazing Italian deli, grocery store, mozzarella maker Bronx. Well worth trip try one sandwiches house-made mozzarella. One NYC‚Äôs best!","eatsandwiches","food"
"father's recipe? father recipe fish. Whole fresh fish, removing guts bones without slicing fish. Grated onion garlic, accompanied 1 tablespoon mustard lemon season fish outside. inside fish, guts bones used be, ham, cheese, bacon. Bake 30 minutes, wrapped aluminum foil. real delicacy.","Cooking","food"
"Frozen turkey Hi all, cleaning freezer realized brought frozen turkey last year around thanksgiving . wonder long it‚Äôs good frozen. check couple Sites says good 6 months  pass marker think won‚Äôt cooking big turkey till September.do u think it‚Äôs ok frozen till fall?","Cooking","food"
"recipes use adobe seasoning for? bought Adobe organic brand seasoning chicken thighs recipe. recipes use seasoning for? I‚Äôm aiming chicken recipes, mainly drumsticks tighs. trying eat lean meats lose weight.","Cooking","food"
"feel otters watching cook trying converse you? enjoy cooking much others watching cook. get anxious like conversation cooking hard multitask. feel others watching cook trying conversation you?","Cooking","food"
"zwilling chefs knife giveaway. zwilling chefs knife giveaway, sure take proper care sharpener get, help would appreciated","Cooking","food"
"Fried Okra I‚Äôm wanting bring fried okra family reunion don‚Äôt know make advance since it‚Äôs hour drive away. Would oven ‚Äúfry‚Äù okra anyone successfully made fried okra ahead time actually taste good?","Cooking","food"
"Defrosting rules? Slightly worried. Moving college soon realized method used defrost meat technically dangerous. Sit counter hours sit hot water hour 2 cooking. father even left big slab meat overnight defrost we‚Äôd wake still cold. USDA says this. died gotten sick yet! usda oriented towards restaurants right? safe every day normal person trying cook maybe friends.? won‚Äôt much resources college time. good way defrost meat?","Cooking","food"
"Google search store bought Sweet ‚Äòn Sauce good year opened continuously refrigerated. disclaimer say ‚Äòeat within x amount days opened‚Äô safe eat?","Cooking","food"
"Cucumber salad recipes make cucumber salad whipped cream cheese, garlic, etc like Logan‚Äôs tiktok type protein could use instead salmon, crab, tuna? I don‚Äôt like seafood moment I‚Äôll try better future recipes work cucumber different types meat? can‚Äôt think anything. Thanks!","Cooking","food"
"Made chimichurri first time. much left. else it? Yesterday searched reddit see sort sides would good steak chimichurri really find answers paired plain rice, learn sauce lasts days fridge, so, large bowl it, else it? know use chicken pork, sides? Wraps? Anything else? post image meal, sadly see option available me.","Cooking","food"
"[homemade] Adana kebabs Made homemade hibachi pickled onions mint/cilantro gremolata sort sauce. Spiced rice zucchini little sambar spice.","food","food"
"Still safe eat? ‚Äúruprecht‚Äù raised beef pot roast got Costco. It‚Äôs fully cooked. ‚Äúuse/freeze by‚Äù date 5/13/25 today 5/15/25. Would toss eat it?","Cooking","food"
"favorite recipe cookbook? Please add name recipe cookbook find in. makes best?","Cooking","food"
"Anniversary Dinner Ideas! Hi y'all husband 5 yr anniversary tomorrow started really enjoy cooking trying things past couple years! usual ""special meal"" scallop app, sous vide steak, crab legs, potato, veg, need SEAFOOD trying sell house lingering smell cooking seafood off-putting get showings üòÖ Otherwise gimme got! ü§§ Appreciate instructions links still learning things. TIA üòÅ","Cooking","food"
"money wasn‚Äôt issue, would weekly meal plan like? money wasn‚Äôt issue, would weekly meal plan like? Kind curious lol foods grocery stores would deffo ur baskets","Cooking","food"
"make gallon Mac cheese sauce?  Mac cheese, something freeze individual portions Got gallon public schools Mac cheese sauce, trying make something fairly nutritious tasty. probably going need help flavor department, hate seeing go waste.","Cooking","food"
"two - three step easy meals single person make themselves? think people tend misinterpret two-three step means at least me. me, one step means browning ground beef taco meat. Pan frying pork chop. Putting frozen corn microwave ex. single feed good experienced cook. I‚Äôd like avoid chopping much also tiny kitchen am ok spending bit extra pre-chopped stuff. Meals make 4 servings often unintentionally get spoiled fridge long. two - three step meals? steps ok, step means something pre-prepped like getting shredded cheese bag. Hope makes sense can‚Äôt wait see responses!","Cooking","food"
"store oxtail bone broth proper way? last time made it, kept half fridge froze rest it. consumed fridge one week fine. one froze, thawed fridge every time used explosive diarrhoea, recognised cause bit late. store longer time since takes make first place difficult consume entire batch 2 days?","Cooking","food"
"safe? Chicken gelatin stock roast chicken, many times reheated? Saturday made roast dinner saved chicken stock turned gelatin - would still safe since refrigerated since Saturday? added soup stock, soup reheated unsafe? smelled fine worried might make unwell.","Cooking","food"
"sorcery? live Netherlands quest perfect non-stick pan eggs. love non-stickiness Teflon wanted something could handle metal utensils without scratching. explored Teflon non-stick pans, ceramic non-stick pans, stainless steel, carbon steel, cast iron. leaning toward carbon steel, idea maintaining seasoning felt like hassle. Anyway, went local store stumbled across German pan claimed free PTFE, PFOA, PFAS, plastic, lead, cadmium, heavy metals. also said it‚Äôs extremely scratch-resistant safe metal utensils. skeptical non-stick performance, since return policy, decided give shot. tested it, holy cow it‚Äôs *insanely* non-stick! eggs slide around like they‚Äôre ice. even possible? kind wizardry material? call ‚Äúmineral quartz coating.‚Äù anyone else tried know what‚Äôs going here? pan: Berndes Veggie Induction Frying Pan coating: b.nature Quartz Coating Berndes","Cooking","food"
"Cookbook recommendations Hello! looking new cookbook! currently joy cooking salt fat acid heat. anyone recommendations similar would good recipes would good average night?","Cooking","food"
"Marcella Hazan red sauce noodles ratio? Sorry, used search couldn‚Äôt find answer. anyone suggestion good Marcella Hazan red sauce noodles ratio? NYT Cooking failed said could coat pound noodles. got pound bucatini MH recipe barely covered 1/4 it. pretty dry go buy jar Rao‚Äôs supplement it. depend type noodle? I‚Äôm assuming maybe recipe developed spaghetti maybe next time try type instead. Thank you! ETA: used Cento canned tomatoes peeled whole.","Cooking","food"
"Butter Steak Immediately Turned Brown, Pan Hot? cooking steak strips stainless steel pan. pre heated pan, added butter. butter immediately turned brown like burnt. went ahead made steak tastes fine I‚Äôm worried consequences eating ‚Äúburned‚Äù butter. use lower heat, shouldn‚Äôt better stay yellow?","Cooking","food"
"Beef help normally cook roasts instant pot turn pretty good. today possessed try Dutch oven. Well turned horrid. Dry, overcooked. bad. now? thinking meat pie? World work? Help lol","Cooking","food"
"Sides go brats Picking brats local butcher guests coming weekend. Looking side ideas. got pretty good skill set make breads, noodles etc scratch, good baker, feeling fresh ideas üòÖ Probably 2 3 sides. fresh rhubarb ready pull garden well.","Cooking","food"
"Pickled brisket/corned beef/salt beef Last week bought brisket wanted make pickled brisket, mother used buy already pickled brisket would cook pickled 5 days. want cook brisket stove. best go that? flatish piece meat 1.45kg long cook? much water use? sear outside boiling/braising? add spices veggies water? Since pickling salty flavourful brine would need season leave is? Also anyone ideas tasty gravy/sauce make pour sliced meat would appreciated","Cooking","food"
"[Homemade] Portobello Burger made vegetarian burger lunch! seasoned two large portobellos salt, pepper garlic powder smoked paprika cooked cast iron medium heat. made great patties burger. put monterey jack cheese melted hand torch. also sliced avocados, tomatoes grilled onions pickles put together butter toasted sesame bun. Almost good real burger! Although, i‚Äôm kind craving & now‚Ä¶","food","food"
"Favorite summer BBQ party side dish? Excited upcoming summer BBQ parties. What's go-to summer side dish recipe absolute MUST bring?","Cooking","food"
"Looking recipes strict diet anybody recipes include salt, red meat, flour general oils exept olive oil. strict medical diet","Cooking","food"
"favorite unexpected flavor combinations healthy swaps Indian cooking? love experimenting Indian fusion dishes healthy adaptations","Cooking","food"
"good veggie rich pasta sauce recipes go beyond regular red sauce? I‚Äôm fine recommendations interesting ingredients add red sauce so soffrito eggplant, I‚Äôd really like recipes, besides pesto. I‚Äôve increasing amount veggies diet recently. I‚Äôm happy amount veggies, I‚Äôd like nice variety. recommendations?","Cooking","food"
"Hello, anyone tried tempering Ghirardelli squares? Specifically Easter edition mini ones milk chocolate.","Cooking","food"
"Tempeh Recipes eating lot pre-prepared tempeh various flavourings sauces want start creating marinades dressings. Anyone got good tempeh recipes?","Cooking","food"
"Steam Single Oven - Looking Recommendations! I‚Äôm market built-in steam oven mainly reheating keeping food moist fresh. currently Samsung NQ5B7993AAK, got great price ¬£350, unfortunately, steam function hasn‚Äôt worked since got installed three weeks ago. I‚Äôm debating whether to: 1. Replace model hope works properly. 2. Replace different brand. 3. Get refund explore options. ones I‚Äôm considering are: Bosch Series 8 CSG7361B1 Bosch Series 8 CSG7584B1 Siemens iQ700 CS736G1B1 Miele H7164BP anyone experience models advice do, I‚Äôd love hear it! worth giving Samsung another chance move one options? Thanks advance!","Cooking","food"
"Follow cooking pasta broth saw thread subreddit boiling pasta broth gave try. never cook pasta plain water again! pasta water rich delicious, put jar could come ask, would safe use soup stew? Seems shame let flavor go waste don‚Äôt to. Thanks input!","Cooking","food"
"Plant forward meals? admit, family fairly standard American diet. Meat, two sides, meat portion making largest amount plate. making effort better, follow words Michael Pollan ""Eat food. much. Mostly plants."" cowardly admit, really like veggies. bitter, ones aren't, bland textures nightmare. also know that's pallette used high fat sugar, needs adjusted. also know this, need make something hate, coming Reddit. Tl;Dr - search plant forward recipes salad curry, make hate eating vegetables.","Cooking","food"
"cream mushroom soup toppings hey guys, pretty straightforward question: eat cream mushroom soup? like pretty much is, bit salt pepper. like try adding stuff it, drawing blank.","budgetfood","food"
"$11.82 Discount Mini Grocery Haul get much SNAP benefits, $251/month, three us myself two teenage boys. get ridiculously excited get things discount. making easy minestrone soup tonight one cans pasta sauce serving loaf french bread. bananas went freezer banana bread future.","budgetfood","food"
"Pork recipes please Pork pretty cheap located husband huge fan it. one good recipe pork chops another tenderloin/roast. really love recipes involve crockpot instant pot. Please thank you!","budgetfood","food"
"Mystery box food saving 7.43 usd - HU Budapest, Hungary Went 2 different grocery shops food saving via Munch like toogoodtogo. could snap photo one curd snacks t√∫r√≥ rudi got confiscated. right got pumpkin pottage golden dumplings. peppers onions made lecs√≥ base braise pork chops in. bananas made banana bread quark going mini quark boundtcakes freezer friendly way throughout month. apples made pie filling breads cakes.","budgetfood","food"
"Recently loving tuna avocados... anyone favorite way combine these? always eat lot never dish remember. Maybe go together?","budgetfood","food"
"cheap foods fill stomach need cooking Currently think bread jam, muesl. also can't buy bulk. Edit: Food actually extremely affordable country, problem me, disabled many dietary restrictions, extremely weak can't cook, bed bound. 2 options, restaurant/delivery packaged foods. restaurant/delivery extremely expensive, really one option.","budgetfood","food"
"[i ate] chicken salad Pan cooked chicken breasts (stainless steel pan + avocado oil, Slap Ya Mama seasoning & Mrs Dash), avocado, strawberries, baby lettuce & spring mix, extra virgin olive oil, balsamic vinegar, little honey.","food","food"
"Green pepper chicken dish used 2 green pepper 69C each, 2 chicken leg meat 1.99/lb, sauce everything else let‚Äôs say 1 dollar, photo shows easily feed 2 adults 3 stretch rice. Balance, tasty healthy. Recipe: Dice chicken, marinate salt, black pepper powder, egg white grab till it‚Äôs sticky, add starch preserve moisture mix till coated. Cut green bell peppers bite size, mince ginger garlic. original recipe calls shallow frying chicken pepper get away cooking light oil, cook separately till done starting sauce. Heat oil cook ginger garlic, add tianmianjiang, sugar, shaoxing wine, light soy sauce, sesame oil, keep cooking till sauce become sticky add chicken pepper, mix well serve.","budgetfood","food"
"shopping Target make sense me? I‚Äôm moving first time girlfriend wondering makes sense shop TARGET groceries, work get 15% EVERYTHING plus additional 20% fresh frozen produce. said, make sense case shop Target over, say, Aldi Costco?","budgetfood","food"
"Chicken beans rice $1.50 serving Chicken $4.89 total, used 2/5, beans $1.33, amount rice used $0.22, adobo chipotle $2.50, made 4 servings worth saved bones juice freeze broth later!","budgetfood","food"
"Potatoe Salad things freeze. So, today's haul food going thrown away included potatoe salad ham & cheese sandwich. Grilled sandwich, frozen potatoe salad, today sure could even apparently can, long use date. used later stews, curry's, soups, etc. males sense, basically cooked potatoe protein, hot water , veg protein quickly soup going. things we/should freeze might otherwise throw away know better? Already got ripe bananas leftover veg/bones belt, anything else yet discover?","budgetfood","food"
"Andouille sausage never hand recipe calls it. local Publix BOGO week. two freezer now. What‚Äôs good use them, specifically beans rice? Thanks advance.","budgetfood","food"
"[Homemade] pizza sausage, peppers, onions Pizza night! week‚Äôs special classic, mozzarella smoked Scamorza, tomato sauce, sliced sweet Italian sausage, marinated red peppers, red onions, grated Pecorino Romano. first time brushed crust garlic butter.","food","food"
"[Homemade] Goose Jagerschnitzel spaetzle & summer veggie salad made Sunday family friends dinner. wild goose breasts, cut 3 length wise strips, pounded 1/8-1/4"" thick. Lightly coated flour, fried mixture duck fat bacon fat. leftover fat saut√©ed blue oyster mushrooms shallots, mixture pinot grigio beef stock. Reduced liquid half. added heavy cream, s&p, chopped bacon. Garnished parsley.","food","food"
"[homemade] slow-cooked chicken curry air-fried potatoes, steamed beans, fresh cucumber.","food","food"
"[homemade] greens, beans chicken sausage 13 year old son wanted make recipe grandpa's southern US roots. amazing delicious!!","food","food"
"[homemade] Chicken parm sandwich Neapolitan pizza dough Regular Neapolitan pizza dough rolled folded over, cooked Roccbox. Homemade chicken cutlets vodka sauce.","food","food"
"Texas Roadhouse question [text] technically allowed go eat many rolls want leave? least basket two without paying ordering anything?","food","food"
"[Homemade] knead bread breakfast. simple recipe produces lovely bread breakfast. mix ingredients together leave overnight. Nice cup coffee, butter homemade plum make No-Knead Dough done Dutch oven home. happened campsite. Recipe best bites. Check details there. ‚ÄúSo let show steps we‚Äôre making bread. starts purpose flour, warm water yeast. Okay little salt, guess technically 4 ingredients. want say something flour, here. think recipe count people measuring flour. actual weigh flour get exact weight 3 cups, dough extremely wet loose. Like, can‚Äôt form ball, it‚Äôs thick liquid. bread turns amazing soft beautiful. scoop flour measuring cup (something constantly telling do,) dough still wet-sticky side, looks like people‚Äôs photos dough, actually form ball. turns delicious. I‚Äôm saying is, dough extremely flexible. Try times see like, don‚Äôt ever get worried it‚Äôs going work always works! don‚Äôt add tons flour think consistency playdough. shouldn‚Äôt. Overall dough quite loose sticky, feel free dunk measuring cup flour bag haphazardly scoop. one instance totally Let Dough Rest that‚Äôs mixed up, cover plastic, leave counter, come back visit tomorrow. needs sit anywhere 8-18 hours. always mix dough day before, technically could early morning dinner well. know longer sits, better texture recommend least 12 point you‚Äôll scrape onto generously floured surface- put directly onto piece parchment paper. Remember dough REALLY sticky sprinkle flour you‚Äôll touching handle gently doesn‚Äôt get you. Fold top couple times (remember kneading) form round-ish shape. Let sit 30 minutes. 30 minutes place empty, covered dutch oven oven preheated screaming hot 450 degrees. We‚Äôre creating little bread oven Baking No-Knead Bread it‚Äôs preheated CAREFULLY (can‚Äôt stress enough) remove crazy hot pan oven, transfer bread it, place lid on. DON‚ÄôT FORGET LID PIPING HOT. always keep towel handle it‚Äôs counter safe. Pop pot back oven bake. see lift whole parchment paper bread sitting put pot. 40 minutes later house smell like straight-up European bread super crispy crust chewy soft inside. It‚Äôs kind bread rip chunks slather butter it‚Äôs still warm, dunk bowl soup, dip olive oil. It‚Äôs amazing.‚Äù really worth try. won‚Äôt disappointed.","food","food"
"[homemade]Magical Turmeric leaves Sweet Desert Deeply valued Asian cuisines versatility aromatic flavours, turmeric leaves grow turmeric roots specially used festivals like Naga Panchami on. got anti inflammatory antioxidant properties, used wrap dishes chopped added soups salads. magical sweet desert called Patholi/Ghatti/Ada different regions. provides carbohydrates, fibre protein. Patholi consists 150-250 calories eat moderately.","food","food"
"[homemade] Lemon zest ricotta rigatoni Getting cooking comfortable kitchen made tonight; Lemon zest ricotta rigatoni! light refreshing! üçã","food","food"
"[homemade] American Fried Rice - Thai delicacy Okay, get downvoted hell, let explain story. American fried rice created Thai chef back Vietnam War cater US military stationed Thailand. Here‚Äôs component chef interprets ‚ÄòAmerica‚Äô dish - Tomato sauce, peas, carrots, fried chicken, sausages raisins. It‚Äôs childhood fav dish. missed slice tomato cucumber know mom happy still eat veggies","food","food"
"[Homemade] parmesan garlic risotto, firecracker green beans rosemary thyme pork chop blueberry balsamic reduction. know plating could use work fancy. indeed delicious two hours work kitchen.","food","food"
"Best Recipes Rice Cooker Slow Cooker Hey y'all! Staying Airbnb month house hunting kitchen worst best. cast iron, slow cooker, rice cooker. trying find best recipes rice cooker slow cooker making steak everyday. already made chicken tortilla soup: Slow-Cooker Chicken Tortilla Soup Fixings Recipe Basically wondering anyone favorites adapted recipe either cooker good results. Thanks ideas!","seriouseats","food"
"lasagna come gummy? made Kenji‚Äôs lasagna using method soaking boil noodles beforehand. heated water electric kettle soaked 10 minutes drying off. flavors really good lasagna noodles mushy gummy, unfortunately ruined it. wrong? kettle water hot? don‚Äôt want repeat mistake.","seriouseats","food"
"Bravetart's Classic Cherry Pie bought cookbook seeing talked often, cherry pie first recipe. little baked, think, making juices boil over? Still cooling cut yet üòü Might breakfast, though.","seriouseats","food"
"First time making cornbread made first cornbread (UK it‚Äôs really thing), couple times - used Sean brock‚Äôs recipe served kenji‚Äôs chicken chilli (with adjustments) - think? crisp outside unreal, texture good, touch dry","seriouseats","food"
"First pizza summer. It‚Äôs since fired oven- glad did!","seriouseats","food"
"Panic! Stella‚Äôs carrot cake Y‚Äôall. put Stella‚Äôs carrot cake oven twenty minutes ago, obviously point return, I‚Äôve realized omitted vanilla salt. I‚Äôm making cake baby shower. know won‚Äôt ‚Äúbad,‚Äù since flavor enhancers. want delicious! Please weigh - make second cake? (I‚Äôll using Stella‚Äôs cream cheese frosting). Edited add: Thanks all! almost didn‚Äôt remake it, couldn‚Äôt resist new layers cooling now. parents took layer ‚Äúreject‚Äù cake home said it‚Äôs fabulous. new batter (raw) even better, think hit! I‚Äôve got homes starter layers. conclusion, cake good, think salt making remake better ! seriously, thank !","seriouseats","food"
"Food Lab Errata? Hi all! beginner chef Food Lab first cookbook. making Lighter Fettuccine Alfredo tonight draining cooked pasta saw ""Cook al dente, 1 1/2 minutes."" Obviously knew wrong ruin dinner, heart sure stop second! made wonder mistakes make sure fix book. tried googling found archived version address mistake. Thanks!","seriouseats","food"
"made Audrey II cake birthday/Summerween. used go Devil‚Äôs food cake recipe Bravetart cookies cream birthday cake. love so!","seriouseats","food"
"Spicy Shrimp avocado arugula Salad doubled cayenne pepper still find recipe spicy all. quite mild honest opinion. flavor good. thought recipe made much dressing tossing, right amount. avocado added creaminess needed round whole salad. also amount shrimp feels little much salad recipe makes? shrimp 1/3 salad. used jumbo frozen shrimp","seriouseats","food"
"Egg question love Stella's recipes many use cold eggs? Every recipe ever used, always uses room temperature eggs especially added creaming butter/sugar. curious reason behind this. going make devils food chocolate cake weekend noticed also uses cold eggs. normally make claire saffitz's chocolate cake (uses room temp eggs) love addition melted chocolate Stella's thought Id give try. Thanks!","seriouseats","food"
"Halal Cart-Style Chicken Rice White Sauce Made dinner. Yummy especially liked Harissa hot sauce.","seriouseats","food"
"Wok Weekly #116: Vegetarian Dumplings last dumpling okay vegetation dumplings. flavor pretty good, think steamed made texture bit tough. try streaming again, meat dumplings lol","seriouseats","food"
"Pepper Steak Wok, vegetarian made Pepper Steak recipe J. Kenji L√≥pez-Alt's cookbook ""The Wok"", subbed Companion brand Imitation Roast Duck (aka braised gluten chunks, aka mock duck) beef. cut mock duck bite sized chunks prepared exactly written recipe beef, baking soda corn starch all. sure necessary thought hurt. Next time might pat mock duck dry stir fry usual. regretably onions, still turned fantastic. really rich flavorful surely impress vegetarian friends family. Though grinding 8g fresh black pepper nearly made arm fall off, totally worth it.","seriouseats","food"
"Nigerian Beef Stew Yesterday made Nigerian Meat Pie 2nd time. become family favorite. Tonight fixed Nigerian Beef Stew. also delicious seems healthy. freeze servings quick meals later. dinners felt like comfort food us.","seriouseats","food"
"Black Bean Burgers -- way make less crumbly? really love Kenji's black bean burgers ( serious challenge try get hold together patty -- edges keep crumbling away. reading comments recipe, see number people problem, clear solutions. couple people recommended using additional egg -- anyone tried this? luck? fixes successful?","seriouseats","food"
"Question Stella's granola anyone added fruit juice [granola ]( kind success? recently saw passionfruit granola supermarket wondering adding juice way get flavor without burning sogging final product.","seriouseats","food"
"Stella Parks' stable whipped cream chocolate? recently discovered Stella Parks' make-ahead whipped cream fruity whipped cream recipes, think brilliant! love use sugar/ freeze-dried fruit create stability. wondering there's way flavor chocolate instead fruit? anyone tried subbing freeze dried fruit cocoa simply adding cocoa powder make-ahead whipped cream recipe? Link make-ahead whipped cream: [ Link fruity whipped cream: [","seriouseats","food"
"Leah Colins' Smoked/Grilled Nachos - worth work [ big fan Leah Colins' recipes site, try one out. involved process nachos, picky nachos, wow great. 3 components stood out: 1. lasagna-like construction. skeptical amazing, everything melted perfectly. 2. fact smoked baked-on-the-grill. might placebo effect thought could taste it. 3. creation kind bean-veggie mix. mix distributed nachos rather placing one ingredient time, wonders distributing flavor around. truly underwhelming nacho bites. recommend using thick tortilla chips (often advertised bag ""gruesos"" aka thick, getting Mexican market). Casa Sanchez great brand went La Flor del Valle.","seriouseats","food"
"Food Lab foolproof soft boiled egg tryin follow recipe book think failed? recipe say u boiled 5 minutes white still yet egg quivering even 6 7 minutes boiling point? doin wrong? first time cooking","seriouseats","food"
"Made one favorite recipes site, veggies picked CSA afternoon: creamy orecchiette spring onions, fennel, bacon.","seriouseats","food"
"ISO Cold Dishes current heatwave US east coast craving cool/cold dinner. anyone recommendations dinner recipes?","seriouseats","food"
"since l've seen Halal Cart-Style Chicken Rice White Sauce post. One favorite things cook eat!","seriouseats","food"
"Advice refrigerating enchiladas cook next day planning making Kenji‚Äôs ‚ÄúBest Creamy Chicken Enchiladas‚Äù. want maximize prep work. main concern soup fully prep recipe says day before. idea‚Ä¶ dip tortillas sauce rolling, add filling. set rolled chicken tortillas aside. ready cook sauce baking dish little extra bottom top enchiladas. bake.","seriouseats","food"
"Grilled Lemon-Garlic Chicken Tomato Kebabs Basil Chimichurri Recipe - tasty! prick chicken fork, found still pretty flavorful. Tomatoes so-so; store bought, sure farmers market cherry tomatoes would better. Chimichurri great! all, good quick summer meal grill!","seriouseats","food"
"Teriyaki Chicken Teriyaki Chicken videos Kenji got craving it! Plan making huge batch family campout, trial runs. think went barely overboard char, point barely noticeable acrid smell, flavor point! Sauce used:","seriouseats","food"
"Stella Parks Souffl√©d Cheesecake family loves cheesecake much they‚Äôve asked make multiple times. It‚Äôs delicious! compare, I‚Äôd say Costco cheesecake balanced taste whereas definitely taste tang. I‚Äôm assuming due addition goat cheese. also beautifully creamy interior. want try Oreo Nutter Butter crumb base next time!","seriouseats","food"
"Ground Beef Really Need Cooked adding stew/sauce/etc.? starting assumption Kenji often makes, try ""Brown"" ground beef adding recipe, cook it. would argue time truly browned acquired flavor, cooked much moisture it. See that[ here]( (section ""Browning Issues""). that's case, still tell cook ground meat chili recipes (or [Bolognese]( simmering bring meat safe temperature even potentially save moisture lost initial cook? Obviously there's applications need cook (e.g., taco meat); think weird always traditionally cooked first often mixed simmering liquid would likely cook it. Seem like unnecessary step.","seriouseats","food"
"cooking pot roast, meat supposed completely submerged liquid? I‚Äôm using kenji‚Äôs recipe, pulled beef chuck apart tied twine. sure whether Dutch oven big cut beef tall, liquid covers half height meat. ok? left lid open crack stuffed oven, took add potatoes, part meat submerged looked little dry flipped put back oven finish cooking. I‚Äôm little worried ruin it? yes, anything fix it? Thanks!","seriouseats","food"
"Obligatory Foolproof Pan Pizza Post tried hand famous pan pizza delicious. scaled recipe make 3 12"" pizzas. Next time try make sourdough starter. would recommend proper ratio instant yeast sourdough starter?","seriouseats","food"
"make difference pot roast whether beef seasoned immediately prior cooking done 40 minutes- 1 day allowed rest uncovered fridge (like steaks)? Wondering far ahead need plan time. Thanks","seriouseats","food"
"cook tri tip?? looked recipes meat em shaped differently; none long thick-ish strips. would prepare them??? gotta dinner ready by6. Also, sides would suggest???","seriouseats","food"
"Gozney pizza oven help // temperature Hi - I‚Äôve using gozney Roccbox last months overall quite happy it. However, I‚Äôve trouble figuring correct temperature get perfect cook every time. I‚Äôve nights I‚Äôve oven (what think high) toppings crust burn quickly. I‚Äôve tried lower setting dough hasn‚Äôt puffed enough. Would folks Rocbox gozney oven feel like you‚Äôve mastered give help here? regulate temperature? long preheat etc? temperature color aim gauge ? Thanks much.","seriouseats","food"
"Made Ate Kenji‚Äôs White Chili Chicken really fun easy cook. chili came bursting flavor surprisingly well balanced. really nice kick nothing scared away missus. 100% folding repertoire!","seriouseats","food"
"Crispy bar-style pizza vs Chicago tavern-style - make? recipes question: eyeballing recipes now, keep forgetting prep dough far enough advance able cook it. main difference two, far end result? Maybe missing something, surface seems like similar. though looking details cook method, actually different, seems like going different pizzas. else equal, chicago tavern style seems bit easier overall, seems like recent recipe. chance watch video yet, maybe answers questions. grew midwest, used thin crust common style, could even get half-decent frozen pizza. SE US hard find good pizza NY style neapolitan style. say bad, not, trying find something like these, crisp thin crust.","seriouseats","food"
"What‚Äôs favorite summer recipes? love summer food, finding getting tired old recipes. lean towards Mediterranean diet, strictly follow it. enjoy light, cool, healthy meals. eat fish, goat, lamb try limit red meat consumption. open try anything! also enjoy middle eastern, Korean, Greek, Chinese, Mexican cuisine. Feel free share anything everything! Please thank you.","seriouseats","food"
"Sweetened condensed milk Hi all. I‚Äôm planning making flan recipe. I‚Äôd like make sweetened condensed milk. I‚Äôve always used recipe making bravetart pumpkin pie, requires full 19 oz question need 14 oz flan, scale ingredients ~74%? (14/19) Thank you!","seriouseats","food"
"Kewpie mayonnaise vs Kenko Mayonnaise I‚Äôm looking make Japanese potato salad weekend inspired somebody else forum here. recommended mayonnaise made Kewpie, supermarket stocks Kenko brand. much difference? never tasted either, I‚Äôve idea!","seriouseats","food"
"sour oranges? years seeing recipes say 'this dish traditionally made sour oranges, hard find U.S. markets, substitute...' bought sour oranges (in New York's illustrious Western Beef market) specific plan them. like discover makes distinctive special. recipes benefit form using real thing? favorite sour orange-centric dishes? Update: decided use four sour oranges make mojo sauce, per someone's recommendation. Cutting them, discovered thick pith, plus abundance largish seeds took much internal volume fruit. Total juice yield disappointing 1/4 cup.","seriouseats","food"
"Stella Parks skillet cookie using BraveTart dough know Parks skillet chocolate chip cookie recipe. I‚Äôm wondering anyone attempted use chopped chocolate chip recipe (with browned butter) skillet pan. results?","seriouseats","food"
"Serious eats general Tao chicken I‚Äôve made many times identical recipe seem get better time","seriouseats","food"
"Nigerian Meat Pie newbie cook found Ancestry daughter like 16% Nigeria decided make dish. delicious! struggled make pastry part look pretty like picture taste yummy!","seriouseats","food"
"Pan grilled trout Hello everyone ! looking tips grilling fish, specifically pan since grill. learned much Serious Eats, game changer way cooked enjoy warm thanks anyone cook thanks you. advices ? Pre-salt fish like would meat ? Pat dry ? Thanks ! Cheers, bon app√©tit ;)","seriouseats","food"
"Six-Ingredient Moroccan Biscuit Recipe Headline says five ingredients recipe calls six: semolina flour, sugar, baking powder, salt, butter, milk. instructions call semolina marked ‚Äúcourse‚Äù (not ‚Äúcoarse,‚Äù would word used semolina flour package). Looks like good recipe otherwise!","seriouseats","food"
"Buttermilk blueberry scones made batch buttermilk blueberry scones, really buttermilk biscuits 2 tablespoons sugar blueberries added. Delish. probably add lemon zest juice next time.","seriouseats","food"
"Cuban-Style Pollo la Plancha recipe super easy throw together came delicious. Highly recommend trying it, using optional allspice marinade","seriouseats","food"
"[homemade] Ground Beef Stroganoff","food","food"
"[homemade] first parfait made","food","food"
"[Homemade] Chicken Broccoli Cheese Fritters","food","food"
"[homemade] pizza rolls Best batch ever made! share beauties üçï","food","food"
"[Homemade] Fried tofu patties","food","food"
"[homemade] Key lime tiramisu","food","food"
"Smoked Pulled Pork [homemade]","food","food"
"[Homemade] Agnolini Pasta Herbs & cheese bechamel sauce","food","food"
"[Homemade] Pasta Garlic Scape Pesto Peas","food","food"
"[homemade] Seared Ahi Tuna Steak steamed green beans","food","food"
"[homemade] chicken fried broken rice broccoli, onion, bell peppers","food","food"
"[i ate] rainbow sushi rolls + tempura golden hour..","food","food"
"[homemade] chopped sandwiches","food","food"
"Cheesy kimchi fried rice chicken eggs [homemade]","food","food"
"[homemade] Spicy Sausage Fettuccine","food","food"
"[Homemade] Beef Casserole Yorkshire Pudding","food","food"
"[I ate] Beautiful Jalape√±o Smashburger","food","food"
"[I ate] Pizza Finferla","food","food"
"[i ate] Pork Pad Thai Thai Bowl Mesa, Arizona. Best Pad Thai I‚Äôve ever","food","food"
"[Homemade] Balmoral Chicken whisky peppercorn sauce","food","food"
"[I ate] Taiwan ramen, gy≈çza, bubble tea","food","food"
"[Homemade] Stuffed Peppers Rice","food","food"
"[homemade] Biscoff bonbons Made Felchlin Bionda, biscoff ganache layer biscoff cookie crumbs","food","food"
"[homemade] Steak pommes aligot","food","food"
"[Homemade] Georgian Cheese Bread Acharuli Khachapuri","food","food"
"[Homemade] Venison Stir Fry","food","food"
"[homemade] chicken parm, pesto cavatappi, garlic bread","food","food"
"[i ate] korean braised pig trotters (jokbal)","food","food"
"[Homemade] Pepper Egg Onion Cheese Wrap","food","food"
"[I ate] Pan pizza cheeseburger","food","food"
"[homemade] Chicken Gyro","food","food"
"[Homemade] Rice noodles, beef pak choi aromatic lemongrass broth","food","food"
"[I ate] tacos Al pastor tacos lengua","food","food"
"[Homemade] Mixed vegetable dry curry, red bean sprout soup chapati dinner","food","food"
"[Homemade] avgolemono chicken & dill soup","food","food"
"[homemade] spicy drunken noodles. 210/365","food","food"
"Peasant's stew [Homemade]","food","food"
"[I ate] Tonkatsu Teishoku","food","food"
"‚Äú[homemade]‚Äù chicken cajun pasta green beans last nights dinner. amazing.","food","food"
"Simple chicken roast. [Homemade] [chef/pro] Gravy side obv.","food","food"
"[Homemade] traditional carbonara source guanciale use pancetta","food","food"
"[Homemade] Blueberry Smoothie Bowl","food","food"
"[Homemade] Scallop, Bacon Black Pudding Roll","food","food"
"[homemade] Italian sausage bean soup","food","food"
"[I ate] Chicken Cutlet Omelet Curry","food","food"