"18/F4M hii wanting someone build Minecraft world together love Minecraft hate playing alone hoping find someone 18+ come play me. okay call play. hoping could play several weeks. interested DM me. Can't wait hear you! Also send pictures cat Korra too. bonus","MeetNewPeopleHere","gaming"
"even purpose tree sapling drop rate variation? mostly rant, devs infinite wisdom think good idea create tree like dark oak requires 4 saplings even grow all, lower drop rate saplings first place? three dark oaks week superflat survival world 15 emeralds total saved trading selling trader. wanted dark oak badly too. today, finally sapling stock could grow tree, leaves decayed, got two back tree could grow. Basically getting right back started handful dark oak logs. raced back buy more, despawned. idea whole thing pretty hilarious past frustration, found wondering freaking point certain trees varying sapling drop rate? make tree cannot grow without four saplings make literally go extinct? devs want troll players? Can't trees sapling drop rate?","minecraftbedrock","gaming"
"Top 64 Character Composition R2CS - Hungrybox's Online Qualifier #1 EVO! @WeNeed2BanKragg","RivalsOfAether","gaming"
"W:Pounders H:Caps, Fencers, Rangers, Encirclers, three one Trying make guardian build, desperately server hopping","Market76","gaming"
"save space limited? Xbox. broke saves two per character. One pivotal moment, ending. like keeping extra saves current playthrough. tired getting warning many saves. do? could move PC. already deleted playthroughs accidentally abandoned remember goal them. save space limited console?","BaldursGate3","gaming"
"Locations get large quantity item? Looking locations collect lots materials.","tearsofthekingdom","gaming"
"Made Rocket Ship! nowhere near good one made shadows tho ","assasinscreed","gaming"
"looking wiki saw terrible crop started bursting laughing","pillarchase2","gaming"
"Horror Kaisen another guy playing 20 life jujutsu x bosses x horror modpack. one server hosting essential max 5 players disabling six eyes cause infinity makes easy breaks purpose. fun also includes distant horizons lod preloaded entire world interested dm start 12 hours now‚ùóÔ∏è‚ùóÔ∏è‚ùóÔ∏è Also proximity voicechat proximity chat extra immersion creatures also track voice","JujutsuCraft","gaming"
"stealth working intended, skill issues? REMASTERED Currently playing level 16 custom character Adept difficulty. Custom class, kinda set fighter/thief hybrid. light armor, 100 sneak. got impatient pickpocket trick Imperial Prison since whatever reason despite Sneak major skill leveling super slowly. Anyway, obviously Im point sneak attacks kill one hit, alerts person/monster Im attacking. Ok, fair, arrow upper thigh definitely wasn‚Äôt damn wind. seems kinda puzzle ENTIRE LOADED INSTANCE knows exactly am, regardless behind walls actually witnessed/heard anything. combined fact try break line sight reposition whatever, doesn‚Äôt matter. locked me, even leave dungeon Im go open world. chase indefinitely resort open combat. stealth supposed like this? missing something/skill issues? Im considering playing character anymore cant even use half skillset. Tl;dr, despite one enemy lonesome attacked shadows, alert Tameriel AIM-9 Sidewinders unbreakable radar lock Thanks advance advice tips might missing","oblivion","gaming"
"Guess 33 chosen final Expedition. I‚Äôve thinking creators chose number 33 final expedition, fits in-world it‚Äôs 33rd attempt stop Paintress, might deeper symbolic meaning, possibly drawing Freemasonic esoteric traditions. Here‚Äôs case it: # 33? * 33 highest degree Scottish Rite Freemasonry, associated *illumination, hidden knowledge,* *enlightenment initiation*. * It‚Äôs also significant religion mysticism e.g., Jesus crucified 33, 33 vertebrae human spine. * numerology, 33 ‚Äúmaster number‚Äù representing *sacrifice, transformation,* *higher purpose;* themes relevant game. # ‚ÄúClair Obscur‚Äù = Light Dark * game‚Äôs subtitle literally means **‚Äú**light-dark‚Äù, echoing Masonic interest duality: light vs. darkness, ignorance vs. knowledge, illusion vs. truth. * Visually thematically, game leans chiaroscuro high contrast, metaphor uncovering deeper reality. # Symbolic Architecture * Arc de Triomphe split half**,** possibly representing Twin Pillars Boaz Jachin, foundational Masonic symbol representing duality threshold knowledge. * Gommage scene, two giant statues hard ignore pier, evoking Masonic mythic guardian figures flanking initiatory rite. # Expedition = Initiation * term ‚ÄúExpedition‚Äù implies journey quest, kill godlike being, uncover truth, exactly Masonic initiatory rites metaphorically about. * it‚Äôs 33rd expedition, may symbolize *final degree* understanding enlightenment. # Paintress Demiurge? * Paintress believed control fate, Lumiere believe decides disappears year. fits archetype Demiurge: false god shaping reality keeping people ignorance. * Expedition fight, symbolic rebellion illusion, another strong esoteric theme. # # TL;DR use 33, name *Clair Obscur*, dual statues, broken Arc, underlying quest truth suggest Freemasonic esoteric inspiration. might explicit, symbolic parallels strong. Would love hear anyone else thoughts this.","expedition33","gaming"
"Anyone else frustrated accuracy Storm Troopers? you‚Äôre 40, know incredibly poor aim average Storm Trooper. So, type Epic joke us? Storm Troopers season beater aim NPCs I‚Äôve ever seen, I‚Äôve while. would fine one often packs seriously damage you‚Äôre careful. Anyone else feel frustrated me?","Fortnite_Over40","gaming"
"Rams open. UPDATED ROSTERS Y1W2. C.E.O. madden franchise C.E.O. MADDEN 25 updated roster post draft. Crossplay Year 1 week 2 RAMS OPEN * Neon integrated * Marketplace incentives * Active commish / trade committee * 48hr sim * Comp settings * Last reboot Madden 26 *LOOKING WAITLIST MEMBERS WELL FUTURE TEAMS*","MaddenFranchise","gaming"
"New stratagem unlocked: 5 fucking autocannon sentries","helldivers2","gaming"
"update 0.8.2c? reading quite bit here. new update? *Typically, slow update game keep resetting objects such*","Voicesofthevoid","gaming"
"Softlocked? went back Jedha Temple right finishing main story talking Cere etc ... realizing teleporter stuff Merin gone drop temple let out. shoot foot?","StarWarsJediSurvivor","gaming"
"LF army bloodhounds! any amount:3 look last posts see what‚Äôs trade! tysm<3","AdoptMeTradingRoblox","gaming"
"wanted share images one solo campaigns‚Ä¶ Playing sort alternate reality dark Arthurian world. moment using ODND Chainmail switch back ruleset The Grief Engine Kal-Arath plus Killchain Warlord mass combat Infinitely satisfying taking time sketch, watercolor indulge flashbacks like - regular person game table broke apart several months campaign I‚Äôm sure I‚Äôll regular group again. problem. live quiet moments walking fog-drenched forests imagination. Happy gaming, everyone.","solorpgplay","gaming"
"friend killed sheer betrayal. hunting Sisters Parvos decked me!","Warframe","gaming"
"play first game? Xbox Thief Simulator games looks interesting, first 2nd game currently price, seem bundle games either... worth playing original first eg. story connecting two games make worth playing order, go straight what assume improved 2nd game, skipping first?","ThiefSimulator","gaming"
"Wall dwellers dont make sound even though volume excessively high , Dont deaf mode indicators angler sometimes dont flickers lights. do? Im wondering im one happening , seriously , im hearing , wall dwellers DONT make sound , even emerging , dont even footsteps sounds , angler sometimes dont flicker lights. Im talking pinkie, im talking normal angler do? cant find solution , keep looking back prevent dwellers get killed guard monster. finished game 2 times things started happening , , angler flickered lights wall dwellers sound all.","PressureRoblox","gaming"
"purify this? I‚Äôm wondering purify keep shadow? purify become hundo? I‚Äôm sure it‚Äôs worth Shadow Dialga worth keeping is. Please help.","pokemongobrag","gaming"
"decks playing? want know everyone playong right now, case playing Subterrors Predaplant, finished f2p version preda 2 UR monster case?","DuelLinks","gaming"
"next rate banner go live?","AFKJourney","gaming"
"tree skip question anybody know gonna miss anything tree skip? walked top fire link shrine heard beginning dialogue there. heard left.","darksouls3","gaming"
"Lamborghini Aventador appear least three times official GTA VI material seen far?","GTA","gaming"
"Decorative ""Lava Pumpjack"" built SMP. inspired u/Dabbers_'s concept lava pumpjack decided make spin survival world. uses pigs minecarts the picking mobs mod allows this create pulley prime mover centre look convincing. add functionality yet thats problem tomorrow","CreateMod","gaming"
"emulator, try remapping Circle R2. lets strafe shoot keeping thumb right stick.","RatchetAndClank","gaming"
"RFD FULL QUESTLINE probably worst rfd video you‚Äôll ever watch, tiss point","OSRSContent","gaming"
"Ward Light gets removed moved another creature, first creature still get sacrificed?","mtg","gaming"
"Howdy y'all, going purchase game soon stumbled upon game looking top shooter type games vein little known rpg/STALKER homage called Tunguska: Visitation game absolutely lovely. Solo dev indie Stalker esque isometric game. list isometric shooters mentioned Foxhole somehow never heard before. looked and... enthralled concept game. truly seems like real evolution online gaming. Anyways dumb long winded post but, anything folks recommend newcomer? major tips? good youtuber follow covers mechanics? looks absolutely insane need another reason leave house free time want play regardless, haha. Much love, see y'all frontline.","foxholegame","gaming"
"‚öîÔ∏èBlade & Sorcery Brutal VR: Cervantes Final Fantasy Claw‚öîÔ∏è","BladeAndSorcery","gaming"
"Im planning mage build next playthrough, tips? regular vanilla mage build, first time actually going mage build feel like going difficult early game.. find spells? Whats best way level up? particular quests do?","skyrim","gaming"
"tried new update generally negative towards new update hated every change made. decided say screw least try see would give compensation extremely disappointed. first issue fact didn‚Äôt even keep old skins hero‚Äôs, don‚Äôt know thought anyone would okay getting 4k style tickets instead skins literally spent hours real life money obtain. didn‚Äôt grind spend 10$ transformer event style tickets robot queen skin. Second issue new hero system general, it‚Äôs squad busters hero busters. feels like cheap brawl stars can‚Äôt stand game. Third biggest issue progression that‚Äôs added, hell unlock hero‚Äôs legit maxed removing don‚Äôt care troops maxed now. close maxed update took away satisfaction maxing account replaced grind hero characters decided add nobody asking for. feel like whole complaint megas turning either slug fest game would end quick. personal opinion tried indeed uninstalling longer giving time money. Goodbye supercell fun lasted","SquadBusters","gaming"
"feels see HL add new broken characters replace one nerfed","speedbattles","gaming"
"Returning castle dimitrescu part game drop drawbridge river boat castle. aware can't get back main area castle, side door area entrance leads flaming basket bunch loot seems infinite enemy spawner. seeing nothing online I looked hard tbf wondering progress past point? something discover later story?","ResidentEvilVillage","gaming"
"Anyone wanna trade sweetheart rat mythic egg? Trying make neon sweetheart rat üôèbeen game old eggs","AdoptMeRBX","gaming"
"really want wait farm run finishes","TheTowerGame","gaming"
"Nihilego viable trick room setter? know Nihilego 103 speed quiet Nat room service make good right?","stunfisk","gaming"
"rails properly signaled? trains 1-2 trains matters","factorio","gaming"
"Help gem drops anybody know don‚Äôt get gem drops axe?","allthemods","gaming"
"discovered open_agb_firm whole time, almost finished game gbarunner2 via twilightmenu++. possible use save file? curious, game rhythm heaven silver, stuck polyrhythm 2 third game final stage. really want restart progress play games again...","3dspiracy","gaming"
"Forsakened Stun Question Community. Alright gonna immediately get thinking one while, question Forsaken community: every Sentinel game's main abilities longer stunned, would instead? Chance's gun longer stun, else would Killer Apart put bullet hole them?","FORSAKENROBLOX","gaming"
"Lego Star Wars Online? Roblox remake game Roblox. childhood dream able play three four friends time, play first level even six. Try it, let know think. Link: star wars gaem - Roblox","legostarwars","gaming"
"lil tank I‚Äôm working don‚Äôt remeber exact number turret cheeks hull armore stop around 7000 pen","MelonPlaygroundOFC","gaming"
"completed army Switched mediums end terminator look bit different","DarkAngels40k","gaming"
"Nothing Happens press inject Whenever load gta without battle eye get xenos yimmenuv2 try inject nothing im also legacy dont know conflicts it.","YimMenu","gaming"
"Holy shit mimic ice veins true slayer gods mimic tear. Got last hit 2 play throughs lolüíÄ","Eldenring","gaming"
"Promos codes get D2R really cheap right now? want play play enough justify paying $40 old game :","diablo2","gaming"
"Crash cannot go 5 matches without crashing someone spam autocannons/secondaries, cannot take anymore,","cursedtanksimulator","gaming"
"Thought I‚Äôd share moment boxers went brown: 2nd volatile dropped dropped remote let slap booty","dyinglight","gaming"
"Looking Sword Can't find anywhere, would appreciate paladin playthrough.","BG3mods","gaming"
"Stuck loading screen download human stuck shaders screen restarted loaded. let load for. hours mf came back it‚Äôs stuck ‚Äúloading game 100%‚Äù","OnceHumanOfficial","gaming"
"New Upload - Batman Arkham Asylum Part 4 Hello everyone! uploaded new part Batman Arkham Asylum playthrough YouTube, really enjoying process recording providing commentary also playing game years playing it. appreciate anyone checking content welcome feedback. Thank you!!: Latest Episode:  Playlist Playthrough: ","YouTubeGamers","gaming"
"Beat game! Hi guys first post finally beat last boss got good ending! Beat 3rd phase 1st try happy! amazing game 60 hours well spent : lol master chaos armour looks wicked","TheFirstBerserker","gaming"
"Mega gyarados raid please join Join raid please. Raid group code is; Meowth, bulbasaur, squirtle","PokemonGoFriends","gaming"
"Lineup Looking add shadow queen team. Whose replacing?","RealmsofPixel","gaming"
"someone duo ranked? Gold 2, played higher rank diamond solo. Main healer fill.","Paladins","gaming"
"Micspamming bots back :/ can't good things. Spotted earlier today EU Harvest servers. kicked 6 them, joining.","tf2","gaming"
"made Tripods, called Omicronpod Omicron-Uber first time made tripods first came okay, since started remastering 2005 Megapod version came really well, creating WotW created dude asked EldeBH version Megapod came really better, decided make better ones remaster **Omicronpod** **Omicron-Uber** tripods really better, fresh look really good terms style, artistic ones made SketchUp.","WarofTheWorlds","gaming"
"FREE GODLY GEM + SECRETS FREE!üéâüéâüéâ There's new server recently come really good invite program. get 3 invites, get overlord/mech robot. get 5 invites, get 1 random secret. 10 invites 3 random secrets. 15 invites 5 random secrets. Getting random secret means get better secrets overlord mech robot chance also get godly gems random secrets. easy claim already gotten mech robot within 5min joining server. invite program end server hits 500 members join quick start inviting! Server:  scam ‚ùå 100% legit ‚úÖ Check vouches proof üéâ Here's picture any1 interested:","BubbleGumSimulator","gaming"
"Metal End Dream LOUD LABYRINTH nostalgic reason, must've heard something like video game played long ago something","SunoAI","gaming"
"Illuminating little confused illuminate requests work; there's nikki clearly sending request I tell wrists glowing nothing prompts accept it. hover character option illuminate show up. bug multi-player turned something??","InfinityNikki","gaming"
"stabilise missile? made seeking missile... works super front heavy noses crashes. matter many horizontal stabilizers add, issue still occurs. fix this?","trailmakers","gaming"
"Recruiting Clans Masters | #2LG2URYLO | Town Hall 13 | Clan Level 19 | War/CWL Clans Masters looking dedicated players round CWL squad. We‚Äôre casual clan, mostly adults stuff going on. hardcore means, take wars CWL seriously. core CWL players pretty good - we‚Äôve Master III couple times, currently Crystal III departures. We‚Äôre pretty low maintenance clan don‚Äôt ton time play want compete CWL. We‚Äôre also looking lower level players want regular war, ask troop donations, grow base. ask don‚Äôt join wars, contribute Clan Games Capital Raids. Clan tag - name Clans Masters, changed CoC ‚Äúinappropriateness‚Äù. still prefer known ‚ÄúRed Rockets‚Äù üöÄ üò§","ClashOfClansRecruit","gaming"
"Running issues climb Im 600k Ekko otp started first climb month ago iron-gold 65% WR MMR increases plat-gold i‚Äôm running issues one thing particular seem unable generate lead completely solo reliance piggybacking early lead snowball victory. I‚Äôve nasty chain games felt doomed start, lanes lost, people don‚Äôt seem keen make plays push game-state favor, constant deaths block jungle, etc. I‚Äôve never one blame champ teammates pretty major roadblock right now. I‚Äôve trying different ways generate gold leads starting blue/red, recalling, going protecting camps ideally getting whole jungle aswell feels incredibly coinflippy i‚Äôve running issues enemy rotate laners wont even realize something happening. ekko isnt much powerfarmer need early leads snowball accordingly. tips much appreciated.","Jungle_Mains","gaming"
"Pop-up Camp Assisted Rey Dau Capture got destroyed. Thank Pop-up Camp.","MonsterHunter","gaming"
"Honest question small updates + thank devs! small updates get released, really corrupt saved games? small updates, mean went 1.16.1 1.16.2. Or whatever actual number is. ask constantly deleting run would start new one. Especially warning game gives whenever update. vaguely recall someone saying small ones won't. apologize question answered million times already. also want acknowledge work devs keep updating game! longer constantly listening new nomadic songs loop! + balance confederations lol. Thank work ya'll do!","CrusaderKings","gaming"
"Level 1455 Cheating Guy Thought bring allegations regaring Hypros on reddit/ Know Mercy on game guy random post found. Contains pretty useful info. compilations dropped later. Clowns still support him, stay tuned.","insurgency","gaming"
"Recommend ship mid late game.. Atermis torps Monitor longer works best ship weapon Artemis torp Monitor ship blueprint... What's mid late game?","TerraInvicta","gaming"
"Squirk‚Ä¶..? know viral thieving method witches garden run little maze gather lil fruits. world people still die?","2007scape","gaming"
"going laugh lot this. PC RTX ray tracing mandatory want play, impossible play game; let in. bought Game Pass could play start. wish developers would give people without RTX chance enjoy game future, think that's going happen. sad everything :","Doom","gaming"
"Career Progress. much actually Solo? So, looking clothing store found attain several outfits completing Tier 4 challenges Career Progress. upon checking them, realized cooked most. GTA Online, online game, expects play people. problem is, 99% player base GTA online toxic worse COD game. removal Lobby Chat hard ask around people help grind challenges. though, many Career progress Tiers actually finish alone, without beg help Bare mind, comes fact IRL friends take game serious do, Heists, challenges require Hard mode anything involves skill question them started scratch Expanded Enhanced Version grinding Solo stuff build up. Agency, Nightclub, Cayo Perico, extent Gunrunner. Im looking forward getting Niko Bellics outfit. help ideas, much appreciated.","gtaonline","gaming"
"Warhammer gift sure put smile friend‚Äôs face? Hey all, don‚Äôt know anything warhammer. close friend loves it. want get gift would make day. would prefer funny aspect it, obviously don‚Äôt know inside jokes here. ideas? TIA!","Warhammer","gaming"
"pretty new miner 19 hours. Today unknowingly joined modded lobby gave 45 material lots xp. highest class level 21 Scout, level 10 Gunner. Driller Engineer level 1. Well, were. first game playing Engineer, completing mission boosted level 25. Additionally, also raised overall level 15 18. way undo this? really wanted play legit. know even thing joined lobby. noticed mine ores thought bug. expecting completely ruin game save... 19 hours playtime, probably 17 spent Scout. even higher level class one 20 minute game!? Whoever made lobby stolen lot newly gained love game. understand point playing going this? Especially let people join unknowingly? guess ranting point. Rock stone, guess.","DeepRockGalactic","gaming"
"Upcoming Patch Notes 4.2.0 - Deck Size reduced 18 cards. - Professor Oak Removed. Transgender tickets refunded - draw 1 extra card beginning game. - Rare candy can't used like turn 6 something idk. - Pack points required make cards cut fucking half. - Claim available shitty single card promo packs. - Ranked changed ELO system people can't get master ball 42.0% WR also people 69% WR need like 50 goddam hours get there. - actual trade system implemented dont need use 3rd party app like indy developer. - hourglasses - Pity system added can't open 100 packs get Ex. - shit missions need get 14 points like 2000 damage solo battles changed something actually reasonable completionists.","PTCGP","gaming"
"Playing phantom liberty may dumb question, finish phantom liberty main story, continue playing after? like end keep going main game point return I‚Äôm halfway main game rn. Thanks!","cyberpunkgame","gaming"
"rank mean skill? brother play Rhythm games, plays O!m PC play MALODY 4 phone I got PC. debating whether rank = skill. said rank good way gauge skill said rank tells good player is. true?","osumania","gaming"
"Never played Oblivion loving remaster got question item scaling‚Ä¶ items scale? want mages guild I‚Äôm level 5, don‚Äôt know items I‚Äôm gonna get don‚Äôt know powerful mage items obsolete time I‚Äôm higher leveled won‚Äôt worth it? guys think?","oblivion","gaming"
"Anyone playing glacier sorc currently how's feel? middle planning next build. Got 2 options one glacier sorc. Basically stacking like 2k+ mana using lost knowledge seed helmet get solid base ward per sec ward cast based total mana stuff. thing sure actually feels play later. done leveling glacier + mana strike really used glacier end game. run around glacier needed pop ice barrage arcane single target ? seen someone uber glacier sorc that's really issue playstyle feel one.","LastEpoch","gaming"
"Never playing Spire never even liked dungeon first place, Ultimatum like pulling teeth, bonus points trying get gold every encounter. Can‚Äôt wait another week 2 play second worst dungeon last year again.","destiny2","gaming"
"D:TDA great far, couple things really hope change. Aside Dragon missions knew people didn‚Äôt enjoy even game dropped, couple little gameplay things get nerves quite bit. big one put away shield switch weapons. cannot tell many times I‚Äôve middle fight died tried switch situationally optimal weapon completely removed ability block incoming attack 2 seconds. can‚Äôt really think way limitation serves gameplay? really fucks combat flow major way leads copious amounts frustration. Second input lag, specifically, cannot cancel actions reactively. go melee Hell Knight, can‚Äôt reactively cancel melee attempt block incoming attack. Instead, character follows melee through, gets reduced 5 HP, *then* blocks, know, point entirely moot. also can‚Äôt switch weapons one new slo-mo melee glory kills, disappointing gives enough time pick one want follow exit slo-mo without actually giving ability so. Anyway, core combat really good satisfying. Great game. hope becomes common complaint patch things out.","DOOMTheDarkAges","gaming"
"pain rework idea pain interesting perk bc actually pretty strong. grants 20 aim assist x handling d2foundry light.gg don‚Äôt specific handling measurements max 10 stacks pretty good, stow weapon lose it. idea would halve stacks gained pain maxes 5, granting 10 aim assist, 20 handling 20 reload speed, keep benefits you‚Äôre defeated like new land beyond‚Äôs perk. would keep line likes lone wolf grants 10 aim assist you‚Äôre alone. handling reload speed could reduced like 10 each, wanted add reload speed perk could used pve rolls well since handling reload nice pve. Thoughts?","DestinyTheGame","gaming"
"getting gifted characters? characters around 30k power playing noticed 30k power sentinel roster leveled red stars, lady death strike gets gifted like sentinel, ive checked online find anything. event this? please tell","MarvelStrikeForce","gaming"
"complete Season 2 Tee Challenge completed objectives except ‚ÄúComplete quest: Wednesday Equip @ Earn‚Äù. Thursday says challenge expires five dayswasn‚Äôt able complete yesterday. complete challenge?","PGA2K25","gaming"
"get Marvel legends doctor strange wong 2 pack Marvel legends thor destroyer 2 pack pack Marvel legends squadron supreme hyperion doctor Spectrum 2 pack","MarvelLegends","gaming"
"Question plot /spoiler. many questions story. finally got 3rd part game entirely sure going on. Anyone else confused afterwards? Maelle reincarnated? someone explain plot far paintress family drama? everyone party real?","expedition33","gaming"
"Dear Groot players Iron Man secondary main Please love everything good world hit Groot ult IMMEDIATELY BLOCK WALL. least pay attention wall is. lost countless multi kill pulse shots Groot either placed wall directly front firing taking people trapped.","marvelrivals","gaming"
"Fallout 4 mod soft lock help Hey need help getting situation in. wanting play game terrible fear phobia flying insects. able get vault first house went wasps closed game played yeard. want play able find mod removes bugs game, first vault can't pick pip boy open vault leave apparently combat. way around maybe another mid could install? advice appreciated thanks help. I'm playing PS5","Fallout","gaming"
"Fun Support climb bronze playing league year started Jungle migrated support thats play style. hard stuck bronze atm want fun support climb bronze with. Played lot fiddle support month ago lot success got bored. Currently playing Nautilus Pyke getting bored again. want support thats fun play high impact game. Also add like meta stuff, played fiddle everyone played went Ornn bronze adc want Ornn.","supportlol","gaming"
"ice fire build good? Rn two bandit curved swords. One cold affinity chilling aow fire one flaming strike aow. feel particularly powerful. tips? If work gonna make bleed build","EldenRingBuilds","gaming"
"LIGHT LANTERNS FREEZING HYDRA 500 mastery weopens upgraded dragon talon. died becuase afk levi fight instead helping went hydra get ready freezing freezing changed draco talked wizrd said weathers bad take shelter dojo. ingnored coulnt light lanterns flickered died. PLS HELP ME!!","bloxfruits","gaming"
"Platform games question like games like Sonic, Megaman, Mario.. Since games generally much shorter games, make them? finish don‚Äôt touch again? redoing levels?‚Ä¶","videogames","gaming"
"would give new Wolverine event MVP scene get skin? MVP screen skin exclusive. cannot use MVP screen without skin, vice versa. would give MVP screen get skin? Unfortunately, cannot play event enough, able get skin. get would give MVP screen skin. Now, MVP screen never able use, seems dumb, IMO.","marvelrivals","gaming"
"Need Project Tigoid know devs said going add zombie animals, agree decision. Mainly regular mundane animals would dangerous enough. Since zombies appear attack animals, imagine local zoo, animals long since escaped running wild area. Best all, could following: Set zombie spawn 0% Set tiger spawn 400% would special game mode would call, ""Hell fucking goddamn earth"". would never survive.","projectzomboid","gaming"

