"Incredibly dry start month May Omaha May typically month get rain Omaha — case far year.","WOWT","news"
"PSA: Miles app shuts Official statement site:","freebietalk","news"
"Trump Doubles Plan Accept Qatar's Plane Gift Yep. Trump refusing back despite fact many people party voiced dislike this buying plane Qatar, despite everyone telling no, good idea. Let's face it, going commit corruption, least try hide it. Trump making attempts whatsoever hide corruption act.","50501","news"
"Top Stories - Gabbard fires intel officials oversaw memo contradicting White House claims Venezuelan gang | NBC","AutoNewspaper","news"
"Top Stories - 18-year-old flees New Jersey home alleged abuse confinement dog crate | NBC","AutoNewspaper","news"
"Ballot measures certification update: Seven new measures 2025 CO TX; six new measures certified five states 2026","electionsnews","news"
"Tech - Monday Night Football: Five doubleheaders headline slate | NBC","AutoNewspaper","news"
"Top Stories - YouTube announces Gemini AI feature target ads viewers engaged | NBC","AutoNewspaper","news"
"Business - Monday Night Football: Five doubleheaders headline slate | NBC","AutoNewspaper","news"
"Top Stories - Monday Night Football: Five doubleheaders headline slate | NBC","AutoNewspaper","news"
"Marjorie Taylor Greene joins calls Derek Chauvin pardoned","ThePeoplesPress","news"
"REACTION Cassie CRIES court Diddy’s trial! Al B Sure says Diddy tried ***","BeansX21","news"
"Trump announces large purchase Boeing jets Qatar Airways","GlobalNews","news"
"Local - California man admits $2.5M fake DoorDash delivery scheme | SF Gate","AutoNewspaper","news"
"Netflix & Zack Snyder's Panned Action Sci-Fi Epic Finally Gets Long-Awaited Sequel Update","SciFiNews","news"
"Man backpack bearing Xi Jinping keychain expelled manager T&T Supermarket Ottawa Manager: want hear words you. call police, must leave now. allowed enter T&T supermarket Canada more. original video: ","fucktheccp","news"
"South Africa Denounces White Refugees Leaving Chance Take Stuff Kill","fragilecommunism","news"
"List victims survivors psyops mentioning Aquino compilled days research three years ago found simply enough. likely tip iceberg. vouch assert, yet corroborate much coincidence, including seen Aquino connected perpetrators fascist agenda beginning 80s satanic panic revived QAnon recovered, often decades later, artificially supressed implanted memories. QAnon used many survivors, including Fiona Barnet, poster victims despite protest. consider QAnon casualties well victims trauma-inducing memory supression torture preformed Aquino accessories many whom, including Aquino, employ US military victims tortured. hope recognized action taken soon torture addressed globally unique symptoms memory supression internationally-baned experimentation torture identified survivors get proper help decades-long cases trauma.","QAnonCasualties","news"
"Kroger overcharges customers items marked sale, Consumer Reports finds new investigation found price tag errors supermarket giant's stores leading customers overcharged many items marked discounted sale.","rva","news"
"Australia's childhood vaccination rates declining, sparking fears risk herd immunity percentage fully vaccinated age two 92.1 per cent 89.4 per cent time frame, ""When look adolescent data dropping well 80 per cent really concerning,"" Dr Grohmann said.","australia","news"
"Gavin Newsom commits major funding boost California high-speed rail project","California_Politics","news"
