"possible Catholic childless? Hey, guys. I‚Äôm 23f I‚Äôm looking convert Catholic faith. I‚Äôm aware Catholic marriage, must try children. never want say never maybe get older, want kids someday. However, right now, I‚Äôm choosing kids. still become Catholic don‚Äôt want kids?","Catholicism","religion"
"hand placements praying someone mean different things? I‚Äôm pretty new Christianity, family isn‚Äôt Christian decided want 3 months ago. sometimes people pray service youth, know people usually place hand someone‚Äôs shoulder praying them, mean anything different put hand somewhere else? Like someone praying ground put hand knee, like mean anything different","Christianity","religion"
"Changing scenario Atheist turn argument around. say God bless. say follow belief. Say okay want nothing . Say moral high ground higher. okay not. Use Christian's words themselves. politely bigoted like religion. sum up. God bless little heart.","religion","religion"
"Anyone Else Still Believe ‚ÄúOld School‚Äù Doctrines Haven‚Äôt Officially Disavowed? I‚Äôve reflecting lately much cultural climate inside outside Church shifted, especially comes topics used spoken openly prophets apostles, mostly avoided softened tone. still personally hold many ‚Äúold school‚Äù teachings, I‚Äôm trying contrarian, haven‚Äôt seen clear doctrinal reversals Brethren. Things like: ‚Ä¢ Believing Lord‚Äôs ideal men provide women nurture home, divinely appointed order still applies even world sees outdated sexist. ‚Ä¢ Believing homosexual behavior sinful contrary God‚Äôs plan children even it‚Äôs longer socially acceptable say loud many circles. ‚Ä¢ Believing Book Mormon account literal, including Native Americans Lamanite ancestry even though seen controversial academic even LDS circles today. seems like many Church feel like it‚Äôs safe quietly ‚Äúmove on‚Äù doctrines Brethren aren‚Äôt emphasizing much publicly, personally feel like unless there‚Äôs clear prophetic correction, shouldn‚Äôt discard things taught strongly past. anyone else feel like this? Like you‚Äôre bit dinosaur still believing things used considered mainstream Church seen fringe? reconcile ‚Äúmodern‚Äù cultural shifts inside outside Church? I‚Äôm trying stir contention‚ÄîI‚Äôm genuinely curious others feel tension handle it.","latterdaysaints","religion"
"Recommenedations Bible commentary/exegesis focus upon Law/Gospel distiction OT/NT - reflections upon tree knowledge good evil law lurking first time posting. Jon Moffitt Justin Perdue Theocast gave great challenge read Scriptures lens Gospel/Law distiction wondering anyone could recommend whole bible commentaries invididual book commentaries use Law/Gospel distinction focus exegesis? also reflecting upon meaning God's commandment eat tree knowledge good evil. wrong? tree good God's creation good knowledge something God Gen 3:22. also reading/reflecting upon Gen 3:3 woman adding 'you must touch it.' God's command eat fruit. me, seems humans adding God's law step towards rebellion, 'making law unto themselves' another consequence eating tree knowledge good evil. Matthew Henry commentary sees good intentioned fencing God's command. John Calvin commentary Genesis also sees addtion 'remain\ing\ obedience, expressed pious disposition anxiously observing precept God.' commentaries focus upon ways devil decieves tempts, benefitical, discuss 'tradition men' formed Christ's criticism adding Law. know first notice wondering smarter men/women said topic?","Reformed","religion"
"Ex-cult people here? wondering cult survivors willing share stories? ? I‚Äôm project, interviewing survivors cults. discussions. anyone cult survivor, willing share experience me? affiliated brand company way. don‚Äôt want make people uncomfortable cross boundaries. anyone wants share, let know! respectful, everything anonymous want! questions review over. hope post doesn‚Äôt come ignorant. Thank you!","religion","religion"
"ancient jews see demons, change troughouth ages? Hi all, Im trying understand interperet way people judea saw demons new testament specifically, bible general. however bit hard time finding sources informationor even good place start. someone explain concept demons evolved within jewish faith tine banishment babylon, new testament, point sources? Thanks!","AskHistorians","religion"
"faith God gods, would react someone called said faith ""comfortable delusion"" instead? Let clear **I saying this**. atheist questioning beliefs wrestling them. seen statement posed atheistic subreddits forums used browse. mainly accusatory said religious people even conversation, specifically describe believing something without valid, logical reason to. Because, view, anytime ""Why believe that?"" ""How know?"" introduced, foundation one's religion falls apart in view. wanted get inputs it.","religion","religion"
"Looney Tunes Characters' Religions Bugs Bunny - Lapsed Catholic Speedy Gonzales - Practicing Catholic Daffy Duck - Jewish, really practices mom town Porky Pig - Mainline Protestant Lola Bunny - Adult convert LDS Foghorn Leghorn - Southern Baptist brought Charasmatic influences local church Barnyard Dawg - Deacon said Southern Baptist church disapproves Leghorn's influences Elmer Fudd - Wuthewun Chuwches da Wefuwmation Yosemite Sam - Conservative MAGA Christian thinks need take country back God; actually stepped foot church, read religious text, prayed since kid Sylvester - Atheist; goes reddit make fun people believe Th'kydaddy Tweety Bird - Agnostic, due sheer fact probably luckiest living creature Earth leans towards sort active theism Granny - New Age faith appropriated various Eastern, Indigenous, ancient Celtic religions Wile E. Coyote - One guys Greco-Roman statues profile pic reason Roadrunner - Pentecostal Pepe le Pew - REDACTED Tasmanian Devil - Attends event feasts potlucks, spotted celebrating Passover cedars, Eid al-Fitr, Christmas Easter feasts, every Sunday afternoon Foghorn's church EDITED ADD: Michigan J. Frog - may argue religion harmful, know existing faith INTENTIONALLY evil man is. Even toxic ones think good. That's hard place Michigan J. Frog. guess say Christians think Satanists like. Witch Hazel - Voodoo practitioner Gossamer - Animist Henry Chicken Hawk - Pagan Restorationist Sam Sheepdog Ralph Wolf - Muslim Marvin Martian - Reverse Ra√´lism since alien","religion","religion"
"man died cameback life explained St Cyril Jerusalem death like one epistles St. Augustine, St. Cyril, Bishop Jerusalem, relates told man raised dead. Amongst things, said: moment soul left body, one awful pain distress one imagine anguish endured. ‚Äò conceivable suffering pain put together would nothing comparison torture underwent separation soul body."" emphasize words, addressing St. added, Cyril Thou knowest thou hast soul, thou knowest is. Thou knowest beings exist called angels, thou art ignorant nature. Thou knowest also God, thou canst comprehend being. everything corporeal shape understanding cannot grasp things. like manner impossible thee understand could suffer tense agony one short moment"" St. Cyril also, writing St. Augustine, says one three men raised dead told "" hour departure drew nigh, multitude devils, countless number, came stood me. forms horrible anything imagination conceive. One would rather burnt fire compelled look upon them. demons ranged around me, reproached misdeeds ever done, thinking drive despair. fact given way them. God mercy come succor""","religion","religion"
"WHT Christians believe Evolution Hello coming someone 17 understand evolution Bible perfectly bare with.I wanted know many Christians evolution get. religious all, think anyway prove universe came like speculate, could've came giant universe shitting dog knowüòÇ. understand Christians evolution. think evolution explains life came earth disprove anything. disprove existence Jesus, disprove existence souls, disprove existence heaven, hell demons angles. thing disprove story garden eden Bible explains universe created think suppose take literally metaphorically. Like pretty sure universe created 7 days took billions years. Christians it. Sorry may disrespected belief anyway.","religion","religion"
"many people combatative discussing world religions? intense fixation religion since kid, intellectual level, love discuss it. found lot I say ""most"" lived experience small sample size people discuss much debate argue. can't neutral conversation faiths even father. want discuss interesting part church history, something learned Islam; seems launch pre-programmed apologetics course head. Everything come back arguments Christ. say something good another religion besides Judaism, respects take debate point needs knocked replaced Jesus. contrast, talk mother; ask questions look something online know. almost identical belief system, devout; think religion in-and-of itself. follow lot religious scholars, happen atheists, put thoughtful nuanced commentary. scroll comments mostly either ""wow reLIEgion cancer"" ""Here's denomination stupid True Church"". former pretty much polar opposite beliefs described father, vibes dissposition. curiosity. wrestling ideas. fascination worldviews outside own. combativeness. sub really cool people like discussing religion beyond arguments.","religion","religion"
"Phenomenon Banal na Pag-aaral Veneration Ate Salve Religious movements often emerge blend faith, tradition, personal experiences. One movement, Banal na Pag-aaral BNP, originated Philippines incorporates elements Catholicism unique spiritual beliefs. Founded 1968, BNP teaches devotion Mahal na Ingkong, divine figure believed communicate Mrs. Salve Carreon, serves chairperson movement Concerns Cult-Like Practices former members described BNP cult-like tendencies, particularly veneration Ate Salve. One ex-member shared experience witnessing ""divine transformation"" Ate Salve allegedly seen Jesus Christ ritual held early hours morning. secrecy intensity ceremonies led question movement‚Äôs authenticity alignment Catholic teachings Financial Fundraising Controversies Critics also raised concerns BNP‚Äôs fundraising activities, include beauty pageants concerts. argue events contradict traditional Catholic values, particularly promoting glamour entertainment rather humility devotion Religious movements cult-like organizations always existed fringes mainstream faith, offering alternative interpretations spirituality divine intervention. One group, Banal na Pag-aaral, presents curious blend Catholic traditions unorthodox practices. center community's veneration stands figure known Ate Salve, whose followers believe played pivotal role disappearance COVID-19. ### Belief Ate Salve‚Äôs Divine Role According members Banal na Pag-aaral, Ate Salve revered figure‚Äîshe seen savior. death, coinciding decline pandemic, interpreted sacrificial act led eradication COVID-19. Rather bury her, placed coffin prayer room, turning resting place shrine devotion worship. ### Religious Practices Rituals Followers movement gather pray Ate Salve, believing divine intervention power. offer praises, petition miracles, treat spiritual figure saint-like reverence. act preserving body within sacred space rather following traditional burial customs signals deep spiritual devotion transcends conventional Catholic teachings. ### Psychological Cultural Implications phenomenon raises intriguing questions faith, collective belief, human need spiritual security. Throughout history, people sought figures guide crisis, attributing supernatural qualities individuals emerge symbols hope. Ate Salve‚Äôs veneration reflects psychological need reassurance amid uncertainty, much like saints religious icons historically revered. cultural perspective, practice reveals religious syncretism lead unique interpretations faith. fusion Catholic elements unconventional rituals highlights belief systems evolve based societal experiences, particularly times adversity. devotion Ate Salve Banal na Pag-aaral testament complexities human faith. Whether seen act misguided reverence genuine spiritual movement, veneration figure demonstrates power belief shaping communities. reminder faith, core, deeply personal often defies conventional understanding.","religion","religion"
"religions justify description God omnipresent without pantheistic? seems logical believe God omnipresent would pantheist or possibly panentheist. religions like Christianity Islam maintain image God kind transcendent being, heavens sky looking us protecting us? conception seems obviously conflict idea God omnipresent. stark contrast religions creator created seems misleading God truly omnipresent. come conclusion Christians Muslims truly believed God omnipresent would hold pantheistic beliefs. hold pantheistic beliefs, really think God omnipresent. Rather get sense believe weaker form presence, like essence God present creation. bit like artist's signature work, child might resemble parent. love someone explain think wrong interpretation is.","religion","religion"
"Let know allowed, see rules assume okay want know religion focused based belief Greek Roman gods.","religion","religion"
"Question Muslims Non-Muslim wishing respectfully ask Muslim friends couple things find extremely hypocritical- selective outrage comes atrocities Muslims ? totally agree Israel Gaza unacceptably heinous pro-Israel time, see amount posts stories support Baloch Muslims, Kurdish Muslims, Chinese Muslims etc ? equally Muslim equally persecuted ? outrage restricted Gaza Kashmir's Muslims never intensity Muslim victims mentioned ? seems y'all care perpetrators atrocities non-Muslims done Muslimsor China reason. Yes know individual voices speak Muslims cannot deny nothing compared amount Instagram stories see support Palestine. ?","religion","religion"
"religion creates best society? believe religion which, everyone practiced it, best society would result? best society result great amount religious diversity?","religion","religion"
"happens there‚Äôs nothing left reincarnate into? question anyone believes reincarnation Buddhism, Hinduism, etc, specifically people reborn Earth creatures Suppose catastrophic event occurs, wiping life Earth. things left bacteria similar organisms, stuck eternal loop reincarnating eventually fades away? it‚Äôs straight life, cycle reincarnation stop? happens people didn‚Äôt reach whatever point supposed to? instance, Buddhism, remember correctly, idea it‚Äôs indefinite cycle reincarnation eventually figure become ‚Äúenlightened‚Äù achieve nirvana. happens run things reincarnate as, everyone made far? bit less realistic question, final thought, whether deliberately not, one ‚Äúrank‚Äù animals died out. example, knowledge cattle sacred Hinduism highest at least Earthly level reincarnation. cattle died, would work? Would gap cycle preventing progress, would something move fill space, something else?","religion","religion"
"don‚Äôt understand concept heaven. Mainly talking Islam Christianity here. understand idea considered morally good Earth believe worship singular God go Jannah Islam heaven Christianity. However can‚Äôt wrap head around fact rest eternity. understand supposed best possible place imaginable, however surely thousands millions years would lead sort issue discomfort people / souls people. know it‚Äôs like soul heaven it‚Äôs like one would go crazy brain psychologically, feel like seems almost pointless place you‚Äôre stuck forever‚Ä¶ I‚Äôm sorry offended anyone question I‚Äôm genuinely curious people think heaven ‚Äúthe good place‚Äù works religions.","religion","religion"
"name doesn‚Äôt matter I‚Äôve reflecting something lately. billions people across world praying different gods, convinced version true one, makes wonder: God actually care name use Him? many religions it‚Äôs considered sin worship another god. pause think moment: truly God, would really offended someone calling Jesus instead Allah? Allah instead Adonai? Would all-knowing, all-loving Creator really caught kinds labels? would vast powerful care nuance names, especially intention behind prayer same‚Äîseeking connection, guidance, meaning?","religion","religion"
"believe heaven exists, please explain scenario mum good goes heaven, I‚Äôm bad end hell, surely can‚Äôt truly heaven mum, wouldn‚Äôt there.","religion","religion"
"What's best argument existence God? Believers, ever able convince Atheist God's existence successfully? Or, least get wonder? so, say? Atheists/Agnostics, even believe God, anyone ever said something made go ""huh, maybe..."" short while?","religion","religion"
"come religion? Genuinely curious- everyone decide, myriad religions, spiritualities, worldviews, true? answer question seems polite: seemed historically, theologically philosophically accurate","religion","religion"
"""hate sin, love sinner"" problematic saying often hear people, especially Christian circles, use phrase ""hate sin, love sinner."" theory, good idea: love person human matter believe. feel, though, like problematic way look it. People use phrase at least experience tend use justification persecuting discriminating others different are. emphasis seems ""hate"" part it, ""sin"" often seems homosexuality. seems condescending. ""I hate believe do, going make sure know that, oh, worry, love person even though sinner."" backhanded that? saying agree encourage someone else's beliefs, even accept that's much ask, even mention hatred? strong word. disagree someone's beliefs actions, short murder, rape, horrific things like that, can't say HATE anything. Strongly dislike? Yes. Morally disagree with? Absolutely. feel like toss phrase window. Anyone else feel like this?","religion","religion"
"Apostasy Definition apostasy online : 1. Abandonment one's religious faith, political party, one's principles, cause. 2. abandonment one voluntarily professed; total desertion departure one's faith, principles, party; esp., renunciation religious faith. 3. renunciation belief set beliefs. definition apostasy? mean religion? happens apostatize religion?","religion","religion"
"Questions god search truth Hello everyone, feels hard call christian sort off-on relationship god. constantly limiting believes can't really find answers search truth wanted ask collective intelligence Reddit. are: 1. GOD religion Psyop give people morals, societies work better? Maybe reason GOD ""exists"" keep average man weak. take wants. 2. Animals obviously morals - we? go rules not? 3. GOD created us humans Adam Eve directly scientific evidence shows evolved time. 4. something created us - something god. something theory also create god, right? 5. god really existed christianity which must humans already alive point, evidence that? 6. single real ""GOD"" many people think different gods? Christianity, Islam, Judaism etc. - one real god would come conclusion right one wouldnt they?","religion","religion"
"Christian question that‚Äôs mind recently: need believe Jesus saved? Saw video Latter Day Saint Protestant discussing this. It‚Äôs well articulated too. would interested thoughts.","religion","religion"
"offence but, deeply religious people mental illness? mean disrespect. wouldn‚Äôt say i‚Äôm religious follow aspects respect religion is. person question younger sister 18f. overtime become religious point think delusional bit psychotic. makes everything religion normal conversations number one thing got indirectly offended one story told mum. Long story short, got invited muslim gathering university thing i‚Äôm quite sure. gotten home bragged mum attending gathering hoping converted someone christianity. mum told ‚Äúdon‚Äôt force people religion‚Äù find disgusting disrespectful go muslim event intention converting someone. sort delusion brainwashing. She‚Äôs religious often perspective she‚Äôs exactly decent person doesn‚Äôt reflect Christian beliefs. talks bunch bs imo.","religion","religion"
"AMA: Spiritual Atheist, Practitioner, Tarot Reader, more! Hey! bored usually post r/AMA reddit usually allows posts religion & spirituality thought come here. posted similar posts past - might recognize older ""AMA: Spiritual Atheist"" posts ; - thought would fun broaden usual post aspects practice! Sometimes, guys little predatory here, going make known right ASK anything, ANSWER anything. something makes uncomfortable, answering. said, usually pretty open often great questions, afraid ask long **polite & respectful** path & story may differ yours. Anyways, things ask about: \- Spiritual Atheist. Though believe gods, believe spirits. believe folks like Hephaestus Sky Woman exist, gods anything like that. top this, incorporate different religious, scientific, cultural, spiritual beliefs beliefs workings typically witchcraft general beliefs & knowledge too. say like syncretism. \- tarot reader. practicing 7-9 years now. started using exclusively scientific & cultural approaches, spirituality heavily intertwined now. \- consider Native American Practitioner yes, Native; **no, Medicine Man**. share much cultural knowledge, especially sacred knowledge, **you ask story general**. \- practice witchcraft. typically drawn glamour magic, sea witchcraft, crystal work, spirit work... there's plethora things either knowledge of. Overall, kind mixing pot beliefs, tend follow older ways, cultural teachings, unique interpretations. typically prescribe new ageist concepts, picked one two seemed cool. take work & beliefs seriously I often say called *practice* reason, like fun things + help folks :D Thanks! Hope answer questions soon.","religion","religion"
"questions 43 went Trinity Christian read Bible most. Ive studied religions. None make sense. give money give something. proof purchase? something ? Like streets gold sky? blue white.I'm supposed find death!? stock market better option. Faith? Yeah family. goal? Jesus coming.... 2k years pretty sure dead, really want grandfather back dead . continuously force religion one wants needs it? actually think someone watching sky can't see? Bc that's called government. even going start 14 virgins bc that's totally ridiculous.... See saying? pretty open person old rich guys trying run world üåé per usual. buy all? Greater good starts home. Jesus said lift stone there, could say 1st bible salesmen. get suppose.","religion","religion"
"Hijab islam Dear muslims, strong questions hijabhair cover islam,anyone info ready willing answer me,plz dm me,I would highly appreciate","religion","religion"
"afterlife? I‚Äôm religious person, go Catholic school I‚Äôm sophomore. girlfriend, I‚Äôve going church often. believe afterlife death there‚Äôs little percentage head thinks die it‚Äôs conscious mind black space I‚Äôll never escape. anyway make 100% believe afterlife without doubts.","religion","religion"
"who‚Äôve experienced church hurt‚Äîwhat would need feel safe welcomed church again? Hey all, I‚Äôm pastor Dallas interested starting church around healing, honesty, radical welcome‚Äîespecially people who‚Äôve hurt, excluded, disillusioned past church experiences. you‚Äôve walked away church, burned leadership, struggled church culture, felt like didn‚Äôt belong‚Ä¶ I‚Äôd love hear you. **What would need see church feel safe again?** kind environment, practices, leadership, values would matter you? would make say, *‚ÄúMaybe could try again‚Äù?*","religion","religion"
"What‚Äôs personal biggest single truth belief system? resonate drawn personal Acquittance belief system? Please distinguish you‚Äôre using word word quotes teachings vs personal meaning.","religion","religion"
"Saint Sara Kali worship Western folk Shaktism people have presented reasons think Sara Kali originally Goddess Durga. parts South America Sara Kali worship popular far beyond Roma communities; books devotional content statues commonly found _botanicas_. sure think found, within said devotional content, requests thanks directly addressed Her, intercessor God like Catholic people address saints. also syncretized least One Deity within African diasporic religions. Could Sara Kali worship interpreted kind Western folk Shaktism?","religion","religion"
"Ex-cult people here? wondering cult survivors willing share stories? ? I‚Äôm project, interviewing survivors cults. discussions. anyone cult survivor, willing share experience me? affiliated brand company way. don‚Äôt want make people uncomfortable cross boundaries. anyone wants share, let know! respectful, everything anonymous want! questions review over. hope post doesn‚Äôt come ignorant. Thank you!","religion","religion"
"one Muslim without believing Muhammad? predicament. believe whole One Almighty God/Creator whether call Yahweh Father Allah. really like certain actions sayings Muhammad especially based Sunni Shia hadiths sources. dont much issues Quran possible person muslim without believing muhammad?","religion","religion"
"Muslims use different standard Quran provides identifying Muhammad earlier Scriptures. Preface: Apologizes isn‚Äôt right sub this, tried ask question another sub received one response. I‚Äôm hoping understand perspective case works within Islamic framework. ask respect make arguments, would love understand thought process : Lately, I‚Äôve seen increasing number videos Muslims, responding question Muhammad mentioned earlier scriptures, go beyond boundaries Quran appears set. I‚Äôm genuinely curious reasoning behind approach‚Äîwhat logic is, whether there's basis it. provide context unfamiliar: Quran puts forward following verse kind proof text Muhammad‚Äôs prophethood: ‚ÄúThose follow Messenger, unlettered Prophet, find written Torah Gospel them‚Ä¶‚Äù ‚Äî Surah 7:157 According verse, Muhammad‚Äôs description said found specifically Torah Gospel Injeel‚Äîas would understood 7th century. **only two scriptures explicitly mentioned** containing description. However, I‚Äôve noticed many Muslim apologists online users cite passages parts Bible‚Äîtexts fall outside Torah the first five books Hebrew Scriptures Gospel. examples Isaiah 29, Isaiah 42, Song Solomon 5. questions: 1. citing passages unaware part historically established Torah? 2. believe books included broader definition ‚ÄúTorah,‚Äù therefore view part Allah‚Äôs divine revelation? fully understand Muslim might appeal texts like Deuteronomy Gospel John, since could fit within Quran‚Äôs framework I disagree Muhammad there, that‚Äôs another topic. it‚Äôs much harder see citing, let‚Äôs say Romans Jude New Testament, makes less sense citing Isaiah‚Äî neither would align Quran‚Äôs stated criteria. So, appeal texts? matter interpreting, attempt simply try find Muhammad anywhere appeal broader Jewish Christian audience?","religion","religion"
"Religion role society Oriental Asia development üá®üá≥üáØüáµüá∞üá∑ Before all, im expert study religion society knowledge kinda shallow im open corrected know religion played important role formation western societies; numbers people could read increased virtue Bible reading, church responsible funding several scientific institutions would universities know west church, morals today derive extent Christianity morality etc. made question religion important role oriental asia China, Japan, Korea etc exactly unfolded areas education, sciences, morality, politics etc.","religion","religion"
"Question: 107 billion humans existed Christianity minority, people go? NO DISRESPECT BELIEFS want misunderstandings, sincere honest question dealing with. Scientists estimate 107 billion people lived throughout human history. Christianity, globally significant, represents fraction population, especially factor centuries civilizations even existed. So, people go? Catholic Church largely distanced idea Limbo ""in-between"" place. salvation Christ alone, happens billions never even heard name? answer ""God judges based conscience,"religion" seems like faith actually necessary salvation. even then, conscience universal constant, shaped heavily culture, upbringing, environment. example, talk universal moral laws like ""don't kill,"religion" societies throughout history found ways around that. tribes practiced cannibalism. Aztecs performed mass human sacrifices. love hear different perspectives tackle can't seem even find answer this.","religion","religion"
"Triad: God, Universe Human last months, honestly probably years, building sense faith. started studying various spiritual practices. moved observing accepting universe form god. Looked daoism, stoicism, Hinduism, Buddhism, course Christianity. family Christian. made question lot things. questioned much learned much began realize certain things different methodologies. eventually began create sense faith. Still beginning stages something works me. ""system"" changed life better three months. curious see goes. enough rambling, let explain. studying conclusion form connection God universe. one point looked Pantheism, accepted God universe one same. one thing addressed methodology, humans. Perhaps overlooked importance humans research, never seemed humans important God universe. always seemed humans praise God that. humans follow rules stated religious texts methodologies it. currently creating importance placed three, equally. easiest way explain all, least, gaming terms. God administrator, universe code, humans players. game, players determine success game. Much like life. Every human different experiences such, therefore different relationships God universe. Honestly tired rambling now, please tell think far. Ask questions, dig deeper. answer anything whenever can.","religion","religion"
"Muslims comments: Peaceloving? I‚Äôve always respected religions and, someone identifies agnostic, I‚Äôve never particularly concerned religious identities. However, recent years, certain incidents online interactions left feeling deeply troubled disillusioned‚Äîparticularly members Muslim community even consider progressive express political social debates. concerns tone content many comments see online‚Äîoften hostile, dismissive perspectives, even threatening. people quite open killing others, spreading violence democratic countries. patterns visible among regions conflict also among individuals well-educated living developed, democratic societies. find asking: global sympathy support often flow one direction, even seems significant political, financial, social capital already side? hard engage logical, respectful dialogue matters? conservative, right wing person tending support believe them/their agendas anymore. playing politics international level like others.","religion","religion"
"several religions use sacrifices make things happen/seal deal, etc. Often liquor food, sometimes animal sacrifice, blood petitioner. religion pray/petition god/cast spell sacrifice dignity? Like, instead cutting hand chicken's neck, pouring rum burning fatted calf, god listen interpretive dance front coworkers? read poetry crush school cafeteria? tell dad just..want to...*sing*? sacrifices always physical? know stupid question, r/stupidquestions allow religion posts, inflicting you. sorry, sorry enough it.","religion","religion"
"okay veil Muslim? wanted take question reddit since wanted input people felt. context, transfem person who's studying religions past years, recently beliefs, specifically religious attire way pray, inspired Islamic practices. recently bought scarf somewhat resembles hijab worn. concern lies within fact majority population city Muslim. want veil public able practice beliefs time want come disrespectful religion. there's Muslim people give direct opinions, love hear it! question people answer, though. Thank <3","religion","religion"
"Beat Translations/Versions religious texts? person mission read many religious texts possible. Coming view enjoying mythology general, rather trying pick specific belief system. read religious texts, especially said religion, recommendations specific translation, annotation version, publishing brand? advance would helpful. I made typo title; meant best.","religion","religion"
"Religion: god letting people suffer. smart, neither really research religion 'cause random 15 yo know mine think every evil thing happens fault one thing person know every action every human written know theyre loyal god sins. consiquence actions shown death decided go heaven punished. God really decide wants test everyone uses free good things life sin. just opinion think might reason said know much religion","religion","religion"
"Plothole Islam lack knowledge. may tell beforehand interest even dull thought converting Islam theres nothing wrong asking questions right? mine, someone born 2000 years now, still rotting hell according yall? Also, almighty shallow send hell worshipping another name him? Prolly thousands planets life, care earthlings? much yap simple question wanted point clear. intent hating, pure curiosity","religion","religion"
"Fulfill = Diminish according Christians. example: Christians obey Torah? No, think aka Torah diminished eyes Almighty's eyes. Deu 4:2 ""Ye shall add unto word command you, neither shall ye diminish ought it, ye may keep commandments YHWH Elohim command you."" >>That means writing person changes Commandments Torah brings New Commandments different Torah, true. future keeping Torah judged it. **If law done away need anymore .....Then taught future?** Isa 2:3 many people shall go say, Come ye, let us go mountain YHWH, house Elohim Jacob; teach us ways, walk paths: >>for Zion shall go forth Torah, **If law done away need anymore..... judged future?** Isa 24:5 land deceived inhabitants, transgressed instructions, infracted statutes, broke everlasting covenantTorah. Isa 24:6 Therefore, oath consumed land, inhabitants thereof wasted; therefore, inhabitants land dried up, people remained. **If law done away need anymore ..... keeping future?** Isa 66:22-23 new heavens new earth make stand Me,declares YHWH, seed name shall stand. shall New Moon New Moon, Sabbath Sabbath, flesh shall come worship Me, declares YHWH. Zec 14:16-17 shall come pass, every one left nations came Jerusalem shall go year year worship King, YHWH hosts, keep feast tabernacles. shall be, whoso families earth goeth unto Jerusalem worship King, YHWH hosts, upon shall rain. Zec 14:18-19 family Egypt go up, come not, shall overflow; shall plague, wherewith YHWH smite nations go keep feast tabernacles. shall punishment Egypt, punishment nations go keep feast tabernacles. Mic 4:2 many nations shall go say: 'Come ye, let us go mountain YHWH, house Elohim Jacob; teach us ways, walk paths'; Zion shall go forth law, word YHWH Jerusalem. **If law done away need anymore....Then one uncircumcised FLESH allowed enter Future Temple?** Ezek 44:9 Thus saith Adonoy YHWH: alien, uncircumcised heart uncircumcised flesh, shall enter sanctuary, even alien among children Israel. law done away need anymore... animal sin sacrifices Temple rebuilt? Ezekiel 45:17-46:16 upon day shall prince prepare people land bullock sin-offering. Eze 45:22 Eze 46:2 prince shall enter way vestibule gate without, shall stand doorpost gate, >>>and priests shall offer burnt-offering peace-offering, shall prostrate threshold gate, go out, gate shall closed evening. Ezekiel chapters 40-48 describe future third temple, messianic. Identity Prince Eze 34:23 set one shepherd them, shall feed them, even servant David; shall feed them, shall shepherd. Eze 34:24 YHWH Elohim, servant David Prince among them; YHWH spoken. **If law done away need anymore.....Then prophesied heart?** Jer 31:33 shall covenant make house Israel; days, saith YHWH, >>>I put Torah inward parts, write hearts; Torah written, written generations would ever exist. Torah written every single person throughout history. **And finally, law done away need anymore.....Then say diminish it?** Deu 4:2 Ye shall add word command you, neither shall ye diminish it, keep commandments YHWH Elohim command you. Deu 12:32 thing soever command you, observe it: thou shalt add thereto, diminish it. reading verses, disagree?","religion","religion"
"pro-LGBT religion progressive version existing religion, philosophy, antagonistic version another existing religion? thinking it, really come any. ones came mind progressive branches already existing religions, Buddhism which philosophy - *Edit, religion, sorry, mean offend, ignorance part*, Satanism which antagonistic religion Christianity‚Äîcorrect I‚Äôm wrong. couldn‚Äôt think religion isn‚Äôt philosophy ‚Äúoriginal‚Äù religion meaning one without direct influence another religion. would also interesting know religion official stance subject.","religion","religion"
"fan of organized religion believe living God, ""spirit inspiration"" mentioned Quran quickening mentioned Bible. God limitless people try limit book people said thousands years ago? religious people consider could wrong things? arrogance astounding scary. could discuss honestly maybe could arrive better conclusions world way is. Here's comment made earlier happy anyone would like comment it. sort culmination read Quran Bible speculative, freedom discuss something whether right wrong.","religion","religion"
"Eclectic Pagans - eclectic you? Note mods: created religion draw heavily traditional witchcraft/eclectic paganism. Please don‚Äôt delete. remember reading book traditional witchcraft said something clicked me. made reconsider perspective Catholicism/Christianity culture. went along lines of: European culture Christian culture, DNA one deny it. continue Christian culture thousand years changes something else. Note: DNA don‚Äôt mean far fringe outlandish Thulean, Hyperborean, Atlantean super-genes far right seem obsess over. mean - Christianity huge influence European culture - something fully discard right due ingrained is. remember thinking author clearly pagan interesting view things. kinda went back roots started draw experiences catholic refine practices - don‚Äôt hate Christianity Catholicism, tend reject hostile practices towards body christ. Even though don‚Äôt believe. rosaries, adopted image Mary represent goddess - don‚Äôt call Mary though. well cross plain cross adopted concepts. Blessings Trinity. Among practices religions influences various degrees: Luciferianism, Gnosticism, Asatru, Faery Faith/lore, Southern Conjure Celtic Paganism.","religion","religion"
"People belive afterlife would say god gives free pace heaven people severe intelectual disabilities like syndrome low functioning autism? kind dick move send someone hell unable understand god religion is.","religion","religion"
"modern Catholics think burning mystics middle ages ? recently came across video french mystic Marguerite Porete esoterica . final tragic fate burned stake Inquisition left questions. theologicaly permissible burn someone heresy ? person truely close god take blame /sin death?","religion","religion"
"Definitions matter: Even Islam polytheistic based definitions used posts see, usually Muslims, asking Christianity polytheistic due Trinity. Sometimes outright accusing polytheistic. Sometimes people confused Hinduism polytheistic monotheistic something else. Sometimes people confused Buddhism atheistic polytheistic something else. love people understood importance definitions. Even Islam polytheistic. comes definitions. definition ""god"", definition ""worship"" etc etc words universally accepted definitions. easily use definitions words Islam polytheistic. devout Hindu, called atheist, polytheist, henotheist, panentheist, monotheist etc etc, even multiple time, depending one chooses define words.","religion","religion"
"need help finding information two saints! churches alter two relics, ones Saint Aeralia, martyr Saint Aelodore, martyr. think told relics papers information misplaced somewhere can‚Äôt find anywhere! anybody find information two saints would appreciative! photo posted little information lol. parish Lady Angels Hermiston Oregon wondering also I‚Äôm new Reddit don‚Äôt know lot things work try best! also prob respond guys lol since don‚Äôt spend much time here! Thanks again!!","Catholicism","religion"
"Free Friday I‚Äôve gotten rosary making. third one I‚Äôve made. It‚Äôs really relaxing easy get into! Free Friday","Catholicism","religion"
"Catholic? baptized Greek Orthodox, mother Catholic get confession, Holy Communion, Confirmation Catholic Church well. Catholic? parish growing never said anything it. I‚Äôm sure actual Catholic. Edit: I‚Äôve calling Catholic since kid I‚Äôm really hoping one.","Catholicism","religion"
"Communion without confession. Hello all. title says need know take communion without confession confirmation mass. Sadly, couldnt make confessions wednesday today none. Bishop Diocese im sure could ask quickly confess. anything besides sitting others take it? last minute fix this? Thanks!","Catholicism","religion"
"go bible study lukewarm christian sister? month, talking hell real, also speaks satanists, say God put pleasureful things world enjoyed with little respect contexts. think believes importance God says which swear, really confused integrate life. atheist boyfriend see problem that. really want help get sexual sin understand God direct life good, know passages pick explain them. showed parable rich man going hell, changed mind hell offered bible study her. said yes. question prudent ground cover, learn explain important passages.","Catholicism","religion"
"get hands Bible? Since country muslim mostly Bibles arent sold even theyre orthodox ones. converted secretly. family dosent know","Catholicism","religion"
"don‚Äôt know believe anymore unless God makes unmistakably real me, think that's unfair ask. don‚Äôt know anymore. used Christian. pursued God everything had. prayed, looked signs, felt things prayer. interpreted coincidences answers. point, realized could explained confirmation bias, emotion, psychology. Everything took confirmation could easily mind trying believe. Nothing unmistakable. Nothing ever God. I‚Äôm place honestly know exists. still hope does. long Him. Existentially, emotionally, spiritually, want Creator. want relationship Him. even told recently, ‚ÄúIf there, you‚Äôre good, want follow you.‚Äù said I‚Äôd disobey anything goes know good, I‚Äôd still believe, want truth. even said, ‚ÄúIf you‚Äôre going overwhelm me, it‚Äôs going terrifying, fine, it. show me. trust that.‚Äù hasn‚Äôt, silence deafening. see people powerful arguments Christianity, Matt Dillahunty, Aron Ra, scientists, historians. There‚Äôs empirical proof afterlife. fact, there‚Äôs strong evidence it. Christianity falls apart scrutiny. Bible full contradictions. God could made things obvious. didn‚Äôt. could preserved word better. didn‚Äôt. could appear every generation like supposedly biblical times. doesn‚Äôt. Why? always ambiguous enough dismissed? leave important truth universe interpretation? I‚Äôve thought: Maybe God knows I‚Äôd reject even revealed me. fair? least give chance reject knowingly? He‚Äôs real knows I‚Äôd respond trust, keep hiding? leave nothing longing silence? let live world belief feels like self deception unbelief feels like honest option? live partner. We‚Äôre married. sex. I‚Äôm sinner. doubts. I‚Äôm flawed. Could won‚Äôt show Himself? heart hard? reprobate? already rejected don‚Äôt know it? want believe. want follow what‚Äôs true. need know what‚Äôs true. told Him: you‚Äôre real, show me. Give kind experience Paul had. Something unmistakable. Something religion psychological explanation copy. follow. want know I‚Äôm wasting life lie. want know I‚Äôm going die it‚Äôs lights forever. don‚Äôt want comfort. want truth. He‚Äôs real, He‚Äôs good, trust whatever kind experience takes shake core, that, okay, I‚Äôll hands. can‚Äôt move forward ambiguity anymore. can‚Äôt follow religion makes life harder gives nothing clear return. can‚Äôt keep forcing belief don‚Äôt have. I‚Äôve already lived life. I‚Äôm saying openly God, He‚Äôs listening: Please show me. want know you. need unmistakable. feelings. signs reinterpret. Something leaves room doubt. Let see you. Let know really are. Jesus, Krishna, whoever are, let know. otherwise, can‚Äôt anymore. I‚Äôm going follow something might complete waste life have. know makes me. know I‚Äôm lying anymore. God real, He‚Äôs good, He‚Äôll understand that.","Catholicism","religion"
"Serbian American I‚Äôve contemplating years converting Catholicism Byzantine rite church near I‚Äôm honestly scared convert I‚Äôll lose one last parts culture possible outcast family","Catholicism","religion"
"favorite fictional character depictions Catholics? mine Daredevil: believe Daredevil great job depicting human condition daily struggle sin. Something really relate to. Nightcrawler: Nightcrawler excels describing faith, guidance, expressing faith around him. Nightcrawler encouraging word Marvel universe Doomguy: basically St. Michael, 'nough said","Catholicism","religion"
"Best Spanish Bible? read Nacar-Colunga Bishop Straubinger's translation much par, Straubinger's relevant Catholic commentary scriptures, would like know good relation price difference two Straubinger's worth double even triple Nacar-Colunga.","Catholicism","religion"
"Accidentally abstaining Friday I‚Äôm dinner tonight, Friday night, notice burrito doesn‚Äôt meat it. ‚ÄúHuh,‚Äù thought myself. ‚ÄúKinda bland. gotten chicken.‚Äù ‚Ä¶ ‚Ä¶ ‚ÄúWait,‚Äù remembered. ‚ÄúIt‚Äôs Friday. eaten meat yet today?‚Äù Checks notes ‚Ä¶ egg sandwich lunch. ‚Ä¶ ‚ÄúScore! accidentally penance today!‚Äù Sooo, wise internet strangers, actually penance, eating meat accident count? things keep night. üòÇ Edit: Obviously, I‚Äôm cheeky know reason penance remind Christ‚Äôs sacrifice. catching impetus need pray. seriousness, I‚Äôm mostly asking spirit penance void aren‚Äôt purposefully.","Catholicism","religion"
"Rediscovering Faith go Hello Everyone, currently process rediscovering faith. raised Catholic confirmed 12. looking purchase Bible noticed different kinds. looking opinions good place start far bible concerned. thoughts appreciated. Thanks,","Catholicism","religion"
"big heaven? Let‚Äôs assume 1 trillion humans make heaven. saw estimate total number humans ever lived 117 billion. So, I‚Äôm giving us wiggle room future generations, fact everyone makes top. So, nice round trillion sounded good. Next, let‚Äôs assume person allotted 10,000 square meters living space Kingdom. It‚Äôs way you‚Äôd need, heaven all, let‚Äôs live up. totals 1X10 16th power square meters 1x10 13th square kilometers. That‚Äôs cube 21,544 kilometers side. Let‚Äôs make ten times bigger side space Jesus, Father, throne room, angels, common areas, racquetball. So, arrive cube 220,000 kilometers side. New Jerusalem could easily hide behind red dwarf star 20 light years we‚Äôd never see it.","Catholicism","religion"
"well catholic priests know latin practice? know required priests speak latin well actually speak It. Let's say go church diffeent lamguage would want confess latin since speak local lamguage, would avarage priest understand saying?","Catholicism","religion"
"i‚Äôm baptised never church there catholic church nearby want become catholic anybody ways still catholic impossible since im baptised","Catholicism","religion"
"one supposed find hidden God? people think odd God, exists, would make existence apparent. may aware atheist argument ""divine hiddenness"" show think matter further. first, say considering whether believe exists. question asking is, makes someone arrive conclusion God exists. since mostly concerned means would arrive conclusion, say at: upon learning Christianity see interesting, attractive, yet demanding, importantly coherent worldview. alternative also coherent worldview, eyes, use philosophy show Christianity accord reason, also defend alternative philosophical beliefs. possible, opinion, arrive Christianity using exclusively rational means. seems me, philosophy, natural theology, whole world really, best, gently points towards God, never forces us. case objectivelyhis presence evident world, miracles observed incredible minority people subjectivelythere definitive rational proof matter. think, maybe something specific mysterious needed accept him. Something wants us, would able get forced us believe. would explain ""divine hiddenness"" sure is. suppose left following situation: learned quite bit Christianity, might gotten far one reason, accept Christianity, seems, need something else clue might be. would kind advise matter.","Catholicism","religion"
"normal feel like hypocrite Maybe title misleading, feel like go different phases every then. Sometimes really well, steer far away sin. periods last short. times nosedive become completely engulfed sin. know actively sinning it, anyway, feel bad it. slips still pray, still go mass I don‚Äôt receive state mortal sin, still try. it‚Äôs still big slip, feel like get heaven God mention prayed went mass, actively opposing sinful actions. thoughts this? normal feel different kinds phases?","Catholicism","religion"
"longer believe mythology believe God Hi maybe guys help figure out. raised Hindu increasingly questioning mythology superstitions really know superstitions stop truth begin believe heart power within us, individually collectively. envy people believe god... least know God help hand know God brain power consciousness whatever. guys manage internal struggle???","aetheism","religion"
"Hey Reddit, ideas fake religion? years ago created fake religion called Atariology. killer logo  manifesto  selling T-shirts, Atari got wind sent cease desist copyright infringement T-shirt distributor. briefly lot hits website Gizmodo covered site.  quite ago. asked Quora do, get advice infringed Atari's copyright. know Atari struggling, sure ready endorse fake religion based idea life video game. Anyway, thought would throw see hivemind ideas take concept next.","aetheism","religion"
"afraid ? cant stop fearing death happen us life. afraid following true religion. afraid god. never know god punish not. always trying good person mental illness making life hard. Please help .","religion","religion"
"Young Earth Creationism megachurches seemingly uniquely American thing? talking people like Ken Ham Australian, know Kent Hovind, proponents YEC, believe earth 6,000-10,000 years old ""math"" Bible works out, believing entire thing inerrant literal every sense. there's megachurches run people like Joel Osteen, TD Jakes, Craig Groeschel, Kenneth Copeland others. rake millions dollars per year sustainability church...and that's it. really much help others money simply trying get rich possible using Bible people's gullibility advantage. yet, kinds things really happen, vastly smaller scale, countries parts world? America, part?","religion","religion"
"think Antichrist's native language be? ""The Antichrist"" prophesized Holy Bible... think native tongue/language be?","religion","religion"
"ever get feeling modern superhero culture today's world give sort pseudo-religious vibe? know seems bit far-fetched concept. many ideas superhero culture think of, sort religious feel it: 1. Heroic figures extraordinary, otherwordly abilities 2. Noble messages virtuous helping others heroic figures always embody preach of course, concept anti-heroes ""morally gray"" heroes, sometimes even stories main character right thing 3. sort good vs evil narrative always coming stories superhero fights supervillain 4. constant message working good society/humanity general thus mean question think it, narratives superhero fiction pushes quite similar religious texts also preach. Sometimes one even finds prominent religious narratives superhero fiction itself, example, Marvel's Daredevil devout Catholic Christian. way, one thus gets feeling superhero fiction see now, is, way, newer modern evolution ancient religious epics also deal moral messages mankind medium superpowered beings chosen individuals powerful abilities constantly struggle ""evil forces"" right thing others. Want know guys think this.","religion","religion"
"think apostolic succession? held Catholic, Eastern Orthodox, Oriental Orthodox, others Protestants, Christian branches.","religion","religion"
"churches opportunistic vultures whenever something bad happens? irritates jump every chance make everything praise god, p ay attention church moment.","aetheism","religion"
"Dealing Mothers mental health. sinful? I‚Äôll keep brief. Cradle Catholic, 28/M, returned faith October away since 16. I‚Äôve grown much faith since October I‚Äôm getting stronger. Tuesday week, sister person knew started practicing again. hid mother practicing time Tuesday. mother suffers depression, anxiety whole lot stuff she‚Äôs two high doses SSRIs. around mother generally brings mood down. It‚Äôs doom gloom point grown quite distant towards her, even now. can‚Äôt around 5 minutes otherwise start feel agitated. quite manipulative it‚Äôs relationship sister pretty much non existent despite us living one roof. Anyway, told her, made clear reason telling feel like it‚Äôs something know. all, it‚Äôs something joyful about. However, telling parish go to, going mass generally sharing journey her. want grow feel like around mother causes negative sinful thoughts feel bad around her. sinful here? Ik want share journey her, value growth towards faith anything feel like go route mother, going lead sin. love mother sister dealt issue since born it‚Äôs never going improve medications insane dosages never come she‚Äôs decades.","Catholicism","religion"
"Wisdom 2 used Reading Mass? not, reading would be? asking Holy Spirit show wants know situation landed Wisdom 2 which talks wicked care righteousness immorality. reading it, part testing God brought back memory reading similar passage lectern Mass many years ago. reason remember priest not knowing actress upon time placed speech competitions jokingly asked read part little bit bite getting ready even commented much got Homily. used daily reading Mass barking wrong tree?","Catholicism","religion"
"Material witnessing Lutherans specifically Blessings all! confirmed Easter Vigil Latin Rite, came apologetics heavy Confessional Lutheran background. discerning going seminary becoming Lutheran Pastor, discerning Permanent Diaconate years. context mind, big struggle OCIA faith forums thet material geared towards Lutherans. felt like lot guided discussions geared towards ""big umbrella protestantism"", protestant positions doctrine simply apply LutheransReally protestant traditions even protestant imo, that's topic different day. really spent last year self-study comparing two seeing points Lutheranism fell short truth. interest using background towards witnessing Lutherans, especially Confessional Lutherans, hoping put together material assist OCIA engagement community. wondering already lot material ""airspace"", perhaps similar stuff Richard John Neuhaus, could reference recommend. especially important alignment ongoing interfaith dialogues RCC ILCInternational Lutheran Council LWFLutheran World Federation. Thanks advance!","Catholicism","religion"
"Question nature Holy Spirit watching stuff explaining fillioque, people say means ""from Son"" ""through Son"" main question this: Holy Spirit receives essence origin Father Son, mean created sorts? know im misunderstanding it, anyone grant clarity really appreciate it.","Catholicism","religion"
"gave life christ Hello. Something strange happened tonight can't really make sense it. driving home, shuffling songs social media yes know bad habit trying overcome lol weird feeling came upon me. Without really thinking said ""i'm willing give life lord"" shocked me, heart still pounding experience, Like prayed even tho ex agnostic still ""researching"" idk waiting right moment guess. said sentences started crying bit nothing messy tears running eyes. strange powerful calming. Sorry long story wanted share somebody. Also idea next baptized, never even around Christians irl mostly muslim country feels terrifying go priest tell i'm afraid putting church risk could give advice would super helpful, thank you.","Catholicism","religion"
"GOD KILL YOUS love god, made everything, there's thing Big Bang Theory, that's shitty TV show. God killed virgins","aetheism","religion"
"question believe science ask this, please go me, asking question. Look creation universe. Religion says god created universe, science says big bang whatever created universe. flaw this. universe simply exist nothing? order something created, something needs put there. Something would needed put god / big bang theory there; something would needed put person too. infinite cycle, one makes absolutely logic al sense. reason, suggest must higher forms understanding pure logic order comprehend creation universe, since creation universe make logical sense. suggest must things 'supernatural', 'out world' typically believe in. go detail that, want realise there's world primitive logic. remember, thoughts - there's reason bash this.","aetheism","religion"
"Something always annoys ""liberal"" christians Around 80% Americans christian... yet 55% Americans believe gay marriage legal. this, ask? Many Christians understand teachings bible wrong, yet hang belief Bible word God. Thus, like cherrypick ok parts bible. ""good christian"", would kill gays sight. tl;dr: Many Christians believe parts bible misguided, yet still believe word God... hmmph EDIT: guess applies most/all religions","aetheism","religion"
"Atheism religion offended atheism? afraid questions can't answer prove? offended atheist asking? atheist post argue back respect belief system?","religion","religion"
"God greatest thing ever everyone subreddit going hell believing almighty lord","aetheism","religion"
"God Finger //Humans inquisitive, always need reason believe. now, Science gives us accurate/right reasons, ball started rolling, knew little. still know little. beliefs hold true today, going get overruled tomorrow. // Religion: So, protocol, cookbook good human, ways support humanity help existence; devised. Obviously shaded biased opinions... Weaved around form Grand Story. passed generation generation....without proof. nonetheless, everyone found ""a Reason"" live with, ""an Answer"" strange phenomenons. ""A Fear"" heart committing crime. ""A Belief"" live good life sake afterlife. much needed fear/reason/belief induced. slowly methodically, like today's idea freedom, idea socialization, idea security, idea belonging, idea unite. Became idea Rule : idea telling people Follow...follow, question. Exactly like thing today refer LAW. Answer everything God will. Given accepted time one knew nothing much. still don't. Hence readily deeply accepted.... Religion is. Summation: showing good human; pointing finger him. start praising finger lord. That's whats wrong ""Religion"".","aetheism","religion"
"Silly Goofy Meat Fasting Question Okay, already know ton Friday fasting new town, understanding various Catholic friends years supposed eat red meat. Depending ask red meat lot different things, generally speaking understand people eating beef pork yeah? correct, please correct wrong, silly goofy question southern woman jar bacon grease afraid use it. use though? Like fry potatoes bacon grease would break fast, yeah? know seems like maybe obvious answer trying dot Ts cross Is. get big dogs theology, quite understand structuring around things like cannot find local redneck Catholic help me. Thank you!","Catholicism","religion"
"anyone debilitating physical mental health conditions? Either temporary, permanent? affect faith? faith help out? currently going tough health issues regarding high blood pressure. triggered anxiety heights never experienced before. fear panic nearly constant which horrible blood pressure already, trying cling faith God. anyone else ever similar season life? prayers devotions helped you?","Catholicism","religion"
"Convinced Protestant Inviting Honest Catholic Discussion Mutual Challenge Spirit Respect Kindness PLEASE! starters, Yes many misunderstandings sides aisle many points get lost disrespectful tone, emotions, passion. touchy subject sure. lives please respectful, gentle, yet mutually challenging discussion one important topics lives? topic Lord! Let‚Äôs show people possible. Please say anything boils blood, pray answer. Act you‚Äôre trying snatch someone love fire, arguing sake ego. Let‚Äôs humble ourselves. out, though tone hard grasp text, mean everything say love respect. holding fellow Protestants accountable also. claim Catholic Church saved, teachings false, etc. Don‚Äôt lump Protestants don‚Äôt assume something asking. I‚Äôll try best lend respect. many reasons cannot Catholic, addressing authority. Correct get something wrong. 1. CC magisterium Pope sole final interpretative authority scripture. trust interpretation correct w/o external source test interpretation? 2. apostles constantly warned false teachings within church itself, discern false teachings within CC church final authority interpret scripture? 3. Though apostles tell us respect obey church authorities, warnings false teachers never seem point church leaders Holy Spirit-guided institution remedy. always seemed point scripture remedy false doctrine. 4. know Pope spoken ex cathedral couple times, given divinely appointed institution fact made serious errors, contradictions, moral failures throughout history, different church claim infallibility interpretative authority? CC simply claim institutional authority also allowing subject scripture, lest risk reputation operate unchallenged? 5. Obviously Protestant churches making grave mistakes errors, don‚Äôt claim infallibility final interpretative authority. Many reformed bc scripture changed ways. reason know correct testing scripture. don‚Äôt believe multiple denominations prove needs another infallible source scripture order HS guide church. obviously didn‚Äôt even prevent schisms within CC. It‚Äôs also inconsistent apostles anticipating expecting divisions/heresies/etc. 6. reason say CC authority scripture, instead using claim equal it, office holds final interpretative authority scripture, effect puts scripture office office holds higher power. Scripture becomes bound interpretations CC instead CC bound scripture. 7. dismissing traditions, creeds, early church fathers, etc. needed beautiful helpful never equal scripture. I‚Äôm sure tell camp Sola Scriptura. No, explicitly Bible neither word Trinity. concept biblical. could argue circular reasoning, Jesus held scripture final authority‚Äî even tradition. always appealed scriptures giving correction. Paul says scripture sufficient make man God complete ‚Äî almost complete. Even apostles‚Äô teachings tested scripture Bereans, commended this. SS deny authorities, simply holds bound it. 8. know many verses Catholics use support positions won‚Äôt list rebuttals right now. Maybe later replies will. Hope thoughts observations make sense. please help misunderstanding something. try best think replies.","Catholicism","religion"
"Catholic priest tells grieving twin eulogy ""too long,"religion" allow fiance speak.","aetheism","religion"
"Question Christianity man approached gym spoke Christianity beliefs, curious align teachings Bible since largely uneducated it. sum up, said Jesus tried convert jews rejected crucified him, gentiles accepted got prosperity. save holy land Israel, last gentiles today accept Jesus savior repenting faith, mass wave conversion belief Jesus jews happen realize ""oh, wrong, really messiah"". everyone brought even greater prosperity. know far depth Bible Christianity this, curious claims true grounding Bible, painted way.","religion","religion"
"gods/deities seem communicate openly Jesus Christ? Jesus ‚Äúlord lords‚Äù would think presence would powerful religious/spiritual practices. 16 years devout Christian, honestly say saw evil evidence pagan practices god. believe God spoke direct message another person 16 years constant prayer devotion. I‚Äôve seen legit possessed person yes, it‚Äôs real. I‚Äôve known people spiritual attachments placed birth African religion. I‚Äôve even family members witchcraft past would talk dead using mirrors crazy stuff. However, never seen directly communicated Jesus Christ. Whenever hear Christian say God spoke gave sign, it‚Äôs always generic thing choose interpret sign. It‚Äôs always something along lines of, ‚ÄúI driving road saw sign said STOP. knew God answering prayers.‚Äù Christians followers divine being, shouldn‚Äôt frequent divine encounters? I‚Äôm taking prophetic dreams, direct messages people ‚Äútongues‚Äù, face face encounters, etc. never heard type relationship Christian God modern times.","religion","religion"
"tell religious parents aetheist live Christian parents, used go church, faith gone. feel like god even exist life anymore reason except that. want make parents angry upset learn aetheist, advice","aetheism","religion"
"christian reddit... Christian, believe god Jesus whole shindig. However, reddit specifically r/aetheism shown ridiculous fundamental Christianity is. feel road aetheism thank reddit enlightening several ways, know never true atheist, always believe higher power. Sorry, that's truth. wanted acknowledge r/aetheism done shown fundamental Christianity. accept world views accept science well believing god created this.","aetheism","religion"
"Orthodoxy vs. Catholicism Hey everyone, greetings & God bless! I‚Äôve interesting spiritual journey Christ recently learning Church started. background - baptized RC First Holy Communion Confirmation younger, cultural rite passage though. Neither family practiced. Within last 6 months I‚Äôve fully come understand Christ love full believer. Started Bible progressed non-denominational Church, I‚Äôve growing learning it‚Äôs awesome. plethora Orthodox v Catholic v Protestant content online, like many others digesting watching ton content find difficult accept sola scriptura deep feeling understanding Christ founded one visible Church. Pretty much narrows 2 options honest - Orthodoxy Catholicism. Really started favoring Orthodoxy allure Church beautiful theology liturgy, could much reason believe fullness truth. Admittedly, underlying bias Catholicism come way better understanding sides weighed lot evidence historically arguments sides doctrinal preservation vs. organic development, papacy, filioque, etc etc. legitimately standstill right logically don‚Äôt even understand one reason way answer either side fully even convincingly. It‚Äôs legit like 12 round boxing fight Church 6 rounds each. judges score match‚Ä¶ know search truth need pray, ask God guidance, actually experience Church teachings traditions firsthand. seems logically something ‚Äúfullness truth‚Äù found truth, things inherently subjective individual experience. Someone great experience feeling one Church horrible one another doesn‚Äôt make either one true. way, sorry rant - I‚Äôm sure lot relate. I‚Äôd love advice and/or insights pushed edge either side experience was/is like particular battle.","Catholicism","religion"
"anyone else feel like blood Christ honored more? feel like Catholics adore eucharist which great really care blood.","Catholicism","religion"