"division choke playoffs classic leafs","leafs","sports"
"Highlight Ceddanne Rafaela catches tipped fly ball Wilyer Abreuâ€™s glove","baseball","sports"
"Big Ten Menâ€™s coaches asked play would draw CC kind fun. definitely donâ€™t hear anyone talking long twos paint touches ğŸ˜‰","IndianaFeverFans","sports"
"game know generate best lineup year? Regularly leaves multiple players lineup several overall points better primary position. Especially relievers.","MLBTheShow","sports"
"Royals rookie Jac Caglianone hits first two big league HR's Texas. one left bat 110.2 mph traveled 439' [called June 2nd]","sports","sports"
"Highlight Wilyer Abreu nearly robs home run bounces glove...and Ceddanne Rafaela catches it!!!","baseball","sports"
"wrong putting matthews 3C putting Nylander 1 2C? Matthews hurt canâ€™t shoot puck, change line reflect players do?","leafs","sports"
"Marner potential off-season acquisition... watching Leafs v Panthers series, would decline...","canes","sports"
"NHL Game 4 Highlights | Golden Knights vs. Oilers - May 12, 2025","freefantasylgueswchat","sports"
"Highlight Wilyer Abreu deflects homer Ceddane Rafaelaâ€™s glove","baseball","sports"
"know needs traded... ceiling can't continue round 1 exits Hello, know debates trade market. Personally, matter. none us control trades. However, clearly need shake things up. lost Denver excuse idea lost championship team 2023. 2024, subpar coach mentally us beat. 2025 better coach roster slightly better. even extend series. course roster complete upgrades. Championships not, really hope FO make moves. things really need shaken up. hope people understand that.","lakers","sports"
"sports sports club? Hi! intrested joining sport fun want either basketball soccer. Chico known sports culture? sports team?","CSUC","sports"
"Wolves go back classic uniforms + black trees IMO Wolves rebrand classic uniforms + KGs black trees. look clean timeless. par best unis league Lakers, Celtics, Bulls, etc.","timberwolves","sports"
"trio would pick build team around? Dak-CeeDee-Pickens Hurts-Brown-Smith? players as-is right now. Eagles fans here, honestly want know opinion â€œenemyâ€ headed season.","cowboys","sports"
"5 Superstars Potential become WWE Money Bank 2025 Winner","BrandonDE","sports"
"Minnesota United Signs Defender Kieran Chandler Short-Term Agreement little write starting WB tonight. heard name guess casual wanted post others boat.","minnesotaunited","sports"
"Red Sox demoting Kristian Campbell minors. Campbell signed eight-year, $60-million contract early April.","sports","sports"
"WNBA SEASON PREVIEW POD ğŸš¨ğŸš¨ WNBA Season Preview PODğŸ™ğŸ€ Happy WNBA Season all!! season preview episode â€¢ 13 team breakdowns â€¢ Playoff scenarios predictions â€¢ End-of-year Awards predictions â€¢ WNBA Championship prediction ---Jump join conversation your: â€¢ Boldest take year â€¢ Surprise Team/Player year â€¢ Champion prediction","wnba_discussions","sports"
"Sports - Rory McIlory, freed Grand Slam burden, â€˜scaryâ€™ PGA Championship competitor | NY Post","AutoNewspaper","sports"
"Sports - Keegan Bradley seeing another side golf thanks Ryder Cup captaincy: â€˜Much better wayâ€™ | NY Post","AutoNewspaper","sports"
"dare look Toronto Maple Leafs / Florida Panthers score right","Greybies","sports"
"Last minute 1950 World Cup final, Uruguay beat hosts Brazil 2-1 front 200,000 fans, still attended match all-time","sports","sports"
"NESN Microphone listen closely entire Detroit series, hear crack bat ball makes contact bat TV broadcast. kind spoils whether batter swings misses makes contact. anyone else noticed NESN? Itâ€™s really annoying me.","redsox","sports"
"ROSTER CHANGESâ‰ï¸ Jayson Tatum's injury mean Boston Celtics' future? ğŸ¤” | NBA Today","freefantasylgueswchat","sports"
"Two-time Wimbledon champion Petra Kvitova announces retirement: 2025 US Open final tournament","sports","sports"
"Adley Overrated Player former number 1 overall pick might overrated MLB player, year Heâ€™s okay defensively, slow bat speed, grounds way many double plays, average power. Everyone used sometimes still raving good catcher is. Heâ€™s average best far overrated player last seasons.","mlb","sports"
"Highlight Derrick White goes layup called offensive foul. Upon review, turned defensive foul Jalen Brunson with replays","nba","sports"
"2025 NFL Bye Weeks: Complete Schedule Fantasy Football Guide 2025 NFL schedule released! interesting look potential impacts squad weeks may cause teams issues ""onesie"" positions especially really unlucky RB & WR. Week 8 looks especially killer six teams bye: - Cardinals - Lions - Jaguars - Raiders - Rams - Seahawks personally noticed access active QB Week 8!","DynastyFF","sports"
"game Abreu/Cedanne catch replayed rest time. dude smoking J meme forever. crazy game.","redsox","sports"
"Jaylen Brown never moment rise occasion like could argue 2023 Heat game 7, people moment at least did thought realistic chance even Tatum limited ankle injury - Brown failed live moment. scenario, everyone writing us off. Jaylen take moment balls somehow lead us comeback 3-1, chance truly elevate way weand everyone NBA discuss player.","bostonceltics","sports"
"Coastal Carolina baseball wins 26th row, beating Louisville 11-3 advances championship round College World Series","sports","sports"
"Whatâ€™s best way get tickets? Hey yâ€™all wanna go Game bad guys December 20th. Itâ€™s first game hoping advice best way get tickets. buy now, wait? app go ticket master? advice appreciated! add pic, wearing shirt rn.","CHIBears","sports"
"Spurs fans Rome Final? Rome final looking find spurs fans watch with. anyone know Rome spurs pub supports club? spurs fans Rome gonna get together watch match? saw post years ago people watch Scholars Lounge Irish Pub, probably go backup. imagine lot Utd fans would rather find watch possible! COYS!!","coys","sports"
"WNBA soon valuable league womenâ€™s sport Dallas Wings tip Minnesota Lynx May 16th, mark start anticipated season womenâ€™s sport history. schedulers Womenâ€™s National Basketball Association WNBA picked game muscle. Lynx four titles, joint record. Wings, meanwhile, snapped yearâ€™s exciting recruit Paige Bueckers, 23-year-old point guard. Thanks her, Wingsâ€™ ticket sales far almost 350% last season. The WNBA is powering forward. Last year total 54m viewers tuned watch regular season, almost double number watched 2022. Games broadcast onespnattracted average 1.2m viewers America; 1.5m watched equivalent matches menâ€™s league across channels. Men make 60% the WNBAâ€™s audience, part league plays the NBA not. next year new media-rights deal come effect, worth $200m year. make the WNBA the valuable womenâ€™s sports league world, surpassing National Womenâ€™s Soccer League get popular? past decade, womenâ€™s basketball become easier find watch. WNBA matches used broadcast sporadically, obscure channels random times day. 2015 ESPN televised 11 games season. â€œYou guess would on,â€ remembers David Berri Southern Utah University. 2021, mark leagueâ€™s 25th anniversary season, mainstream networks agreed increase programming broadcast least 100 games. This season 175 televised streamed. ESPN began offering coverage womenâ€™s college basketball too. Viewers could tune annual â€œMarch Madnessâ€ knockout tournament well draft, which wnba teams select new players. â€œItâ€™s magic trick get people watch womenâ€™s sports,â€ says Howard Megdal, sports writer. â€œYou simply need give people access.â€ leagues, stars played vital role winning sport new fans. Athletes Cameron Brink Angel Reese shone court. brightest talent Caitlin Clark pictured, left, point guard Indiana Fever, scored 122 three-pointers debut season last year, finishing college Iowa. Much people watch Premier League see spectacular goals, fans want watch Ms Clark effortlessly float ball basket great distance. greatly accelerated interest league, argues Mr Megdal: â€œAn incline graph turned less straight \vertical\ line.â€ means money flowing in Last year companies jumped sponsor league players. Ms Clark made $11m. Investors spying opportunities. New teams Portland, San Francisco Toronto joined 2026, rumours swirl around several cities. February bid $250m made add franchise Cleveland. Consider 1975, roughly point the NBAâ€™s history, Boston Celtics sold $4m $24m todayâ€™s prices. team worth $6bn. follow similar trajectory, the WNBA will need find foreign viewersâ€”and household names. Today the NBA has followers social media domestic sports league world. Almost 70% fans engage online live outside America. Many leagueâ€™s stars learned game elsewhere. Giannis Antetokounmpo grew Greece Nigerian parents. Joel Embiid born Cameroon. international male talent pool United States finished fourth recent World Cup, behind Germany, Serbia Canada. contrast, American womenâ€™s team lost one match Olympics World Cup three decades. Indiana Fever catch globally, would help next Ms Clark turn Des Moines, Dakar, Dalian Dortmund. â–  ","wnba","sports"
"Stanley Cup damaged Florida Panthers celebrate second straight championship","sports","sports"
"Upon playing NCAA Softball Regionals Friday 5/16 ESPN+ 3:00pm! UConn playing NCAA Softball Regionals Friday 5/16 ESPN+ 3:00pm!","UConnBasketball","sports"
"Cristiano Ronaldo tops Forbes highest-paid athlete list third year row earning $275 million. Steph Curry, Tyson Fury, Lionel Messi & Dak Prescott round top 5","sports","sports"
"One rugby league tries ever scored Australian NRL Amazing hop one leg getting tackled get kick away made back field score try","sports","sports"
"White scores 34 help Celtics stave elimination 127-102 Game 5 win Knicks","sports","sports"
"Jon Gruden 117-112 coaching record, coached 5 playoff victories. everyone treat like heâ€™s NFL royalty? Now, Super Bowl. Go back watch it. Brad Johnson didnâ€™t great game. offensive game plan seemed be, â€œLet defense rest long enough, donâ€™t score fast, donâ€™t turn over.â€ Yes, Bucs defense legendary. mostly forgotten story: â€œThe day Super Bowl, Robbins went missing failing take prescribed medication bipolar disorder. later found disoriented state, reportedly believing Raiders already game. Due condition, head coach Bill Callahan decided Robbins unfit play, leading suspension game. Backup center Adam Treu started place, Raidersâ€™ offensive line struggled Tampa Bay Buccaneersâ€™ formidable defense, contributing 48â€“21 loss.â€ o-line leaking like runny nose, Gannon helping unforced errors, Bucs game locked even got started. mean Gruden bum? Absolutely not, crafted defense, job. Gruden all-time defensive coach. single ring, players much better coach age coaching. rest portfolio, relative coaches praise bracket, objectively trash. Doc Rivers much longer version similar career, league fans little respect him. finds work heâ€™s company man. Gruden makes many people see like Greg Popovich? definitely wasnâ€™t getting kind love working coach.","nfl","sports"
"Maxwell single handedly carried Washington Freedom 92 5 208 5 ruthless century. Washington Freedom vs LA Knight Riders.Major League Cricket 2025","sports","sports"
"Back-to-back: Panthers repeat Stanley Cup champions beating Oilers 6 games 5-1 victory","sports","sports"
"Boston Celtics interviewed Cooper Flagg Combine, per Kevin Oâ€™Connor >Cooper Flagg's hometown team giving look prior 2025 NBA Draft. >During Friday's episode Kevin O'Connor Show, Kevin O'Connor Yahoo Sports reported Boston Celtics interviewed Flagg well fellow top prospect Tre Johnson ahead June's Draft. >O'Connor said interviews necessarily signal team trade Draft, acknowledge decision ""interesting."" Nico might funniest thing. Jaylen Brown, Dallas Maverick. Source","nba","sports"
"Oilers get tired O-Zone Panthers take advantage Skinner's mishap, Florida leads game six 3-0","sports","sports"
"Putting rumors together 5 team framework fall apart? **Rumors** * Spurs potentially moving #2 consensus pick Guard Dylan Harper necessary Fox Castle * Spurs targeting Giannis pair Fox, Wemby Castle * Bucks/Giannis may open moving * Bucks can't tank without getting picks back Pelicans * Zion strongly likely moved * Clippers ready get younger move Kawhi * Hornets might ready move Lamelo * Lonzo Ball weirdly said podcast Harper go Hornets despite picking 4th instead 2nd Lamelo Ball going Clippers **Where 5 team trade framework fall apart?** **Spurs** * 64.9 mil: Giannis 57.6 mil, Dunn 5.4 expiring, Matkovic 1.9 * 74 mil: Barnes 19 mil expiring, Vassell 27 mil, Keldon Johnson 17.5 mil, #2 pick 11.2 mil **Clippers** * In: 55.4 mil Lamelo Ball 37.9 mil + Keldon Johnson 17.5 mil * 55.4 mil: Kawhi Leonard 50 mil, Dunn 5.4 expiring **Hornets** * 38.2 mil: #2 pick 11.2 mil, Vassell 27 mil * 44.1 mil: Lamelo Ball 35 mil + #4 pick 9.1 mil **Bucks** * 57.3 mil: Zion 39.4 mil + Olynyk 13.4 expiring + Alvarado 4.5 mil + get 1sts Pelicans sent back * 57.6 mil: Giannis 57.6 mil **Pelicans** * 59.1 mil: #4 pick 9.1 mil, Kawhi 50 mil * 59.2 mil: Zion 39.4 mil + Olynyk 13.4 mil expiring + Alvarado 4.5 mil + Matkovic 1.9 + Send 1sts back Bucks","nba","sports"
"Draymond Green: ""I think the Wolves got real shot it. got 2 dynamic stars got pieces. got Naz coming bench. McDaniels hell young player. Rudy, four time Defensive Player Year... 1 2 guys, got real team.""","nba","sports"
"Marcus Thompson win game without Stephâ€¦ strong point confidence filler playersâ€¦ Steph hot, Joe Lacob hot. gotta extend series. Like feel good about. Marcus Thompson interesting tone talking Warriors mentality. seems like got call Joe Lacob. Hard convey quotes, seems like Steph Lacob pissed Warriors win single game without him, wanted extend series, reflects poorly lot role players. Starts around 21 minute mark Warriors plus minus podcast:","nba","sports"
"David Adelman 16 games coaching career. experience game 7s Mark Daigneault 90% thunder roster. believe thunder game 7 experience SGA Dort many years ago. Since Nuggets game 7 home vs Clippers, Adelman currently undefeated game 7s experience thunder roster. Adelman grizzled vet point season experience likely important factor game 7 duel Nuggets Thunder.","nba","sports"
"Johnson Mike Dunleavy: ""I know buzzword around size."" Mike Dunleavy: ""I know buzzword around size."" notes Warriors Press Conference Johnson: â€œQuinten Post Taran Armstrong part Warriors' summer league plansâ€ â€œSteve Kerr makes clear want Draymond Green starting center begin next season. comfortable Draymond playing much center year","nba","sports"
"NBA fans think 2025 lottery selection rigged? college basketball sub thinks itâ€™s ridiculous see theyâ€™re coming from. Iâ€™d like hear nba fanâ€™s perspective all.","nba","sports"
"Predict team players play next year 1.Kevin Durant I think Hou pull trigger 2. Giannis Antetokounmpo Okc put chips table lose . else top 3 player available again? 3. Zion Williamson Idk definitely think contender swing fences pacers team hali/siakam/turner? ğŸ¤” 4. Devin Booker Will stay phx 5. Kristaps Porzingis Detroit takes pick Boston chance catching lightning bottle 6. Jonathon Kuminga Signs nets 7. Lebron James Cavs final szn ğŸ‘€ probably stays LA","nba","sports"
"trade options Bucks consider? Obviously, Milwaukee Bucks pretty much doomed future radically reconstruct roster. Bucks fan, absolutely heartbreaking consider trading Giannis, see option. young core, picks, terrible coach, Kyle Kuzma. really get much worse. Giannis top 3 player world, compete roster right dooming future trade season. opinion, target favorite young player get many picks possible send greatest Milwaukee Buck ever door. move Giannis, next step Dame Kyle Kuzma's sorry ass well. Anyone agree disagree? Bucks target?","nba","sports"
"Logan Murdock: â€œThere deal place in Summer 2023 send Draymond Memphisâ€¦ trade, Steven Adams would came back Golden State along Dillon Brooks Tyus Jonesâ€ Zach Lowe Show > deal place in Summer 2023 send Draymond Memphisâ€¦ trade, Steven Adams would came back Golden State along Dillon Brooks Tyus Jones. >The reason deal fell Tyus Jones got re-routed Washington in Porzingis-Marcus Smart trade.","nba","sports"
"highly touted prospects slipped draft ended good? Iâ€™m seeing lot discussion recently Ace Bailey going slip draft, despite highly touted recruit. isnâ€™t unusual, Iâ€™m curious hear examples throughout NBA history top prospect picked way later anticipated due x concerns, ended good. Iâ€™m thinking specifically guys whose draft stock slid ended performing poorly college, noticeable flaws game, bad physical/athletic measurements. As opposed someone like Luka, considered question mark due white European euroleague","nba","sports"
"Next Year's rookies asked best player NBA. Clayton Jr. ''Jokic, impacts much.'' Flagg: ''Joker, impacts winning many ways.'' Ace Bailey: ''To realistic Jokic, wanna say KD.'' Tahaad Pettiford: 'James Harden, care. unstoppable.''","nba","sports"
"NBA needs stop dragging MVP All-Team announcements ridiculous every award announced already already know whoâ€™s MVP feels like longest wait awards ever.","nba","sports"
"Game 5: Williams scores 40 points Thunder win 120-109 3-2 NBA Finals lead Pacers","sports","sports"
"announcing MVP Game 7 be...good? understand NBA seems waiting series announce it. would think top two candidates going head-to-head perfect time drop award. assume guys agree me, wondering anyone plausible explanation would delay announcement. Hakeem going ballistic David Robinson 1995 losing MVP really cool moment? even alive something heard many, many times. rob fans similar narrative year?","nba","sports"
"ECF nostalgia Knicks vs. Pacers. # someone grew love NBA basketball 1990s, kind hoping another Knicks vs. Pacers ECF. loved series, even though dog fight. Great, gritty teams always made entertaining. teams feel somewhat similar me.","nba","sports"
"Hypothetically Shai led OKC ring season would surpass Harden time? Shai: 1x NBA champion, 1x NBA MVP, 3x First Team NBA, 1x NBA scoring champ Harden: 0x NBA champion, 1x NBA MVP, 6x First Team NBA, 3x scoring champion heavily weigh ring?","nba","sports"
"Spurs No. 2 pick? would excited Dylan Harper seems like backcourt crowded Stephon Castle Deaaron Fox already. Spurs truly turn No. 2 Giannis adding Vassell package?","nba","sports"
"Paul Pierce recognised top SF? mean,the Truth pretty badass nickname,plus many good years many season 23+/7+/5+ guy part boston big three ring 2000s,he multi time star pretty sure nba teams. Paul also awesome clutch,so people always forgetting him?","nba","sports"
"Lustrum Parity: repeat champions last 5 years; last 5 NBA Champions made past second round following year 2015-18 NBA Finals saw quadrology Warriors Cavaliers. said boring seeing two teams again. 2019-24 6 unique NBA champions. Ironically though, ratings way better Steph-LeBron meetings. 6 Champions 2019-24, 5 made past second round title defense year. loss Knicks tonight, Celtics could 6th: |Championship Year|Team||Following Year|Playoff Result| |-:|:-|:-:|-:|:-| |2019|Toronto Raptors|/TOR|2020|Eliminated Conference Semifinals Boston Celtics, 3-4| |2020|Los Angeles Lakers|/LAL|2021|Eliminated First Round Phoenix Suns, 2-4| |2021|Milwaukee Bucks|/MIL|2022|Eliminated Conference Semifinals Boston Celtics, 3-4| |2022|Golden State Warriors|/GSW|2023|Eliminated Conference Semifinals Los Angeles Lakers, 2-4| |2023|Denver Nuggets|/DEN|2024|Eliminated Conference Semifinals Minnesota Timberwolves, 3-4| |2024|Boston Celtics|/BOS|2025|???| believe patterns, goes lose 7 - lose 6 - lose 7 - lose 6 - lose 7 - next item would lose 6. would mean Knicks get done tonight. However, result decided court paper. see 8pm ESPN. &nbsp; lustrum period 5 years.","nba","sports"
"Indiana Pacers 8 days rest prior game 1 ECF Knicks/Celtics matchup Celtics Knicks play 6 games series at minimum. respective rosters missing players. Pacers, obviously huge advantage. Combine Pacers' depth & whomever play ECF going lot deal with.","nba","sports"
"Woike: â€œâ€¦people around NBA wonder would look Mavericks general manager Nico Harrison engaged Pelinka Lakers another trade last deal teams unpopular caused protests.â€ Source: wonder people would react Lakers Mavs, especially Nico still Mavs GM, made another trade sometime relatively soon. people, including Lakers fans, would joke fact relationship terms trading fine, Mavs fans would annoyed, fair. Mavs fans probably donâ€™t want trade Lakers while, understandable.","nba","sports"
"Rapoport 49ers make Brock Purdy franchise QB â€” officially. Per Insiders, deal includes: $53M per year. $181M guarantees. $55M new money average first three years.","nfl","sports"
"Schultz Browns third-round TE Harold Fannin Jr. agreed terms 4-year, $6.7M contract, per source. Fannin set FBS single-season records receptions 117 receiving yards 1,555 TE Bowling Green last season.","nfl","sports"
"Miami lands top-ranked offensive tackle recruit Jackson Cantwell Miami offered multi-year NIL deal worth $2 million annually","sports","sports"
"Jamal Murray scores 25, Jokic adds 29 14 boards power Nuggets' 119-107 win Thunder force Game 7","sports","sports"
"Kyle Larson hits wall Indy fast Friday practice. second crash practice sessions Indy 500","sports","sports"
"Tigers Javy Baez hits 3-run walk-off homer 11th beat Red Sox 10-9 his second 3-run HR game","sports","sports"
"Mikael Granlund gets 1st career playoff hat trick Stars beat top-seeded Jets 3-1 series lead","sports","sports"
"Pacers eliminate top-seeded Cavaliers 114-105, advance Eastern Conference Finals","sports","sports"
"Jayson Tatum suffers torn Achilles: Injury could force Celtics star miss next season brutal blow","sports","sports"
"All-Pro pass rusher Trey Hendrickson shows Bengals' practice frustrated lack new contract progress","sports","sports"
"Schefter 49ers signing veteran kicker Greg Joseph one-year deal, per agent @tesslersports","nfl","sports"
"Highlights Throwback Christmas Day 2023 49ers QB Brock Purdy delivering presents Baltimore","nfl","sports"
"Ohtani throws 1 inning first return mound since August 2023 Angels","sports","sports"
"Knowles Kam Curl hasnâ€™t interception since 2020. Heâ€™s 3,675 defensive snaps last four seasons; next highest total defensive back picks 2,058 Ronald Darby.","nfl","sports"
"Angel Reese becomes second youngest player WNBA history record triple-double","sports","sports"
"different angle JJ Spaun sinking 64-foot birdie putt 18th win U S. Open","sports","sports"
"Lonzo Ball says predicts Hornets drafting Dylan Harper LaMelo Ball getting traded Los Angeles Clippers","nba","sports"
"Star Jalen Williams series: 16.5-5.5-5.8 45%TS. Non Star Jamal Murray: 22-5-5 54.4%TS. Additional factor: OKC best defense league Denver ranked 21st. Would OKC already series Jalen Williams showed similar level Murray? Chet also getting outplayed Gordon.","nba","sports"
"Denver wins Game 7, itâ€™ll first time since 1981 teams conference finals series seeded #4 lower Denver #4, Minnesota #6. last time happened 1981, 26 year old Moses Malone averaged 27 & 15 series lead #6 seed Houston Rockets 24 year old Reggie King 22 & 11 series average #5 seed Kansas City Kings. Houston would lose 4-2 1981 Finals 24 year old Larry Bird 15/15/7 series average #1 seed Boston Celtics. Malone averaged 22 & 16 1981 Finals loss, championship two seasons later, 1983, paired Julius Erving Philadelphia sweep Kareem Abdul-Jabbar, Magic Johnson, West-leading Los Angeles Lakers. Sources: * *","nba","sports"
"5 players NBA history averaged least 18 points, 8 assists, 5 rebounds per game first 25 playoff games. 1: Oscar Robertson 2: Magic Johnson 3: Chris Paul 4: Luka Doncic 5: Tyrese Haliburton Also, 4 close games Haliburton played upped game. Haliburton averaged 25 points, 8 assists, 5 rebounds close games. 4-0 close games. Dude balls playoff riser.","nba","sports"
"Lowest Seeded Conference Finals Ever? Knicks Nuggets win next games, highest seed Conference Finals either side #3, #6 Timberwolves position possibly tie Houston Rockets record lowest seed win Championship. Would Conference Finals #1 #2 seed, one #3 seed historic way?","nba","sports"
"Nuggets Future: Christian Braun Julian Strawther Credit Nuggets Front Office getting quality players late first round 22nd 29th pick **Christian Braun 24 yrs old now - 6'6"" SG** **Julian Strawther 23 yrs old now - 6'7"" SG** Jokic like 5 - 6 years Top Player. stretch, two players core. Take Note, still rookie contracts next 2-3 years. Now, developed, maybe let older guys go like Russ, MPJ, etc. Nuggets drafted 20+ yrs old draft prospects 2022 2023. worked since contending phase. So, makes sense draft nba ready players even older. Nuggets lost Bruce Brown KCP Champion Nuggets Team. Let's see Christian Julian develop. better MPJ? Let's wait see. think two? Especially nuggets fans? PS: Pacers technically drafted Julian, favor Nuggets. Julian traded right away Nuggets. So, Nuggets really one wanted Julian.","nba","sports"
"Would Hakeem allow Giannis wear number 34? Hakeem Olajuwon jersey number, 34, retired Houston Rockets. Giannis also wears number. According wikipedia, chose number personal family reasons. men Nigerian otherwordly athletes , think.","nba","sports"
"Fischer left numerous rival teams strong impression free agent-to-be Myles Turner going gettable summer. >The rising expectation, league sources say, Turner extending stay Hoosier State. Wonder contract be, since getting closer tax contracts. Fischer article today, reference.","nba","sports"
"MLB reinstates two controversial players previously excluded Hall Fame, making eligible","sports","sports"
"Nicola Jokic great pass Christian Braun 2 Denver closes tying series OKC force game 7","sports","sports"
"Michigan Panthers WR Malik Turner gets loose scores 71 yard touchdown 2025 UFL Championship","sports","sports"
"Jets release kicker Greg Zuerlein, latest veteran depart team's youth movement","sports","sports"
"Jayson Tatum hospital, meets Celtics teammates ahead must-win Game 6 vs. Knicks","sports","sports"
"Marchand opens scoring Florida Panthers game 5 Stanley Cup Final","sports","sports"
"World's top 3 golfers make mess 16th hole PGA Championship, taking double bogey","sports","sports"
"Sun-Times Citing 'significant progress,' Bears focusing Arlington Heights stadium plan","nfl","sports"
"HIGHLIGHT JK Scott sends 63-yard punt sky, hanging 5.5 seconds. Punting cinema. Field flipper, outside numbers, massive hangtime. could want?","nfl","sports"
"father, Caleb Williams explored playing UFL year joining NFL free agent","nfl","sports"
"Brandon Arrington, top athlete prospect '26, picks A&M","sports","sports"
"Coco Gauff loses Wang Xinyu Berlin first match since French Open title","sports","sports"
"Report: Rockets extend Ime Udoka long-term deal","sports","sports"
"Dallas Stars re-sign Matt Duchene 4-year, $18 million contract","sports","sports"
"Former Jets Ravens linebacker C.J. Mosley announces retirement 11 years NFL","sports","sports"
"Tampa Bay Rays 8-0 second inning Orioles. scored next 12 runs 12-8 win.","sports","sports"
"Saw Stanley Cup golf cart today","sports","sports"
"Canada's Marie-Philip Poulin named IIHF's female player year; US goalie Gwyn Philips 2nd","sports","sports"
"Ravens sign two-time Pro Bowl cornerback Jaire Alexander","sports","sports"
"Russian athletes excluded luge 2026 Winter Olympics sport's governing body","sports","sports"
"Florida Panthers accept Stanley Cup second year row","sports","sports"
"Panthers defeat Oilers defend Stanley Cup title","sports","sports"
"hat-trick Sam Reinhart put Panthers 4-0 3rd period","sports","sports"
"Matthew Tkachuk gives Panthers 2-0 lead final minute first period","sports","sports"
"Sam Reinhart opens scoring Panthers game 6 vs Oilers","sports","sports"
"South Carolina QB LaNorris Sellers turned $8 million NIL offer elsewhere remain South Carolina, father says","sports","sports"
"Oilers turn back Stuart Skinner must-win Game 6","sports","sports"
"Nina Kuscsik, pioneer long-distance running first woman win Boston Marathon, died","sports","sports"
"Arkansasâ€™ Gage Wood throws 3rd ever no-hitter Mens College World Series","sports","sports"
"Report: Kevin Durant desire join T-Wolves","sports","sports"
"""That's insane."" Shai Gilgeous-Alexander reacts many autographs signed prior Game 2 NBA Finals.","sports","sports"
"Canada, U.S., Sweden, Finland name 1st 6 players Olympics","sports","sports"
"Josef Newgarden flips colliding Louis Foster WWT Raceway tonight's IndyCar race. injured","sports","sports"
"Shohei Ohtani Make Dodgers Pitching Debut Monday","sports","sports"
"Shane Van Gisbergen's emotional win Mexico City locks NASCAR playoffs","sports","sports"
"J.J. Spaun makes 64-foot putt win 125th U.S. Open","sports","sports"
"Canadian Grand Prix result: Lando Norris Oscar Piastri collide George Russell wins","sports","sports"
"Northern Ireland win World Cup Darts first time, defeating Wales 10-9 thrilling final.","sports","sports"
"Armondo Duplantis clears 6.28 meters (20' 7.24"") break world pole vault record 12th time","sports","sports"
"Armand Duplantis vaults 6.28 meters new world record","sports","sports"
"South Africa Crowned World Test Champions Defeating Australia WTC 2023â€“25 Final","sports","sports"
"Bennett cleans garbage (and shatters camera) put Florida 2-0 Edmonton game 5 Stanley Cup Final","sports","sports"
"Marchand opens scoring Florida Panthers game 5 Stanley Cup Final","sports","sports"
"NJ umpire awarded $650K Staten Island Little League coach broke jaw","sports","sports"
"Incoming college freshman PJ Duke pins 4 time NCAA champion, world silver medalist, represent U.S.A Wrestling world championships","sports","sports"
"MI New York VS Texas Super Kings â€“ run outs | Major League Cricket 2025","sports","sports"
"Mauricio Pochettino Sets Bar USA 2026: 'Win World Cup'","sports","sports"
"Sam Reinhart Florida Panthers scores 19.5 seconds left force overtime!!!","sports","sports"
"Former Rams current Michigan Panthers QB Bryce Perkins named 2025 UFL MVP","sports","sports"
"Mya Lesnar, daughter Brock Lesnar, wins NCAA shot put championship FIRST throw (19.01m)","sports","sports"
"Hawthorn win Adelaide crazy temperatures UTAS Final score Hawthorn: Goals: 6 Behinds: 11 Total: 47 Adelaide: Goals: 5 Behinds: 14 Total: 44","sports","sports"
"Fans appear snatching tickets Club World Cup","sports","sports"
"Ticket prices plummet FIFA Club World Cup opener Miami","sports","sports"
"Edmonton Oilers win game four overtime vs Florida Panthers. Stanley Cup Final tied 2-2. 3 4 games decided overtime","sports","sports"
"Edmonton Oilers take lead late third period 3-0 vs Florida Panthers game four Stanley Cup Final Edmonton scored four unanswered goals","sports","sports"
"Edmonton Oilers score third straight goal second period, mounting comeback game four Stanley Cup Final vs Florida Panthers","sports","sports"
"SebastiÃ¡n Ãlvarez Broke 3 World Records Jumping 41,470ft","sports","sports"
"DC Defenders Head Coach Shannon Harris Named 2025 UFL Buddy Teevens Coach Year","sports","sports"
"Manchester United Football Club - 2025/2026 Adidas home jersey reveal","sports","sports"
"player scored historic three-pointer Argentine National Basketball League.","sports","sports"
"Oakland Coliseum hosting 1st Major League Cricket match west coast home team SF Unicorns","sports","sports"
"Angel Reese wins Sportswoman Year 3rd time!","sports","sports"
"Australia qualifies 2026 World Cup 2-1 win Saudi Arabia","sports","sports"
"Team India Cricket Star Jasprit Bumrah Teaches NFL Star Micah Parsons Play Cricket Fun video NFL. thought would post sports fans.","sports","sports"
"Florida Panthers show power-play & passing perfection game three Stanley Cup Final. lead Edmonton Oilers 2-1 series. Last night's game even first two, still saw incredible showcase skills. Corey Perry also deserves love goal earlier game.","sports","sports"
"34 points tonight, 38 points Game 1, Shai Gilgeous-Alexander totals points ever player first two career NBA Finals games.","sports","sports"
"order GI irons stiff flex? Hi guys. tried golf 5 times hooked. retired another sport (semi-pro) say im relatively good athlete easy time sports. 35 btw. told naturally hit long avoid lite regular shafts go stiff ones, length shots. 8 iron example around 170. . currently play friends ironset, regular flex? avoid advice go regular since new it? Sorry native language. Basically question chose stiff irons naturally lot length first longer time new choose lite regular? Thanks. Btw PW around 115","golf","sports"
"Looking numbers, would simply switching 9 degree head increase distance bring launch angle bit? donâ€™t know great deal equipment someone mentioned going lower 10Â° would take flight bit get roll pierce wind bit better. like high draw ball gets little roll course. Distance Meters confusion carry 285 yards. going distance letâ€™s honest.","golf","sports"
"Average Joe proper swing question playing 20+ years average joe swing much take-away, top, plane, laid off, mostly arms. easy course novice tees good day break 90. non golfer probably looks totally proper. want learn proper swing generates speed correctly, isnâ€™t top, hands club correct plane. tried lessons got tripod swing apps. hard gonna dump old habits?","golf","sports"
"think benefits good amateur golfer are? never gonna pro. spending tons money. what? become scratch golfer? get you? IMHO goal always beat friends, consistently do, find new people play level on. thoughts?","golf","sports"
"Getting fit used irons/club rec Played golf casually throughout high school, recently graduated college got Callaway Edge set grad present gotten golf summer, \~15 handicap taking lessons, etc. bought used wedges (Vokey sm8, 52, 56, 60) driver/hybrid (AI smoke max driver 3 hybrid) loosely thinking getting new irons. gotten fitted clubs thusfar thinking getting fit irons would good idea considering 100% sure game etc. However, rather buy brand new irons used options \~1/2 price need best. way get fit used clubs? thinking paying $100 get fit locally buy used based that, better way? Thanks Also open club recommendations: reference \~110mph driver swing, \~90mph 7i. Since hitting vokeys consistently realized little feel current Edge game improvement irons responsiveness vokeys made better learn mishits, etc thinking getting new irons primarily feel continue improve ball striking. TM p770 seem interesting get feel worried would hard hit. p790 think would much different familiar brands.","golf","sports"
"Truth Tournament Golf senior club championship last weekend. Ended shooting -3 36 holes. canâ€™t say process fun. stressful entire time. feel good reflect it? Absolutely. lot fun afterwards going playing extra holes buddies money. Probably Iâ€™ll keep it, sometimes wonder why.","golf","sports"
"Broke 85 today. Season mission accomplished. Shot 83 par 70 course 6100 yard tees. Best score ever. 3rd round 90 last 5 rounds. Nearly holed eagle too. Donâ€™t hate holes arenâ€™t cut properly?","golf","sports"
"Menâ€™s league Menâ€™s league modified stableford format 9 holes. Shot 1 par 21 pts (6.9 index) figured shot win. Get club house leader 24 pts. pissed found guy 1.5 index shot 30 (-5) 9 holes","golf","sports"
"NGLA pleasure playing National Golf Links today. Absolutely gorgeous interesting track surpassed expectations. Definitely happy able check one course list.","golf","sports"
"Got 7 wood plays well looks Iâ€™ll happy. Replacing 4 iron, 195-205 yds.","golf","sports"
"need terms â€œfittingâ€ havenâ€™t golfed 20+ years went golf store get clubs. think last time golfed using ben hogan clubs made wood ğŸ˜‚ Iâ€™m really familiar fitting process, simply want get course play relearn get there. sales guy determined need +1/2 irons hitting +1/2 +1 irons. Iâ€™m 6â€™4. also large hands got jumbo grips. needs dialed good go? familiar things like loft lie etc. purchased set Ping G440 irons G440 max driver G440 5 wood odyssey putter. covered terms clubs? Im sure need 3 wood anything else.","golf","sports"
"Super Weird Round played last minute whim via golf WhatsApp group Iâ€™m in. 2 guys going joined. Itâ€™s course like normally score pretty well (79-83) me, Iâ€™m aiming anything 85. Today fucking weird. hit 11/14 fairways, 3 fairway playable. Probably total 3800 yards drives. went 250+ couple around 290 mark. shot 91. Lololol. Could putt save life. Could find green. par 3s 5,4,4,6. bizarre. Usually inside 80yrds Iâ€™m 2.5 shots in. today. close lol. Tomorrow Iâ€™ll hit 4 fairways shoot 84 ğŸ˜‚","golf","sports"
"Okay Iâ€™m JumboMax believer Always thought looked gawky never thought Iâ€™d them. bought utility iron eBay came one it. soon took practice swing â€œwait minute fuck?â€ went range loved felt, shot shot. decided put driver experiment thing - loved felt. knew key comfortable swing grip thick babyâ€™s arm.","golf","sports"
"balls u play? (Brand whore go cheaper ball) played Callaway super softs long time cheap. got better switched TP5s decided donâ€™t want spend $5 per ball switched Maxfli Tour ball every major way, even testing, comparable ball traditional Pro V1 (do research assuming incorrect itâ€™s not). done fair amount research balls came conclusion ur realistically paying $2 per ball based brand name borderline insignificant differences. feel like decent amount people might switch less premium brand save money actually looked ball performance","golf","sports"
"Non-Player Ridealong - course charge? curious what's usual course policies non-player riding along. Wanted take wife public course like. Gave call ensure told theyd pay cart fee, cool reasonable, green fee... Im sorry, what? heard courses dont allow well. Im sure places issues ""non-players"" suddenly hitting shots. felt entire green fee excessive. Gouging, warranted, clever trick keep ridealongs away?","golf","sports"
"everyone thinks could beat LPGA tour player tips - Lydia Ko vs Kwon","golf","sports"
"Go practice golf ready downvotes. pro suck days. lurked sub years love golf gotten control. Every post/comment getting fit clubs finding weird shortcut. fitting going magically fix swing. love god need get fit golf ball. break 100 good golfer. can't get there. Go play golf. Go driving range hit golf balls. Go practice green chip putt long can. Take money spending fittings new clubs get lessons. get lessons. swing swing practice it. means go get fit clubs golf balls specialized shoes go it. answer getting better wish everyone would stop suggesting new players sub first step answer. go practice, get better whatever equipment","golf","sports"
"new bag setup help. Hey all, new golf setting bag need little help last 3 clubs placed. going far Bag new Sun Mountain C-130, Diver Cobra Areojet, Irons 4I ( Cobra Dark Speed, Wedges Cobra Dark Speed P,G,S . needing help top Fairway woods 3-5-7 put hybrid instead wood? help would great.","golf","sports"
"people would walk taught walking like teach golf swing","golf","sports"
"wife got hole one tonight couples league! awesome!!!","golf","sports"
"First time solo Iâ€™m new golf range staring get boring. feel like actual course going help see need work times ive played buddies laxed. want go alone donâ€™t want drag, advice first time solo round?","golf","sports"
"golf this?? Itâ€™s called â€œflip flopâ€ cougar golf. Itâ€™s right handed club facing inwards Iâ€™ll try anything help 3 putts!","golf","sports"
"pisses u golf besides playing poorly? Played 18 today, shot 82 (8.5 handicap). really pissed losing ball hit dead straight center fairway. context, itâ€™s par 5 260 carry get top hill separates lower half upper half fairway. hit one best drives day, straight arrow, center fairway. Cannot emphasize enough, CENTER fairway. Get hill ball disappeared. Check hill, ball. Go back check everywhere 20 yards short hill 30 yds past hill. Check rough sides ball gone lol. Theres possibility hit farthest drive life hit dead center face people front us 360 teed average probably 270 roll out, never really get close 300. maybe stole something pissed off. Took gallery drop Iâ€™m psycho playing pga tour rules lost ball hit well shouldâ€™ve dead center fairway.","golf","sports"
"Swing progression question golfing pretty heavily since starting 11 months ago wanted post progress lessons (only youtube). good time get fitted buy new set clubs? Aside lessons, want know new fitted clubs really make difference beginner like me. Thanks!","golf","sports"
"many Golf Balls bag? pick freebies there, seriously, many keep ball pocket know enough clear out? Sincerely, low teen handicap plays usually 1 ball per round","golf","sports"
"What's point public courses? Called 4 different public city courses morning asking remaining tee times afternoon play round dad. understand could've booked tee time today days ago, plans today fell called see options were. 3 4 courses kind league play today, closed public 3 pm. 2 courses leagues league play Monday-Thursday open public 3 PM days. What's point public golf courses can't play weeknight?? disappointed courses. Last year Tuesdays Wednesdays leagues, everything else fair game. anyone else courses like this? want join league feels like that's inevitable want play","golf","sports"
"USGA GHIN GIR stat question. Thats lot acronyms. Iâ€™ve recently started tracking handicap officially GHIN app also entering stats like GIR, long/short/left/right, etc. fully understand definition Green Regulation would never mark one unless correct number strokes. question record approach shot direction Iâ€™ve lost ball tee (Iâ€™m 20.3 handicap happens lot). par 4, example, lose tee shot re-tee drop, actual â€œapproach shotâ€ one stroke behind. cases, Iâ€™ve marking â€œshortâ€ app, since technically Iâ€™m green regulation, even though real miss pattern approach shots usually long/right. continue log strokes â€œshortâ€ since didnâ€™t reach green correct number strokes? mark â€œleft/right/longâ€ better reflect true directional miss, even though werenâ€™t technically approach shots GIR?","golf","sports"
"Newer golfer seeking advice club gaps Hello friends, found sucked addiction golf looking advice current club gaps seem okay suggestions improvement. current setup is: Driver - 10.5* 3w - 16.5* 5w - 18* 4h - 21* (adjustable) 5i - 27* 6i - 31* 7i - 35* 8i - 39.5* 9i - 44* AW - 47* 52,56,60 Putter Unfortunately access launch monitor couldnâ€™t tell carry. Thank you!!","golf","sports"
"complete Brand right now? always think tour pro got pick brand game one would repâ€¦ Titleist always classy fav (especially putter, wedge, & ball categories) lately feel like Taylormade making incredibly strong moves industry PXG driver tough beat whenever test replacement. (Iâ€™ll probably never 1 brand bag but) brand holding presence bag rn & brand would choose rep? + aside chosen brand clubs would brands?","golf","sports"
"New clubs: Maltby STi2 Gen 2 Ended buying whim, Iâ€™ve interested Maltby long time. Fully customized set ~$240 door. feel absolutely incredible, Gen 2 looks great (Gen 1 still good!). Sold Ping G440 never looked back, Iâ€™m incredibly happy these. money leftover new putterâ€¦ Believe hype, Maltby real deal.","golf","sports"
"break 100 swing slower? everyone else does? Got tired slicing tee 5 cities said fuck im gonna swing slow like old man. way control everything. end flushing everything hitting irons. Broke 100 first time. Thought fluke. played 3 rounds weekend consistently shooting 100. swinging slow everyone else does? break 90 now?","golf","sports"
"set ""Ryder Cup"" style competition two groups friends? friend different state challenged local friends meet throw golf competition. big talk, light details. golfers probably ""official"" GHIN handicaps. go setting something fun, still reasonably fair. gamblers, know there's going money this. probably consist two four man teams. Maybe even 6 per side. Open suggestions.","golf","sports"
"broke 90 first time!! second summer playing golf Iâ€™m happy Iâ€™ve improving given first couple rounds season shooting 110-125 Iâ€™ve never hit driver far straight today. short game also came clutch getting bogey least 5 6 times limiting damage. Made first two ever birdies too!! falling love game. know grind breaking 80 gonna tall task Iâ€™m ready take on.","golf","sports"
"Golf ball fitting?! agree way many different golf balls choose. got back golf years ago used whatever ball found cheapest. Christmas gifted dozen callaway supersoft fell love them. last year dozen Vice Pro plus loved everything switched those. topic hand. recently read article said get fitted ball play. people, including myself, get fitted irons, drivers, even grips. However worth getting fitted golf ball?","golf","sports"
"driver would choose why? Hi everyone, quick question regarding drivers. Iâ€™m picking Titleist TS2 Taylormade M1 Driver Facebook seller Iâ€™m wondering one better. Iâ€™ll keeping one gifting one cousin broke his. beginner set Top Flite feel like Iâ€™ve improved enough upgrade driver want know one better why. Thanks help!","golf","sports"
"wish season longer! Golfing north short season man beautiful. (Fox Ridge Golf Course Auburn, ME)","golf","sports"
"backswing bad? always struggled inside takeaway recent got new feel dramatically improved consistency, feel trying feel face closed whole back swing basically stopping hands rolling back. Iâ€™m sure bad feel working, always wondered backswing shallow like major issue this? look tour players takeaway looks pretty upright obviously Iâ€™m really near that. benefit â€˜uprightâ€™ takeaway rather current? sort feelings drills could improve this? Also swing 100% made lessons problems visible please let know work :) still relatively new golf help much appreciated, playing 20hcp moment home course :)","golf","sports"
"Color Changing Golf Clubs! experiment Cerakote UV reactive pigments.","golf","sports"
"Golf bag Anyone know specifics bag?","golf","sports"
"Closed face heavy shaft lean forward address began developing bit hook (my normal shot shape draw) seemed â€œfixedâ€ closing face address (i know seems counter intuitive) adding healthy amount forward shaft lean start. new strategy resulted shots coming way straighter, flying straighter, seems go less effort. know theres absolute correct way golf, continue swinging swing works me, curious anyone tried also found success it, anyone knows bad strategy lead bad habits future. Note* new swing strategy also includes closing body away target bit, nothing crazy though","golf","sports"
"Clubs bag? getting golf Iâ€™m slowly piecing together full set. bought new, used, handed neighbor plays. wanted see based clubs anyone sees might find gap getting yardage certain situations. room clubs bag. appreciate time input! Driver Rescue 3 Hybrid 6-9 Iron PW SW GW Putter","golf","sports"
"good value clubs beginner? (30F) definitely beginner grew around golf/taking lessons playing summer, including multiple group lessons two 9-hole scrambles, pretty well (we didnâ€™t keep score shot usually one played). several work-related golf activities fall goal continue improving play socially, family vacations, work-related golf excursions. Iâ€™m still fence buying clubs vs renting play. see Callaway recommended good brand, questions set Costco - worth someone around level? good value set $$ last years least?","golf","sports"
"Getting Back Golf, Need Help Picking New Driver context, used play golf competitively high school, severe hand injury senior year never really got back sport weeks ago invited work event rediscovered love sport. old '09 Taylormade Burner driver bread butter, built draw since tendency slice right. pretty old though, sitting bag collecting dust 10+ years now, feel probably least get something bit newer/nicer. suggestions clubs look most? context: 6'2"", average build, playing regular typically shot around 85. pretty consistent hitting around 225 back high school, since put muscle technology advanced since then, hope able hit bit especially recover swing. mentioned tend slice drives right got draw club compensate back day, like something relatively forgiving also gives good launch. Hoping drop like $600-$800 club possible though means to. manager offered sell 4 year old Big Bertha B21 around $200, tends hit right well might decently well suited club me. also saw get brand new Cobra Aerojet $200 well sure would better option.","golf","sports"
"Need help trying speed scramble tournaments course, obvious answer better golfers play tournament. But, know is. people get twice year. hit 150 yard drive tee go person hit longer drive hit ball, etc. etc.. Looking group input, especially ideas worked save time lengthy 5 1/2 6 6 1/2 hour rounds. example, one idea might four golfers hit green par three itâ€™s automatic birdie group two four hit green thatâ€™s automatic par. Thanks advance.","golf","sports"
"DIY Club regrouping Hey everyone, recently re-gripped golf clubs, Iâ€™m running bit issue. Even letting sit full day, knobs almost every club still feeling loose. used recommended grip tape solvent, Iâ€™m sure Iâ€™m wrong. 3 hybrid issue however every club sort twist knob others. anyone else problem tips fix it? advice would appreciated! current ideas hairdryer new grips installed professionally ğŸ¤£","golf","sports"
"Priceless IndyCar racing helmet used Greg Moore stolen B.C. Sports Hall Fame excerpts article: >A racing helmet worn IndyCar driver Greg Moore 1998 victory Rio 400 Brazil swiped sports museum Wednesday afternoon. >The helmet permanent loan Mooreâ€™s parents, Ric Donna, considered â€œone iconic items Hallâ€™s motorsport collection.â€ >â€œWhile helmet carries significant monetary value, given historical rarity, Moore passed away 24 years old, holds even deeper significance Moore family cherished reminder Gregâ€™s life legacy,â€ read statement hall. >â€œThat helmet part Greg weâ€™ll never get back,â€ said Mooreâ€™s father Ric. â€œItâ€™s racing gear, itâ€™s symbol was, joy brought people, dreams chased. Please, anyone knows is, help bring home. us, everyone loved Greg stood for.â€ >The helmet features Playerâ€™s Racing Team Mercedes logo forehead, along blue gold checkers, red yellow lightning bolt pattern, peacock feather-inspired design.","INDYCAR","sports"
"Could 2026 year Lundqvist returns year off? Would guys say Linus Lundqvist shot returning Indycar full-time 2026 capacity? dark horse Foyt Veekay decides longer full-time, maybe RLL seat opens there? Malukas seems Penske ride lockdown definitely there.","INDYCAR","sports"
"Cusick Team Rebrands Cusick Morgan Motorsports","INDYCAR","sports"
"First quick look new 2026-2030 Toronto street circuit Indycar, located Markham","INDYCAR","sports"
"current teams worst pit stops? learn Indycar, curious current teams worst pit stops.","INDYCAR","sports"
"Throwback: 2003 Delphi Indy 300 incredible last laps finish [This video]( one time favourite racing videos. commentary radio broadcast epic, racing excellent, sadly video 7 pixels total. decided take audio add good quality video order fully enjoyed, is.","INDYCAR","sports"
"TIL: Eddie Cheever fastest lap Indy 500 history Apologies talked before, hadnâ€™t seen anything recently learned IndyCar stats kick. 1998 race lap 78, Cheever clocked 236.103mph, good time 0:38.119 seconds, time fastest Indy 500 race lap. context, Emerson Fittipaldi turned fastest lap 1994 monster Mercedes engine 220.680mph (0:40.783 seconds). Menard engines werenâ€™t blowing could really hustle Edit: 1996 1998. fault.","INDYCAR","sports"
"Silly Season?. Jack Harvey becomes minority owner Lincoln City soccer/football team. Sounds like also brought American backers buy team.","INDYCAR","sports"
"Indycar Hot Takes biggest hot takes cold takes sport, historically currently?","INDYCAR","sports"
"Toronto Mayor Talks New Markham Race asks whoâ€™s gonna go Markham race, says comparison racing Toronto proper.","INDYCAR","sports"
"expectations Power next year? know sounds like dumb question considering talented different teams different equipment different quality","INDYCAR","sports"
"Cadillac confirm Colton Herta race F2 pursue 'F1 dream'","INDYCAR","sports"
"2026 IndyCar Championship press conference transcript (w/DHL exec comments Mexico City)","INDYCAR","sports"
"Would Road Atlanta good Indycar track? thought since might track Indycar could race Georgia. think reconfigured Atlanta Motor Speedway's banking high","INDYCAR","sports"
"[OT] watch F2? Assuming found reason suddenly start tuning F2, options US? cable, feel free answer whatever options are, suspect might person asking.","INDYCAR","sports"
"FOX Sports Wraps Inaugural NTT INDYCAR SERIES Season Largest Viewership Growth Sport","INDYCAR","sports"
"Proposed 2026 Markham Indy Track Layout","INDYCAR","sports"
"Dan Towriss Track Oh happening. start silly season.","INDYCAR","sports"
"[Andretti] Andretti Global Signs INDYCAR Veteran Power 2026 Driver Lineup","INDYCAR","sports"
"Herta Leaving IndyCar Cadillac F1 test driver opportunity.","INDYCAR","sports"
"[Cadillac Formula 1 Team] IndyCar F1. new Test Driver, Colton Herta.","INDYCAR","sports"
"[FOX Sports PR] final INDYCAR race season scored 1,142,000 viewers Sunday FOX, +136% last year's finale. race peaked 1,388,000 viewers 4:30 4:45 PM ET.","INDYCAR","sports"
"Ladies Gentlemen, new Home Toronto Indy! series, man.","INDYCAR","sports"
"Rip Toronto Indy Exhibition (1986-2024) new Markham track announced, private development happening exhibition grounds, doubt race coming back soon, drop favourite memories commemorate history one IndyCars oldest tracks. Edit: meant say (1968-2025) thanks catch veerrrsix","INDYCAR","sports"
"addition wins far, Alex Palou 2nd place finishes year. Palou finished year 4 2nd place finishes (Long Beach, Mid-Ohio, Milwaukee, Nashville). Pato Lundgaard 3 2nds, Dixon 2, one else multiple. 3rd might ask? Surely Palou lock podium himself? would correct, Lundgaard McLaughlin got 3 3rds year Palou's lone 3rd Portland. Getting 2nds year already winning half races absurd. Palou incredibly far ahead everyone else year. Grats Pato fighting hard enough keep championship conceivably engine quit Portland.","INDYCAR","sports"
"Scotty Mac threw first pitch tonight's Detroit Tigers game!","INDYCAR","sports"
"Samâ€™s Club Bets Experiential Retail Media INDYCAR Sponsorship Sam's club appears interested Target-esque sponsor give brands spots car","INDYCAR","sports"
"Alex Palou: Relentless Journey Barcelona Four-Time INDYCAR Champion","INDYCAR","sports"
"VeeKay departs Dale Coyne Racing | RACER >Dale Coyne Racing seeking new lead driver. >â€œWe've let Dale know Rinus (VeeKay) coming back,â€ VeeKayâ€™s agent Adrian Sussman confirmed RACER. â€œWe also said much appreciated everything Dale Rinus, think goes ways. Rinus definitely helped Daleâ€™s team get back solid footing everyone came winner. fantastic year. Rinus loved part team, loves guys. everyone punched weight.â€ >Sussman wouldnâ€™t drawn clientâ€™s destination, offer table Coyne, decision step away one stronger seats â€“ VeeKay extremely happy thriving Cannon â€“ would made unless bigger offer recently presented. >Multiple sources told RACER look VeeKayâ€™s return alongside Santino Ferrucci Team Penske-affiliated AJ Foyt Racing replace outgoing David Malukas, expected confirmed [Will Powerâ€™s successor Team Penske]( **EDIT:** Article updated: >Powerâ€™s confirmation Andretti, originally anticipated today (Tuesday), said scheduled Wednesday. timeline confirming Malukas's move Penske unknown.","INDYCAR","sports"
"Final 2025 Indycar Driver Team Rankings / Nashville drivers performed 2025?","INDYCAR","sports"
"First Time Race attendance watching Indy TV last 4 years Iâ€™d like go race 2026. Iâ€™ve attended numerous Nascar races prior became uninterested 2013ish. Still attended local short tracks various series. Iâ€™m NJ area easily travel trying go CA. suggestions good track would first. Iâ€™m sure great Indy 500 want wait kids old enough remember going there. Ok needing spend night. Anyway thanks input figure Iâ€™d start planning take needed, look rooms not. Excited see first Indy Race person. little bummed didnâ€™t get see Power person Penske car, thatâ€™s get waiting. Donâ€™t want wait miss something else.","INDYCAR","sports"
"[Bob Pockrass] Green Savoree Toronto, promotes Toronto Grand Prix, set news conference tomorrow Markham, Ontario. Markham 15-20 miles north Toronto. expected World Cup development area, Toronto Grand Prix would need new location.","INDYCAR","sports"
"[McLaughlin] Thank Will. never thought Iâ€™d end teammates true Motorsport legend crazy journey brought there. enjoyed learning trying hone craft precise are. Thank Will. never thought Iâ€™d end teammates true Motorsport legend crazy journey brought there. enjoyed learning trying hone craft precise are. Iâ€™ve still got ways go always cherish time spent working together. wish best next journey, proud call teammate even proud call friend. GFC!","INDYCAR","sports"
"1 full day down, 177 full days go Indycar back.","INDYCAR","sports"
"Team Penske, Roger Penske statement Power 2026 season Team Penske announced today 17 years driving legendary organization, Power depart team prior 2026 season. Power one INDYCAR's decorated drivers 45 wins, two INDYCAR championships (2014 2022) one Indianapolis 500 victory. Power collected 42 INDYCAR victories time Team Penske, addition 71 pole positions distinguished greatest qualifier series history. Team Penske announce plans #12 Verizon Chevrolet later date prior 2026 season. ""As sat talk future together, felt time make change beginning next season. outstanding driver teammate organization. results speak themselves, wish best next phase career."" â€” Roger Penske ""It's honor life driver Roger Penske organization. accomplished much together, always grateful time team teammates supported along way. much consideration, felt like change right move time."" â€” Power * ğŸ¦ [","INDYCAR","sports"
"Herta switching F1 ladder would terrible mistake","INDYCAR","sports"
"Fun Indycar Races - Nashville 2025 - IndycarDad Hi friend. call Indycar Dad. nickname earned Reddit go races, fun, post pictures. specialty fun track, made video called ""How Fun Indycar Races"". hope like it. Normally post pictures started make little videos. post YouTube Instagram ""IndycarDad"" appreciate could follow those. devious plan. plan get enough followers Indycar gives media pass. go media center, think snacks there, even silly interviews drivers.","INDYCAR","sports"
"1 1 IndyCar Champion Alex Palou","INDYCAR","sports"
"2025 Borchetta Bourbon Music City Grand Prix | INDYCAR SERIES Full Race","INDYCAR","sports"
"Favorite season finale ever? yesterdayâ€™s season finale, thinking, favorite season finale races IndyCar? particular order, mine are: 1984 Caesarâ€™s Palace: great battle win championship fight well. 2012 2013 Auto Club: championship went back forth night long. 2006 Mexico City: title fight, exciting battle end. 2006 2007 Chicagoland: 2007 talked enough 2006 madness, four drivers barely separated going back forth championship.","INDYCAR","sports"
"Former team goes crazy Zach Cole gets first major league home run first plate appearance","mlb","sports"
"Players whose initials match team logo? Hereâ€™s strange pointless baseball trivia question canâ€™t find answer to. ever players whose initials match logos caps teams? example, Neil Young Yankees/Mets, Kieran Culkin Royals, Tom Brady Rays, Terry Crews Twins. obviously applies teams two (or, guess, three) letters hats. curious ever happened! Edit: their>there autocorrect fix","mlb","sports"
"guys think absolute WORST rule MLB implemented? personally think ghost runner (or whatever like call it). Let know guys think?","mlb","sports"
"Aaron Judge hits 361st home run tie Joe DiMaggio 4th place Yankees history Hr battle update MVP vs MVP vs MVP HRD vs MVP ASG Wow! Guess guys? Aaron hit 2 homers. 50 around corner. ""It Judgeâ€™s 45th career multihomer game, one behind Hall Famer Mickey Mantle second place Yankees history. Babe Ruthâ€™s 68 multihomer games most."" ""Judge reached 361 homers 1,129th game. DiMaggio played 1,736 games hit last homer Sept. 28, 1951, end 13-year career interrupted three seasons served World War II."" ""Ruth (659 homers), Mantle (536) Lou Gehrig (493) players ahead Judge Yankeesâ€™ career home run chart."" Cal Kyle hit hr. Dodgers play Shohei unable hit hr. Currently, MVPs (103) leading regular season MVPs (94). Cal MVP HRD Raleigh .239, 53, 113, 129 hits, .923, 5.8 WAR Kyle MVP ASG Schwarber .242, 50, 123, 132 hits, .929, 4.4 WAR Shohei MVP Ohtani .280, 48, 90, 154 hits, 1.001, 6.5 WAR Aaron MVP MVP MVP Judge .322, 46, 100, 158 hits, 1.112, 7.8 WAR","mlb","sports"
"Astros might miss playoffs Yeah Astros might loose AL west, Texas approaching Wild card Seattle takes AL west lead, Texas gets WC, Astros would miss playoffs first time years","mlb","sports"
"Harry Ford walks Mariners sacrifice fly bottom 12th inning","mlb","sports"
"HR Ball Giveaway kids pure awesomeness! Lifelong Cubs fan. noticed appreciate videos giving homecrun ball stands kid. watching games awhile, new trend/new rule? Also, Wrigley still throw back opposing players home runs? Would throw back ball front kid give wearing blue? curious, let's go Cubs!","mlb","sports"
"TIL: fastest swing speed ever recorded game 88.0 MPH. happened 29 times. player swung even 0.1 MPH faster.","mlb","sports"
"Aaron Judge career HR someone hit one 1st career AB 361st career homer today, Aaron Judge passed Gary Gaetti career homers player hit homer first career at-bat. makes tied 89th all-time; weird think none top 88 players all-time career HRs hit one first. climb lot list eventually, though. first career homer August 13, 2016, 2 outs bottom 2nd Matt Andriese Rays. What's really amazing previous batter, Tyler Austin, also homered, first major league at-bat too(weirdly, hit 33 career homers). That's time two teammates hit homers first career at-bats game, let alone consecutively. Looking fact combined Judge's career since makes think first career at-bat might significant first at-bat MLB history.","mlb","sports"
"Leo Rivas walks Mariners 13th inning complete sweep Cardinals","mlb","sports"
"pitch framing still around? last night's Yankees broadcast, booth discussing pitch framing proposed rule discussed award ball catchers arm moved much. never fully understood umpires seemingly ""allow"" pitch framing. really susceptible it? even really see arm movement vantage point? think proposed rule award ball ""excessive arm movement""? know pitch framing one ""human element"" aspects game, catchers making careers framing abilities (thank goodness Austin Wells' sake frame), always ultimately felt dishonest cheap me.","mlb","sports"
"need two-way players like Ohtani fun watch. since came US 2018, broke barriers baseball, proved impossible possible,made history,got change rules,pave way other. even day, two-way players him... still one WHY? mean bunch two-way player drafted guys go? still trying it? long wait? cant wait long bc im old!","mlb","sports"
"would change MLB Playoff Format Recognizing MLB owners never vote reduce revenue, bothering ideas reducing number teams playoffs may well case merits. best idea came seems do-able knowing runs things: * Wild Card round still exists, follows similar structure NBA's play-in tournament. gives edge 3/4 seeds currently exist guaranteeing least one advances. * 3 seed plays 4 seed one game (winner advances division series), 5 seed plays 6 seed one game (loser eliminated playoffs) * loser 3/4 vs. winner 5/6 play one game (winner advances division series) * 2 days games 2 advancing teams clinch spot first day, possible begin division series earlier (2 series begin 1 day early, 2 begin 2 days early). would reduce impact rust teams bye supposed help * Seeding based purely regular season record, resulting September regular season games competitive stakes (unlike now, Cubs effectively nothing play last 2 weeks). also reduces likelihood 2 seed getting easier matchup 1 seed often happens. * first tiebreaker teams identical records division winner status * Division Series becomes best-of-7 like LCS World Series. top 2 team league, take best-of-7 series eliminate you. expands playoffs 2 days, like said earlier, wild card format change would offset that. * Flexible Scheduling World Series less dead time LCS. addresses ""OMG can't baseball games played November"" concern.","mlb","sports"
"Aaron Judge hits 359th career homer, passing Hall Famer Yogi Berra 5th Yankees history Hr battle update MVP vs MVP vs MVP HRD vs MVP ASG Wow! Aaron hit 44th homer, 412 feet 110.6 exit velocity. ""Hall Famers Babe Ruth (659 homers), Mickey Mantle (536), Lou Gehrig (493) Joe DiMaggio (361) ahead Judge Yankeesâ€™ career homers list."" Wow! Kyle also hit homer, 50th 1st player hit 50 4 Schwarbombs game. Cal Shohei hit hr. Currently, MVPs leading regular season MVPs. Cal MVP HRD Raleigh .240, 53, 113, 128 hits, .923, 5.7 WAR Kyle MVP ASG Schwarber .240, 50, 123, 130 hits, .926, 4.3 WAR Shohei MVP Ohtani .280, 48, 91, 153 hits, 1.001, 6.4 WAR Aaron MVP MVP MVP Judge .321, 44, 98, 155 hits, 1.103, 7.6 WAR","mlb","sports"
"MLB Power Rankings: Dodgers Padres wasting away wild NL West, plus surging Yankees team fights back Top 6 1. Brewers 89-56, 6-4 2. Phillies 84-60, 7-3 3. Yankees 80-63, 7-3 4. Blue Jays 82-61, 5-5 5. Tigers 82-62, 4-6 6. Cubs 81-63, 5-5 Wild Card AL Yankees 4.5 Red Sox 3.5 Mariners -- NL Cubs 5.0 Padres 3.0 Mets --","mlb","sports"
"consistently mediocre MLB teams last 25 years Blue Jays truly incredibly mediocre team.","mlb","sports"
"former major-leaguerâ€™s next pitch: Develop bright baseball future Native American players [ two hot summer days July, nearly 170 13-to-16 year-old players 40 Native American tribes assembled spring home Arizona Diamondbacks Colorado Rockies Maricopa County, Ariz. Family friends gathered lawn chairs complex. Native vendors sold jewelry food. participants came eight states, including Alaska, try first Native American team compete Babe Ruth World Series. [social media invitation]( event summarized tournamentâ€™s goals: â€œBe seen. selected. Represent nation.â€ spring-training complex, Salt River Fields Talking Stick, major-league facility tribal land. Dave Dunn, general manager complex since 2009, two years opened, provided fields, lights grounds crews. games took place back fields Rockies train. former major-league pitcher D.J. Carrasco way, tournament first step toward brighter baseball future Native American players â€“ one culminates invitation World Baseball Classic.","mlb","sports"
"Whatâ€™s young MLB player think hit max potential? Inspired [thread]( r/NBA. guess definition young lot different MLB. Maybe 27?","mlb","sports"
"Total WAR per Team Players Drafted Signed covers drafts 2004-2023. explanation, looks total WAR players team drafted sign contract either negotiations players went college stayed college. example, Trea Turner selected Pirates 2011 sign. total WAR count towards Pittsburgh chart. list notable players drafted teams sign them. Additionally, players drafted team sign, drafted later year team sign, count. example, Marcus Semien sign White Sox first time drafted him, sign next year drafted them, therefore would count data. LA Angels: 2005 - Buster Posey, 50th Rd. 2008 - Kyle Hendricks, 39th Rd. Oakland A's: 2010 - Aaron Judge, 31st Rd. Toronto Blue Jays: 2010 - Kris Bryant, 18th Rd. 2011 - Aaron Nola, 22nd Rd. Atlanta Braves: 2008 - Anthony Rendon, 27th Rd. Milwaukee Brewers: 2005 - Jake Arrieta, 26th Rd. 2011 - Carlos Rodon, 16th Rd. 2017 - Garrett Crochet, 34th Rd. Arizona Diamondbacks: 2017 - Tarik Skubal, 29th Rd. LA Dodgers: 2004 - David Price, 19th Rd. 2006 - Paul Goldschmidt, 49th Rd. San Francisco Giants: 2014 - Joe Ryan, 39th Rd. Cleveland Guardians: 2005 - Tim Lincecum, 42nd Rd. 2009 Merrill Kelly, 22nd Rd. 2009 - Max Muncy, 41st Rd. 2017 - Spencer Strider, 35th Rd. Seattle Mariners: 2005 - Lance Lynn, 6th Rd. 2016 - Adley Rutschman, 40th Rd. Miami Marlins: 2004 - Charlie Blackmon, 28th Rd. Washington Nationals: 2009 - Marcus Stroman, 18th Rd. Baltimore Orioles: 2007 - Merrill Kelly, 37th Rd. Pittsburgh Pirates: 2011 - Trea Turner, 20th Rd. Boston Red Sox: 2005 - Charlie Blackmon, 20th Rd. 2012 - Alex Bregman, 29th Rd. Cincinnati Reds: 2004 - Jake Arrieta, 31st Rd. Colorado Rockies: 2007 - Chris Sale, 21st Rd. 2012 - Dansby Swanson, 38th Rd. Minnesota Twins: 2006 - J.D. Martinez, 36th Rd. 2008 - George Springer, 48th Rd. 2016 - Brent Rooker, 38th Rd. NY Yankees: 2008 - Gerrit Cole, 1st Rd.","mlb","sports"
"favorite player least favorite team, Vice Versa. time!! Giants least favorite team, Tim Lincecum fun watch prime Julio Urias least favorite Dodger(My favorite team) yeahâ€¦â€¦.honorable mentions Michael Conforto tho","mlb","sports"
"Ernie Banks played 17 seasons NEVER played single post-season game! would say makes greatest player never make post-season, far player MLB, NFL, NBA NHL boot. Mr. Cub, still legend.","mlb","sports"
"Hot Take: Aroldis Chapman IMO best closer last 15 years makes sad, cuz Iâ€™m Dodgers fan. love Kenley(In Regular Season) feel like Chapman surpassed Kimbrel. Besides Saves, beat nearly every stat(That actually matters relief pitcher) could biased, cuz watched Cincy A-lot(My dadâ€™s Big Reds fan) absolute badass, think better longevity them, season, heâ€™s higher peak peak Craig Kimbrel. Jansen Kimbrel HoFers Eyes, weâ€™re talking overall Talent, Chapman definitely best relief pitcher last decade","mlb","sports"
"Rise Fall MLB Teams September 7","mlb","sports"
"Raleigh hits major league-leading 53rd homer, Mariners rout Braves 18-2 runs since 2012 Hr battle update MVP vs MVP vs MVP HRD vs MVP ASG Wow! Cal hit 53rd homer. Two break Mickey Mantle's record, 4 break Ken Griffey Jr.'s record, 21 break Bonds' record. Shohei hit 2 homers. Two 50 7 break record. Aaron hit homer made amazing diving catch. Kyle hit hr. Currently, MVPs leading regular season MVPs. Cal MVP HRD Raleigh .243, 53, 113, 128 hits, .931, 5.7 WAR Kyle MVP ASG Schwarber .242, 49, 120, 129 hits, .929, 4.3 WAR Shohei MVP Ohtani .279, 48, 90, 151 hits, 1.001, 6.3 WAR Aaron MVP MVP MVP Judge .321, 43, 97, 154 hits, 1.099, 7.5 WAR","mlb","sports"
"2025 MLB playoff picture: Baseball standings, projections, odds Yankees, Mets, Dodgers jostle position","mlb","sports"
"Cal Raleigh dumps MLB leading 53rd home run Braves","mlb","sports"
"Managing strike zone batter 2025 (This photo strike 3 call Jazz Chisholm yesterday) Tigers fan, feel like talking teams fans equally. know modern game played. still high 'three true outcome' phase despite smallball baserunning becoming crucial again. Taking walks still critically important. risk ""old man get lawn"" guy...I say...**The umpires still human**! humans gone lasers...if take pitch 1-2 inches plate, might get rung up, might call strike. play fire much? Swing bat. amount *close takes* 2 strike counts see right ridiculous. watch baseball day free time. watch Big Inning. mlb package. would want hitters approach playoffs. Phillies taking pitches millimeters plate Sandy Alcantara yesterday appalled umpire called one strike. know need make pitcher throw strikes, arguing that. arguing letting entire at-bat (and maybe season) come guy like Laz Diaz, insane. fine approach automated robot umpires...but strategy overall style play gonna f\*\*\* someone playoffs find funny. teach players whole lives protect 2 strikes swing close...then get majors games become 'take-a-thon' daring umpire make call. Jazz might right photo, ball. worst call ever seen? No. happened every major leaguer? Yes. TLDR: ballsy 2-strike takes jumped shark, swing bat...if leave fate hands human umpire, deserve bad calls...until robots.","mlb","sports"
"team best home run celebration? Boston guy here. Red Sox really lame song play hit home run. Theyâ€™ve added incredible lighting roll blackout across stadium still feels bit dull. cant help think teams dropping ball exciting part game making fun. Iâ€™ve many away stadiums none memorable hr celebrations. would lose second ball hits seats home run Fenway, stadium plays â€œwonâ€™t flyyyy highhhh freeee birrrd yeahâ€ guitar solo kicks round bases. Video lynyrd skynyrd playing jumbo, light shows, fireworks, party atmosphere. maybe players get select song video jumbo, idk anything fun good ones donâ€™t know about?","mlb","sports"
"Could get Royals Rangers playoff season year? Royals Rangers right WC Seattle Seattle looses tomorrow KC wins equal.","mlb","sports"
"Jacob Wilson wins batting title, beat Kurtz AL ROY? Kurtz amazing Wilson ends passing Judge (heâ€™s currently second MLB batting average qualified now) batting title, win ROY? Kurtzâ€™s OPS signature game enough win? Obviously itâ€™s them, Iâ€™m sure winning batting title enough get Wilson Kurtz. yâ€™all think?","mlb","sports"
"first game Camden Yards think im officially Orioles fan Dont know im allowed post kind stuff heres view Rivera winner safe say love baseball haha","mlb","sports"
"[Highlight] Emmanuel Rivera stuns Dodgers walk-off base hit center field","mlb","sports"
"Great 9th Orioles! Thatâ€™s gotta sting! Donâ€™t usually watch Dodgers Orioles, wowâ€¦ way turn game around! switched Guards winâ€¦ would never guessed game going end up.","mlb","sports"
"Travis hunter need considered much unicorn Ohtani? really mlb ohtaniâ€™s stats donâ€™t mean much me. understand heâ€™s elite offense, quite elite pitching. Hunter could easily better corner used offense primarily need. definitely see hunter potential top 15 wr top 10 cb point career.","mlb","sports"
"Statcast record player's vertical leap? seems like Statcast records kinds movements. include player's max vertical Statcast? mean NBA records time. important baseball considering jumping higher means longer reach?","mlb","sports"
"TB game without scoring run getting RBI? watching Nick Kurtzâ€™s crazy game earlier year, got thinkingâ€¦I wonder anyone ever gone 4-4 5-5 XBHâ€™s scored driven run. Anyone done this?","mlb","sports"
"biggest table contract MLB history? light Kawhi news table deal, MLB examples this? MLB players paid money table contract?","mlb","sports"
"7-pitch battle Paul Skenes Shohei Ohtani lead game!âš¡","mlb","sports"
"best team Japanese league placed MLB next season, would do? coming someone knows nothing baseball, curious strong overseas leagues gotten compared sport choice (basketball). Thanks!","mlb","sports"
"[Highlight] Brian Walsh rules Ryan McMahon catch ball conversation umpires call field stands","mlb","sports"
