"System completely shut Today, 3 hours ago solar power wall completely shut stopped working. also prevented grid giving us energy, house completely without power. contacted support, us reset gateway, powerwall, system shut switch. Still nothing, system working can't seem bypass get grid power. one ideas?","TeslaSolar","technology"
"Mann Cabin Air Filter Mk 8 First time change cabin filter little trouble identifying correct Mann filter I prefer products. Anyone know filters work Mk8 cabin?","GolfGTI","technology"
"Bliss achieved! Finally got setup dialed man stoked yes subs floor soon! LP5X table ATVM540ML cart/stylus Rogue Sphinx V3 PA local! JBL L46s recently recapped + refoamed JBL Stage 200L subs running variable output sphinx using 20dB gain booster stereo -> dual mono summer Amazing sound volume levels. Extremely pleased every bit listening nonstop. sphinx incredible piece equipment ties together.","audiophile","technology"
"Unable adjust brightness recent forced windows updates **Laptop:** Lenovo Legion 7i 4090 2024 **Issue:** recent forced windows updates restarting computer, longer able adjust brightness computer via function buttons f5 f6. Upon starting computer, received popup message X-Rite Color Assistant. *Unexpected Error occurred:* *Failed obtain brightness levels system.* *We sorry inconvenience. Please contact support at* * *X-Rite Color Assistant shutdown.*","LenovoLegion","technology"
"CB static Hi everyone, I‚Äôm new , new CB world. Here‚Äôs quick run down: ‚Ä¢Coax cable ‚Ä¢CB radio grounded metal dashboard frame ‚Ä¢CB radio power wired battery. Bracket antenna painted metal? Felt looked like aluminum. Painted blackthis might gone wrong ‚Äúantenna grounding purposes‚Äù Anyways, cb radio gives static static static. didn‚Äôt use swr meter. Another discovery I‚Äôve made squelch somewhat up, hear truck engine windshield wipers cb radio speaker. Antennas separated appropriate distance evenly . Someone tell going need do. feel like I‚Äôm picking transmissions it‚Äôs static. cb antenna grounded properly? need use swr? ground cb radio incorrectly ? Please thank advice excuse I‚Äôm entering cb world excited learn .","cbradio","technology"
"Nexon Help bought parallels could play Mabinogi Mac whenever try start game nexon launcher get popup saying ‚Äúthis application cannot run virtual machine‚Äù I‚Äôm confused navigate really hope didn‚Äôt waste money","macgaming","technology"
"Cannot move Left Right Game Hey yall, built new PC Saturday, I‚Äôm running weird issues. may driver issue, sure. first boot, Ethernet driver, I‚Äôve never happen fresh build. Built 10ish pcs time. concerning, got driver ready go. installed Black Ops 6, cannot move left right MnK A key key move forward, backward shoot like normal. figured BO6 bug, downloaded BF2042 issue occurred. heard maybe controller issue, even though I‚Äôm MnK plugged Xbox controller wouldn‚Äôt recognize Elite controller. installed Xbox Accessories app, I‚Äôm good go. Loaded BO6, move left analog stick, cannot look right stick. System Recovery, fix problem. fresh install Windows, recognized Ethernet drivers, I‚Äôm running issue able move. anyone seen heard something like before? I‚Äôve tried different USB ports before. miss pin something motherboard built computer? I‚Äôm complete loss. It‚Äôs Ultra 9, RTX 5080 build MSI Z890 Gaming WiFi mobo. Running windows 11 pro. Thanks Reddit","pcmasterrace","technology"
"New tricks, old dog Fun project, IPS screen new shell Hispeedido. Tried keep original membranes literally ripped apart fingers. new membranes gripe since little harder press. hard time using Everdrive time rechargeable batteries eneloops. advice? plenty normal carts would love avoid using old school batteries using Everdrive.","Gameboy","technology"
"Capillus laser therapy cap Helll guys, new subreddit hoping get technical direction. recently purchased capillus laser therapy hat. I‚Äôm sure model is, someone would able help that. also don‚Äôt know frequency used company recommends, one daily 6 minutes. also looking advice best practices, instance, shower hair clean dry, common causes irritation? avoid them? Best times use, morning, midday, night doesn‚Äôt really matter. information use product effectively would much appreciated. Thank help advance :","redlighttherapy","technology"
"Kenmore 400 dryer day quit putting heat, replaced heating element fuses thermostat kit bought , still heat idea problem . help?","appliancerepair","technology"
"Picked Komodo K73P 17‚Äù year searching crt area playing games 1024x768@85 feels great, corner geometry needs adjusting don‚Äôt care enough fix right","crt","technology"
"cannot stop typing keyboard first true mechanical keyboard. produces deep, low frequency sound satisfying. Two different lighting options, look equally great imo. Crush80 gateron oil kings v2 Cherry godspeed keycaps ft DOIO macropad","MechanicalKeyboards","technology"
"noticed gpu dipping I‚Äôm using get bracket piece paper folded math homework.","pcmasterrace","technology"
"y'all think laptop want know guises opinion laptop plan get it. good price? good true? Etc.","GamingLaptops","technology"
"Need Help!! Stuck flashing gray screen boot log PC stays flashing gray screen clue it. help would appreciated. Thanks!","pcmasterrace","technology"
"Pc build first pc, rx580 pretty basic future probably update üôè‚ù§Ô∏è","PcBuild","technology"
"Yall like PC? 7800xt Sapphire Nitro+ Ryzen 5 9600X","ZTT","technology"
"Nvidia's NIGHTMARE? AMD UDNA Architecture Info & Celestial Leaks","Amd_Intel_Nvidia","technology"
"USB sound bad? anything improve sound Katana MKII USB Out? Recording today exercise futility. mic cab?","BossKatana","technology"
"Mystery Charger Found charger house clue goes to. Anybody recognize used for??","whatisit","technology"
"Radiator electric fan Quick question, electric fan spin turn AC? seems mine working.","Jimny","technology"
"AC working power outage Yesterday came home work AC wasn‚Äôt working got word power outage. ran power cycle house started cool working fine. left house morning AC also seemed fine. get home work today it‚Äôs 80¬∞ house. ran another power cycle temperature isn‚Äôt dropping. ideas here? Outside unit turning on, feel air coming vents it‚Äôs barely pushing air seems like might fan?","hvacadvice","technology"
"Vivint system removal Hello anyone reading, I‚Äôll keep short sweet! I‚Äôve looked posts topic, didn‚Äôt find definitive answers anything current. possible remove system deliver back Vivint? required schedule someone removal equipment? Please & Thank advance!","homesecurity","technology"
"Calorie adjustment Apple Watch 0 - need help fitness activities record Apple Watch sync correctly MFP app. However, calorie adjustment always 0. It‚Äôs getting annoying Apple Watch clearly shows active calories burnt throughout day MFP for example Apple Watch tracks calories walk house stairs walk dog, go shop, etc. means MFP thinks eat less food reach target end really high daily calorie deficit. Please help. idea fix it.","Myfitnesspal","technology""Pokemon Crystal Flash Cart: Day week rapid change got question - running crystal flash cart got something weird happening - bc change battery flash cart, battery CR1220 Lithium 3V same. day week flashing by. idea what‚Äôs going on? I‚Äôd guess it‚Äôs battery 1 1 swap? it?","Gameboy","technology"
"computer broken? opened top zoomed wherever cursor was, I‚Äôm sure can‚Äôt fixed new cursor bring cursor line","computer","technology"
"Maya autosave file open use? often leave computer Maya files open unattended long periods time it‚Äôs bad habit computer stellar build great fans it‚Äôs never problem. autosave open one files wondering time-based saves I set max 8 autosave time periods 10 minutes each file open desktop actively worked on. example, leave file open I‚Äôm away 80 minutes 8 autosave files unworked file? I‚Äôm worried somehow file corrupt 80 minutes Maya re-save corrupted file they‚Äôll end useless- possible? Cause I‚Äôll actively work fixing habit‚Ä¶","Maya","technology"
"Phantom spirit 120SE sounds like jet engine Hello! watched lot reviews phantom spirit 120 SE, seemed like almost everyone agrees good is. problem thing insanely loud. 50% above, makes head hurt. made sure sticker removed bottom fans right place. fans thing really bad? Would replacing arctic p12 help? Thanks!","buildapc","technology"
"Charging Socket working. Please service vehicle Hello! seeing warning message pop periodically driving saying charging socket working. car driving fine able charge home, warning message quite annoying every miles. anyone else faced issue? brought car free annual service, course see message appointment.","VWiD4Owners","technology"
"Whirlpool Fridge Water Dispenser Issues Hello, Whirlpool model GZ25FSRXYY2 dispense water fill ice maker hoping someone help diagnose. notes - - water stopped working abruptly - hear solenoids activate push dispenser ice maker kicks on. - first thawed fridge 8 hours fan case water line frozen - appliance repair guy replace inlet valve dual water valve, change anything, said water supply problem. - parts replaced confirmed water flowing fridge, supply problem. -There's visible mineral buildup exterior lines would suggest could problem. - Prior issue installed RO Delivery Pump worked great 4 months. disconnected least temporarily eliminate potential issue, maybe triggered whatever initial failure is. anything else fridge could cause problem?","appliancerepair","technology"
"use kind plug moved new apartment, told need stackable washer dryer, getting installed outlet correct. outlet looks like, went home Depot told kind outlet range, use kind plug dryer?","Appliances","technology"
"Update mower turning - lives! Re: Lightning  guy's hackaround works  TL;DR - cut/connect red yellow wires together charge controller \*explosion.gif\* Connect small fused wire bypass fried part circuit bring mower life probably connects end 48V control circuit rest mower makes sense need shut mower order charge/not drive plugged in, there's much simpler way like interrupting key switch circuit plug inserted. Anyways, one new charge module ordered thing good new Pending update wall charger, ok sparkies know always easy fix zapped tech grateful guy found root-cause sharing rest crew might run across again.","ryobi","technology"
"3060 ti plan buying RTX 3060 Ti I‚Äôm sure PSU handle it. bought prebuilt pc like 3 years ago it‚Äôs ROG STRIX G10CE. check handle 3060 ti current PSU. Also, RTX 3060 ti powerful PSU, get RTX 3060?","PcBuildHelp","technology"
"internet connection PS5 goes rest mode. Hi all, switched Fios xfinity. PS5 connected extender via ethernet. Every time ‚Äúwake up‚Äù PS5, get ‚Äúno internet‚Äù message, takes couple minutes connects home page updates. basically cannot play online game couple minutes passed. Never issues connected routers, it‚Äôs cable unplugged plugged turning on. Anyone know would disconnect all? rest mode, PS5 supposed internet access download updates connect remotely. setting hasn‚Äôt changed, seems like it‚Äôs extender terminating connection ps5 idle. Why? cannot remote play probably download game updates rest mode it‚Äôs inconvenience. see settings Verizon app.","Fios","technology"
"electrical buzzing TMX? It‚Äôs made noise since bought it, plan opening lubricating everything well ball bearing mod might find then, want something try pinpoint. PS: ik wheel dusty okay, it‚Äôs closet forever","simracing","technology"
"Looking printer print addresses cardstock/postcards. Looking recommendations printer could print address labels cardstock postcards would efficiently. business house direct mail approximately 500-700 pieces per week looking printer would print addresses preprinted postcards. think postcards 14pt 12pt cardstock. Printer color, printed labels generated USPS barcodes, black cartridge/toner enough.","CommercialPrinting","technology"
"Condo air conditioner working air conditioning expert, please excuse claim anything contradictory. currently renting condo unit in ceiling HVAC system, believe building central air conditioning i.e. air conditioning stuff roof building. winter, took thermostats forced ever unit onto heat mode. Since lock turned off, units cooling function working. worked well last summer heating locked put place. condo management give slightest f\* sending someone take look it, am. course, tried turning thermostat off. also turned electricity AC unit breaker box, waited \~5min, turned back on. However, matter try absolutely effect room temperature. put hands vents felt gentle cool breeze, metal fan also cool, though may felt heat conductive aluminium vent. Regardless, hours hours room feel cooler thermostat shows change. already peaked unit ceiling, visible switches could access restart bunch pipes. see Mitsubishi, however, matching thermostat. Oddly enough, unit entire building experiencing issue. Hallways cool, common gym unbearably cold, thermostat visibly turned set 19C. would much appreciate advice recommendations anyone dealt issues. turned anything handle.","Appliances","technology"
"Got CMF Phone 2 Pro Asus Zenfone 8 died infamous ramdump mobo issue. Went get x200 get due low money never availed EMI so, can't get loan either. Saw store decided get emi, easy CIBIL. Experience phone great far. One best budget phones owned long time moto G5. Got signature Orange.","CMFTech","technology"
"could make email related emails disappear? received email someone outside org. read it, forwarded someone, replied it. Looked later longer inbox, forward reply sent box, person forwarded says also inbox longer, though see arrive. trash spam. Searched using unique keywords nowhere. made happen avoid future? I filters/rules set up. Office 365.","Outlook","technology"
"security app features Find Device Recently, watching documentary, became interested data security started looking app protect smartphone effectively. Find Device offers basic location tracking, needed something detailed features. phone may latest model, holds important memories, didn‚Äôt want risk losing it. That‚Äôs came across app called MFINDER, offers many features Find Device. example, tracks location lost phone, also remotely activate camera take pictures surroundings play siren help locate phone easily. Plus, lock mode feature keep data secure. Thanks additional features, use phone much greater peace mind.","cybersecurity_help","technology"
"cleaning daughters PS5, want replace liquid metal application can, refresh it, leave dry spots. Link planning use comments. found this: good enough replace old liquid metal this? kinda guessing Sony use something like thermal grizzly, would expensive, also fairly simple combination metals liquid room temp. Sorry title text bit chaotic, English first language !","PS5","technology"
"Strix Scar 16 2025: would really killed put one port - charging port - back? gauge cable heavy, can't really bend way want put potentially harmful strain port. basically best man ugly. way loving laptop far. just...MAN ugly.","GamingLaptops","technology"
"BIOS update completely useless comes technical aspects pc stuff, game tried open recommended update BIOS, absolutely idea means. spent half hour trying figure nothing makes damn sense, help would greatly appreciated","pchelp","technology"
"""What square root pi?"" = DeepSeek brain freeze üòÇü§™üò±ü´† would question make DeepSeek freeze?","DeepSeek","technology"
"Looking 100% barebones keyboard friend Building friend keyboard, needs numpad work. switches keycaps already, need board haha. Preferably: -Wired -White -100% -Under $150 Thank much!","keyboards","technology"
"Benchy Took 3d class couple years ago finally go one made first benchy","3Dprinting","technology"
"ASUS TUF A15 ASUS ROG STRIX G16? Currently hard time picking two. specs prices: ASUS TUF GAMING A15 FA507NVR-LP037W 78,000 pesos approx. 1,420 USD Specs: AMD Ryzen 7 7435Hs, NVIDIA GeForce RTX 4060, 32GB DDR5-4800 RAM, 1TB SSD ASUS ROG STRIX G16 G614JU-N3532WSM 90,000 pesos approx. 1,640 USD Specs: Intel Core i5-13450HX, NVIDIA GeForce RTX 4050, 16GB DDR5 RAM, 512 GB SSD I plan upgrading RAM SSD strix, immediately upon purchase.","GamingLaptops","technology"
"Switch 1 version games performance boosts switch 2? example, breath wild Totk original switch version, use copy, get performance & graphical upgrades playing switch hardware?","Switch","technology"
"Performance problems ? Hi! love game, really great, playing while. However, every time launch game computer starts blow like never before, impression game requires resources Elden Ring, Mass Effect, Doom Eternal Helldiver. got pretty solid computer I 3D video : RTX3070, AMD Ryzen 9 5900X, 64GO ram also kind problem game?","godofweapons","technology"
"Throwback paid ‚Ç¨700 RTX 3060 2021‚Ä¶ get stomach cramps thinking searched everywhere card prices brutal. Ended grabbing Gigabyte RTX 3060 3,599 lei ‚Ç¨705 literally *only* decent option. excited first pc. Looking back now‚Ä¶ stings, wasn‚Äôt even high-end begin with. Looking back, smartest move .","pcmasterrace","technology"
"42 inch samsung s90d 4k oled tv vs 42inch lg c4 oled tv vs currently using ASUS ROG Swift 38‚Äù 4K HDMI 2.1 HDR DSC Gaming Monitor PG38UQ Looking 42 inch samsung s90d 4k oled tv 42inch lg c4 oled tv. im currently using ASUS ROG Swift 38‚Äù 4K HDMI 2.1 HDR DSC Gaming Monitor PG38UQ wondering anybody used TVS monitors, work World Warcraft?","wow","technology"
"Single door fridge reccomdations Hi, market single door fridge, bottom freezer. One person said Samsung appliances dependable. looking recommendations mid-range price. hard days avoid obsolescence appliances. Thanks.","Appliance","technology"
"Replacement cables sp750 psu lost third 8 pin cable gpu, looking li Lian website replacement couldn‚Äôt find saw pin layout format couldn‚Äôt find cable format. help would really appreciated got 5070 ti kinda disappointed lost cable","lianli","technology"
"Best gaming internet ‚Äì what‚Äôs important factor lag-free gaming? look internet plans setups get best gaming internet experience? fiber really worth cable DSL, equipment make bigger difference? ping, bandwidth, jitter actually affect day-to-day gaming performance? Interested tips wired wireless setups!","HomeNetworking","technology"
"Guys!! Help Custom resolution!!!! get it. started playing Bo6 Xbox app pc couldnt play Cs2 custom resolution anymore. tried pretty much everything. Also Bo6 Custom resolution shows fine play 1440x1080 want it. know might sound complicated, anyone could help would much appreciate it!","csgo","technology"
"Need Help hi budget 950 gbp buy parts new build current build consists gtx 1080 ryzen 5 2600 32gb ddr4 chosen parts good play 1080p also want build look nice perform alot better borderlands 4 ect ","buildapc","technology"
"opening server router doesnt allow port ranges? pretty shitty router playit.gg doesnt appear work game, wondering opening port 27015 okay. seems work connect using local ip.","CounterStrikeSource","technology"
"Locking Windows laptops know Microsoft option lock lost stolen laptop Intune, use use Prey due budget stop using it. anyone use scripts try make device unusable?","Intune","technology"
"Frame gen feels like lower frame rate dark ages. loving game far one thing noticed turning frame gen 2x feels like lower fps weird stuttery frames moving. getting around 80-90 fps turned 2x hovers around 140fps feel better way. bug/driver issue? doesn‚Äôt usually happen games turn on.","Doom","technology"
"Virtual Machine Radmin VPN downloaded latest VmWare Fusion MacBook M1 Air, everything great far, apps games working it. However, need Radmin VPN LAN games work. trying connect main server, infinite connect unless something. first guess create sort Ethernet/connection it? Sorry advance, great kind technology yet. Anyone could advice anything would help? Thanks.","virtualmachine","technology"
"Looking dashcam. 2025 prius awd Looking decent plug play dashcam records passenger area too. would also like record car senses anything going on. options?","prius","technology"
"AMD Ryzen 5 7600X3D, DeepCool AK400 Digital good enough? Hi everyone! First time writing sub. planning build PC 7600X3D, buying Microcenter trip US. currently looking decent budget cooler. Unfortunately, many options available country, DeepCool AK400 one cheapest. like know AK400 good enough 7600X3D, worth spending bit better cooler. reference, coolers prices available here: - DeepCool AK400 Zero Dark ‚Äì USD 45 - DeepCool AK400 Digital ‚Äì USD 50 - DeepCool AG620 Digital ‚Äì USD 70 - Thermaltake Toughair 310 ‚Äì USD 65 - Cougar Forza 85 MHP120 Essential ‚Äì USD 57 Coolers like Phantom Spirit, Peerless Assassin, Noctua can't found :. Thanks advance!","buildapc","technology"
"Pc issues anyone know buying new gpu option? pc screen goes black running intensive game 5-10 mins, monitor goes black everything unresponsive pc ego lights fans still on. I‚Äôve updated bios, updated drivers, reverted drivers, switched power gpu cords, switched hdmi cables, switched slot gpu along factory reset. I‚Äôm lost next wonder give buy new gpu. Also built pc Nov 2022 3070, thought time issues started.","pchelp","technology"
"booting process normal? turning PC underscore \~5 seconds, shows MAG MSI logo, blinks off, shows less second. paranoid perfectionist person, curious making happen instead underscore, MAG MSI logo, turn on. newly built PC. installed unlicensed Windows 11, updated driver GPU from Gigabyte, run program MSI updating drivers, flashed BIOS, cleared CMOS. Also, completed UserBenchmark test see everything working, found mouse screen subpar, everything else fine. Parts: Mobo: MSI X870E Tomahawk CPU: AMD 9950X GPU: Gigabyte Windforce 5070 Ti Non OC / SFF RAM: CORSAIR Vengeance 65gb 2x32gbs SSD: SK Hynix Platinum P41 2TB","PcBuildHelp","technology"
"leading AI chatbots exaggerate science findings. 73% large language models LLMs produce inaccurate conclusions. Study tested 10 prominent LLMs, including ChatGPT, DeepSeek, Claude, LLaMA. Newer AI models, like ChatGPT-4o DeepSeek, performed worse older ones.","science","technology"

