"detachable windshield 94 Super Glide fit 2000 Wide Glide? See pics reference #1 FXDS COMV #2 FXDWG #3 Windshield question","Harley","vehicles"
"Car registration renewing 2 years Hi all, got 2004 Lexus couple years ago, never registered pass emissions. almost good spot now, birthday coming tomorrow. 100% ready - although soon - wondering, happens try register birthday? know reinstatment fees, registering 2 years, wondering actually register birthday, wait 2026. Cobb County DMV says midnight birthday register.","CobbCounty","vehicles"
"1992 commercial Nissan Pulsar Q sold Australia","vintagejapaneseautos","vehicles"
"Extra Keys Unfortunately recent purchase came one FOB! dealerships loaner vehicle super low mileage 2020 Tucson sport. asked second key kind shrugged said ‚Äúsorry one‚Äù. anyone success buying programming one online point resources used?","Hyundai","vehicles"
"Lift / Spacer Kit? 2019 Subaru Crosstrek Hi all, want advice! recently hit belly car pretty hard, cracking plastic bolts attach plastic covering car. super big deal, got thinking low cars are! standard tires/wheels right now. Ideally, could keep size snow tires invested in. curious thoughts lift vs. spacers? prices? typical cost labor. would go get done Reno NV likely. curious worth it. definitely looks cool!","Subaru_Crosstrek","vehicles"
"Best tires put 2009 Touring Hatch? Looking season tire good ride comfort much handling get along ride comfort possible. need worry winter traction, got pickup take snow. Struggled getting Vredestein Quatrac Pro+ tires spending Michelins anything beat old Turanzas bought it.","mazda3","vehicles"
"Impulse bought 2025 Mustang GT Premium today. Loving far!","Mustang","vehicles"
"r51 transmission upgrade hi anyone good aftermarket trans controller? automatic shifts pretty poor build boost swap Tiptronic preforms expected cheers lucas","nissanpathfinder","vehicles"
"Brain fart squeaking anyone try guess what's making noise? happens hit little bumps turn wheel back forth quickly create little bounce suspension. suspension brand new converted air conventional coils. truck 2017 Ram 1500.","ram_trucks","vehicles"
"Rear tires upgrading recently plan upgrade rear tires 2017 Ford Mustang GT performance package 255/40r19 275/40r19, feasible option anyone got successful upgrade without adjustments like alignment others, please advise, thanks","Mustang","vehicles"
"8.8 Ford rear spider gear wont go keeps getting stick spring 1999 mustang gt 1999 mustang gt. Pull axle shaft accidentally dropped spider gears know need spin axle park cannot manage fit due spring. one experience rear similar please knowledge would great","Mustang","vehicles"
"2024 Model X Falcon Wing Door Window Tint Mismatch got one top falcon wing door window replaced noticed different color tint. newer one got replaced bluish old one orange. normal? Due sun exposure?","TeslaModelX","vehicles"
"2017 Passat 1.8t turbo issues HELP Please 1.8t dash lights runs drives fine light casual driving. put load hit 50% throttle sounds like air turbo released atmosphere. Normally hear turbo spool slightly listening it, air im hearing loud. doesn‚Äôt feel bogged flashing lights. Still drives fine also. anybody else issue? 2017 rline passat 34000mi","Volkswagen","vehicles"
"do? Borla Atak cat back system installed hate it. Super quiet, lost ‚Äúrumble‚Äù car had. Previous owner resonator delete used to. bring back fun sounds aggressiveness? I‚Äôm thinking long tube headers? don‚Äôt want cut borla system honestly might open it.","Challenger","vehicles"
"Transmission help transmission went 2008 mustang I‚Äôve new one put in. It‚Äôs working somewhat well, feels like it‚Äôs struggling bit. doesn‚Äôt shift smoothest not outright jerk tell. It‚Äôll also sit still second occasion try accelerate. second new transmission I‚Äôve put in. one one went day got back. something need worried about? breaking period kinda thing?","Mustang","vehicles"
"2006 Toyota Prius valve cover 2006 Prius Valve Cover gap concern gasket may moved installation? awkward torqued anything yet. sure normal gasket may moved installation.","AskAMechanic","vehicles"
"Odd noise idle? Hey everyone! Sorry post allowed, planning check 2003 V8 later week seeing anyone input tapping sound idle? guy told believes exhaust manifold leak, quite sure right. seems go away revved makes believe main bearings, never worked owned mustang before. guy asking $3000 something minor probably bite bullet pick up. rather engine rebuild month though avoid üòù Thanks guys!","Mustang","vehicles"
"2019 mustang gt fog light left front turn signal doesn‚Äôt work mean bulb went out? anyone know bulb is? completely change fog light.","Mustang","vehicles"
"2014 Mustang (Premium) recently started running problem don‚Äôt fix start? ‚Ä¢The transmission stalls loses ‚Äúpower‚Äù driving. ‚Ä¢The dashboard goes crazy forcing stop restart car. ‚Ä¢There another light said ‚ÄúPowertrain‚Äù don‚Äôt know is. ‚Ä¢The check engine light small valve leak","Mustang","vehicles"
"Dmann etune wait? Anyone got idea delayed dmann is? got email Felix Performance 4/29 asking vehicle info, mods, octane, location, etc. immediately got back them, told would week so, heard anything since. reached week ago asking everything okay, heard back. trying impatient ass, looking try plan mod install time. get much time work stuff :","wrx_vb","vehicles"
"Wires snipped 2013 Ford Mustang bought dealer noticed power lines cut obd2 port. anybody give clue reason anyone would this?","CarHelp","vehicles"
"B9 Sedan Center Brake Light Mounting center brake light fell 2021 A4 Sedan. assume high temps central TX week caused T-brackets release glass. best adhesive use reattach mounting brackets glass?","Audi","vehicles"
"2007 Toyota Prius 246K miles Hi Prius gang! Story time: Prius lights turn driving last Saturday. car still drivable, took Toyota, ran diagnostic code P0A80  replacing hybrid battery FML. got battery replaced May 2021 company refurbished batteries. SUPPOSEDLY LIFETIME WARRANTY, course, business now. Anyway, turned car Monday, lights, driving like normal. Today, took car run diagnostic again, says C1300, anti-lock brake system‚Ä¶. don‚Äôt know believe. get front brakes replaced couple months ago, got new 12v battery. advice? trying keep Prius forever least another five years ü•≤ get maintenance regularly.","prius","vehicles"
"JLU Diesel Undesirable? minivan powered JKU getting little long tooth almost quarter million miles, we‚Äôre starting cast replacement. paper, diesel powered JLU would seem good option. Loads diesel torque, would nice change 3.8. comparable 392 4xe, torque wise, excellent mileage hybrid nonsense. seem diesel JLUs sale region northern rockies sit market ages seem carry price premium? recall expensive option. something wrong them, comparison 2.0 3.6?","Wrangler","vehicles"
"Kia Soul 2013 - error code c1503 ESC switch input low Kia soul 2013 1.7 liter. Gf‚Äôs car started issues yesterday. idling, sounds like slight vibration, soon turn AC on, shudders vibration picks quite bit. stick reverse drive AC off, vibration engine gets really strong feel steering wheel really hear it. accelerate, it‚Äôs fine pick speed. break engine starts vibrating - let coast it‚Äôs going slow. bunch googling said it‚Äôs misfiring. Changed spark plugs it‚Äôs still it. Took autozone got codes: P0135 02 heater circuit bank 1, sensor 1 P0030 H02S heater control circuit bank 1, sensor 1 P2191 system lean higher load bank 1 C1503 ESC switch input low reason I‚Äôm focused last one know others like while. Maybe they‚Äôve finally caused issue, don‚Äôt know. C1503 new, I‚Äôm really hard time researching code, especially ‚ÄúESC switch low‚Äù part. TIA ideas.","kia","vehicles"
"Weak brakes 2015 forester 2.5 limited 108,000 miles bought around 85,000. brakes always felt bit weak squishy compared cars driven. almost like begin brake pedal almost halfway down. dealer looked said there's nothing wrong brakes, brake lines, master cylinder brake fluid. picking tomorrow common issue going crazy? Anything helps","SubaruForester","vehicles"
"Fuel pump 1998 ford Mustang gt 4.6 ??? fuel pump 1998 ford mustang gt went I‚Äôm quite sure fuel pump buy. Someone told see it‚Äôs California emissions I‚Äôm relatively certain it‚Äôs would buy ? Please help !!!","Mustang","vehicles"
"Feature update/request: blind spot assist one 3 ways, check body Hi, blind spot assist great, flashing lights using turn signal.. bravo! here's grinds gears: someone uses low ambient brighteness, set catches eyes broad daylight almost blind night, talking someone drives city rural roads combined. Could add option use different levels brightness based one following: I rated hardest safest easiest less safe 1. Changing brightness based screen going night mode even night mode know going darker truly dark, least blue light reduction mode on, one setting, another 2. Changing brightness based headlight status on one setting, another 3. Time based setting, one would mean users go changes throughout year, surely commander access clock","s3xybuttons","vehicles"
"People who‚Äôve traded HD Rams, trade for? regrets? Throwing around idea selling 2020 buying newer truck SUV","ram_trucks","vehicles"
"Recommended affordable reliable cars? Hi y'all, seeking advice nervous 26 y/o woman buying car first time! looking something reliable i driving 300 miles week work scared get pushed spending wayyyy much money/not given good deal car knowledge should. looking Toyota highlanders, seem bit pricey due popularity. **I'm trying find something less 50k miles 20-25k price range fall part proper maintenance.** driving 2004 Lexus rx330 10 years that's 230k miles amazing experience car, know survive new commute. anyone good recs price range love hear outside ads come google research. Appreciate help :","whatcarshouldIbuy","vehicles"
"Anyone know good mobile auto detailer would come Palm Desert? high end cars, need good, trustworthy detailer mid everyday drivers. Thanks!","palmsprings", "vehicles"
"Spark plug question 60k service 2016 Subaru Outback 2.5 wanted advice spark plugs normal wear tear there‚Äôs oil build up. Coil pack dry oil spark plug tube. found change changed dealer around 50k. boxer engine really hard see deeper. car idle long periods kiddos car read somewhere might cause issue. spark plugs order engine, bottom left pic driver side front bottom right driver side rear next firewall. advice would great! Thanks!", "MechanicAdvice", "vehicles"
"2016 Chevy traverse Ls temperature gauge 3/4 way Hello mechanics Reddit, first ever post would want advice car. haveing 2016 Chevy traverse 150,000 miles writing this. 3 years ever since bought car Constant problems like radiator fans need replaced, heater hose snapped,2 compressors replaced, Ku way list problems. last year half issues temperature gauge going 3/4 way turn Front rear AC sometimes Front Recirculate air taken car mechanic shops said components, look fine work well recommended Flush system replace hole radiator 1200 bucks. know constantly putting money car every since got would guys recommend??","AskMechanics","vehicles"
"quote seem high shocks/struts? 2016 Honda CRV, took oil change rotation told rear shocks/struts urgently need replaced‚Ä¶. quoted 1K back end. I‚Äôm finding conflicting info Google whether accurate price not. wanted second opinion, seem high job? Also provided pics actual shocks/struts. look bad? seem like actually needs replaced URGENTLY?","AskMechanics","vehicles"
"first half road trip noticed crack tire tread Road trip California Vegas back. okay drive? losing air anything","AskMechanics","vehicles"
"anyone help identifying issue polo Gti 6r 2012 happens sometimes idle revving releasing Someone said could timing chain , ideas ?","AskMechanics","vehicles"
"Transmission Rebuild simpler think? High RPM much acceleration.","AskMechanics","vehicles"
"clutch pedal 97 Geo Tracker manual keeps getting lower lower can't get car gear without grinding. direction turn nuts fix problem?","AskMechanics","vehicles"
"need advice diagnosing rear wheel leak civic 2013 Would love get general idea I‚Äôm dealing start ordering parts asap.","AskMechanics","vehicles"
"Hello. checking engine oil reading made confused. thick layer visible ends top thinner layer ends after. ine correct reading?","AskMechanics","vehicles"
"Thumping sound coming 2020 Toyota Corolla. anyone know may causing sound? It‚Äôs happening now. also got tires realigned struts replaced recently still makes sound.","AskMechanics","vehicles"
"What's best way deal piston lock? vehicle sitting outside cover 2 years. took spark plugs put pb blaster spark plug hole avail. do?","AskMechanics","vehicles"
"Car shuts driving starts hours/days Hi! Hope everyone ok. 98 seat ibiza ii 6k1 1.4i dohc 101hp gasoline weeks ago driving car shut spon never started called tow truck arive home days after, car started normally drove like 10kms, stoped like 2h, drove inside city bit Called tow took mecanic pluged diagnose thing showed problem crankshaft position sensor messing around found part call ignition distributor dk difrent name English ,But thing times sparkplugs, litle pin made rotate woth engine cracked rotating properly. replaced seemed fine days staled one day again. managed park somewhere two days later tried started normally idk","AskMechanics","vehicles"
"Evap leak code engine feels boggy Hey 2005 Lincoln Navigator 196,700 miles keep getting evap leak code gas cap. car sometimes feel like bogging press accelerator. also TPMS suspension/ advancetrac error airbags replaced regular shocks/struts springs. ideas?","AskMechanics","vehicles"
"P0773 4 Spd Versa Hey folks 2011 Versa threw code and another going highway immediately little loss power still able accelerate. CEL flashed went away span 90 sec probably. Made home ZERO shifting issues. Motor sounds responds normal well. Start little, CEL , motor idles like normal go inside go bed. buy $35 obd2 reader Amazon. start AM, CEL. package delivered. codes po773 po303 misfire. However drove around block watching tranny shifts sounded good normal. Motor sounds responds normal well ZERO issues. fucking car misfires time know look smell for. I‚Äôm worried gear 3 incorrect ratio code. Maybe bought crap reader? definitely didn‚Äôt clear codes. dad‚Äôs real mechanic i‚Äôll see tomorrow checking boxes. checked trans fluid within last couple weeks it‚Äôs ‚Äòpink smelled nice‚Äô. Anything looking for? TY. 2011 Versa 4 Sp 1.8L powertrain original 251k miles got 2 8‚Äôs subs could stressing electrical? ??? Maybe","AskMechanics","vehicles"
"safe heavy duty battery connected charger engine forced start tractor ? guy work kept since day bought battery cus last one ,he repet 3 months got take guy fix never bought one old box battery charger weighing 15 kg / 33 pounds bought well one safe fails think weights around 450 grams /one pound less , year battery never starts un less charge 20/30 min time force start battery chain tractor charger connected tractor cables minus plus pin battery ,i 31 never tractor use bike wanted help even though bought battery brand new one year half worse , asked cus maybe fault cus bought 155ah ,ON OLD battery saw sticker 150ah ,but later learned India melt lead repair battery ,the tractor U650 made *1963 - 1973* wanted last year buy cable day connectes Plus pin battery wires visible ,but said need . 31 year old knows cus think 60 + saw battery brand new able start first try accelarating bit acces oil start use battery started saw crank battery gave gasoline allways whispering weak battery ,after stoped sticking nose belong even let charger free take need .I want peace mind know batter 155AH bought really weak U650 version tractor fault ,i care fault want learn .","AskMechanics","vehicles"
"Regarding car thinking trade jetta 2021 60k kilometres Mercedes benz c300 4 matic 2017 120000 kilometres price 20k worth ??","AskMechanics","vehicles"
"Question regarding Trailblzer 08 sound near front passenger wheel? Trailblzer 08 started making loud grinding vibrating noise going pothole road. noise lasts seconds vehicle completely stopped. can‚Äôt get looked Monday trying figure could safe drive then. recently cv axel boot leak repaired. mechanic mentioned last time there, front diff leaking, cleaned told drive 300 miles bring back could get better idea what‚Äôs going on. so, signs leak, mechanic thinks it‚Äôs slow leak check next oil change. idea could going on? need make Monday, I‚Äôm sure it‚Äôs safe enough drive much knowledge cars.","AskMechanics","vehicles"
"Lexus ES 300H 2019 AC problem Hello! Today noticed every time start car none climate control buttons responding... ""Auto"" button green light small ""displays"" show current set temperature aswell. controls start working maybe 15-20 seconds. noticed aswell cold air comes drivers side passengers side blows normally cold hot. One passenger side face pointing vents blowing air all. Anyone idea could wrong? Sorry hard read.","AskMechanics","vehicles"
"Car Tuning Questions Car Tuning Questions Hello, 2002 Mustang GT 4.6L 2v engine automatic transmission. high mileage, somewhere 178-250k miles. range due Carfax inconsistency it. Anyway, transmission replaced months ago first one shredded itself. first trans, shifts smooth normal while lasted. Now, new one, shifts quite jerky matter changing I've followed procedure resetting ECU multiple times. 1st, 2nd, 3rd, 4th, park, reverse, drive, matter. car cold air intake straight piped cats. runs 2 codes keep engine light on, P0422 yes replaced gas cap P0155 I've replaced front O2 sensors. mechanic taken thats come able diagnose truly needs done point. many owners messed quite bit, possible tune replacing old transmission new, better performing one mesh well like old one? get BAMA tuner try going back forth tunes address engine light codes jerky shifts? insight would helpful, additional questions context happy answer","AskMechanics","vehicles"
"AAA messed car door? locked keys car AAA came out, wedged thing door get open looks like this. idea fix it? don‚Äôt want rain get in. Thanks!","AskMechanics","vehicles"
"2019 mustang gt check engine light 2019 mustang gt got check engine light yesterday codes P0141 P0161 say ‚Äú 02 sensor heater circuit bank‚Äù , I‚Äôll put picture sct device says. anyone know best way fix this. Thanks","Mustang","vehicles"
"2010 Mustang gt CAI tune recommendations im pretty new cars I‚Äôm getting work ‚Äò10 gt really don‚Äôt know get comes good cai tune set up, anyone give recommendations get would much appreciated.","Mustang","vehicles"
"Strange knocking noise ‚Äì 1.2 TSI H ello everyone, 2014 Seat Leon 1.2 TSI 105 hp, petrol engine, 140,000 km clock. issue: past two years, I‚Äôve noticed knocking/pinging noise driving load especially engine hot. it‚Äôs cold, engine runs quietly ‚Äî almost like electric car. sound reminds piston slap. It‚Äôs clearly normal, it‚Äôs becoming noticeable time. I‚Äôm currently using: ‚Ä¢ Oil: Total Quartz 9000 Energy 5W-40 ‚Ä¢ Oil consumption: 1 liter every 1000 km I‚Äôve wondering oil I‚Äôm using part problem. say 5W-30 would help noise, I‚Äôm worried it‚Äôs thin, considering much oil engine already burning. clue subject? Mecano told rebuild motor also told problem motor.","AskMechanics","vehicles"
"Replacement spark plugs already bad? replaced plugs wires 08 Yukon Denali 6.2 AWD. Probably month ago/500 miles ish. replaced acceleration sluggish 1600 rpm so. also replaced charcoal canister although may unrelated. change ran strong, felt almost like new. got rid sluggish acceleration restored fuel mileage. it‚Äôs starting bog again. Could plugs gone bad already may cause something like that? used NGK plugs thought would better AC delco OEM ones.","AskMechanics","vehicles"
"Drain plug fell driving, engine died, oil change place incorrectly installed plug? driving 2012 Subaru Outback work oil pressure level lights came on. pulled thought must‚Äôve started leaking, refilled oil, notice drain plug completely gone. got oil changed almost month ago, I‚Äôm guessing wiggled way time? took car mechanic refilled oil replaced missing drain plug, said engine done for. called oil changed corporate talked someone filed claim, respond day 2. trying gather much evidence support claim, suspect drain plug put back properly. receipt evidence far, I‚Äôm sure else prove fault. anything else support claim get engine replacement cost covered? sucks nothing could‚Äôve done happened fast. appreciate advice experiences similar situation Thanks Edit: got phone oil change place claims, got shop send estimate. Waiting next steps Edit: soon lights came pulled over, slight metal metal scraping noise like half second, shut car off.","AskMechanics","vehicles"
"2020 Yukon XL Could someone tell roughly would cost upper lower ball joints replaced 2020 Yukon XL Denali? price quoted seems really high.","AskMechanics","vehicles"
"Oil consumption cylinder walls So, 2015 ≈†koda Octavia Vrs 2.0 tsi CHHB engine consuming 1l oil per 800km.. I‚Äôve checked compression came back 150PSI board, think fine? I‚Äôve also checked cylinders camera noticed scratches discolouration particularly cylinder 2, also seems worse top also spark plug far worst cylinder 2 - picture below. also checked misfire counter VCDS cylinder 2 obviously problematic‚Ä¶ Car doesn‚Äôt smoke, runs normal, obviously consumes excessive amount oil. Also emissions tests failed yearly check up.. anyone idea else check, mentally prepare rebuild‚Ä¶ Thank advance.","AskMechanics","vehicles"
". Hi, I‚Äôve got 2013 Hyundai i10 1.25 petrol codes P0011, P0014 P0340. i‚Äôve made sure keep top oil changes i‚Äôve changed camshaft position sensor reason engine warning light still on. go every often. idling sometimes it‚Äôll rev around 700rpm 1000. I‚Äôve also car stall self revving revs dropped 400 cut out. solutions?","AskMechanics","vehicles"
"Performance Upgrades 2024 C8 ZO6 recently Soler Performance 91mm Throttle Bodies Eventuri intake installed 2024 C8 Z06. plan getting dyno'd recent YouTube videos testing Eventuri.","Corvette","vehicles"
"driving Chinese suv since February better expected,'23 Haval H6 GT awd bought around $24,000 used 12k clock questions interest?","Autos","vehicles"
"Mixing Kumho PS91 Rear PS71 Front ‚Äì OK risky? Hey all, I‚Äôve got 2012 Mercedes E-Class Coupe W207 staggered setup: Front: 235/35 19 rim Rear: 255/30 19 rim Continental tyres due replacement, I‚Äôve looking affordable decent options. I‚Äôm considering putting Kumho Ecsta PS71 front Kumho Ecsta PS91 rear since PS91s aren‚Äôt available front size right now. know UHP summer tyres Kumho, difference compound performance characteristics cause handling issues wear imbalance? Also, I‚Äôm Sydney, Australia ‚Äî kind mixing cause insurance road worthy issues here? Would love hear anyone experience mixing similar tyres advice legal/insurance standpoint NSW. Thanks!","Autos","vehicles"
"C7 z51 performance mods good? Recently corsa xtreme exhaust put 2015 c7 z51 also kooks 1 7/8 headers along kooks catless x pipe. guy recommended engine tune check engine light due cats removed. Going back week also Dsx fuel kit installed tune run e85 take check engine light off. convinced porting stock intake/ throttle body. quoted 1300$ install Dsx fuel kit, ported throttle body/intake tune good price ? porting throttle body/intake stock lt1 gonna make good amount power? wait get msd atomic intake manifold?","Corvette","vehicles"
"change vehicles color title? I‚Äôve never painted entire vehicle I‚Äôm honestly ignorant would work. Would title stay that‚Äôs color manufactured would title need match existing color? title changes VIN information automatically change need changed well?","Autos","vehicles"
"lug nuts covers got flat new car tire iron take anyone know lugnuts covers the. previous owner got alloy rims sted original tires helps.","Autos","vehicles"
"Blinker fluid vs. headlight fluid?? Obviously horn oil needed I‚Äôm getting can‚Äôt decide headlight fluid blinker fluid. Wouldn‚Äôt headlight fluid also take care blinkers? may confused here. suggestions?","Autos","vehicles"
"2010 nissan Altima loss power rpm, aswell engine oil smells like gasoline. got 150k miles, 2 years, drive work back. (8min away side roads) acceleration ever, rps go 3k max. replaced spark plugs ignition coils misfire 2 months ago, working fine now.","CarHelp","vehicles"
"modern car would assume best longevity? There‚Äòs often debate build quality gone decades, reasons plentiful. still: modern cars - let‚Äòs say ones came 2020s - would trust run hundreds thousands miles?","Autos","vehicles"
"Downshifting problems r50 auto mini hatchback Helloooooo. bought mini friend little maintenance i'm talking engine oil \*sludge,\* fix me. One big problems downshifting, especially engine braking and/or going uphill. engine sounds like revving HARD braking, RPM shoots up. apply gas, jumps forward makes loud VRRrr noise not like bonk bubble anything, cuts out. Problem usually slowed then. pretty sure downshifting general, cause happen braking too- hard, usually braking quickly. Barring quick downshifts, braking cause symptoms, including idle. possibly related problem would occasional problems accelerating- similarish rev feeling higher normal RPMs, esp starting/going uphill. usually evens fairly easily/reliably, functions normally. upgrade before, mind you. changed oil + filter, replaced spark plugs, secured wires they loose, positive battery terminal bolt not needed, lost first one lol got WAY better. practically time speed changes, speed hate maintaining 40mph. also rough idling, super loud engine, misfires, etc etc- also got better. still rough idling, much better- exception downshifting really angry drive without letting warm 10+ min. Personality old grumpy grandma needs coffee changed spark plug wires + coils- super expensive relative plugs refund tools got first- bones spend here. also changed or checked transmission fluid- list, unless somehow fluid squeaky clean. serp belt and associated things fine, radiator seem messed up. filter definitely needs cleaned/replaced, idk would contribute problems. ideas whats up? think replaced wires + coils would help lot, considering much better got changed plugs. There's nothing broken them, leaks- old methinks. idea would something fuel system fucked up- happens way 1/3 tank, grumpy 1/2 more. used fix finder auto zone, came loose/broken fuel cap- fix, doesnt pass emissions pretty sure thats bc accidentally fucked cap up- little month since test theres nothing improvements. REALLY hoping nothing transmission. Even money spare worth it, especially since dont think could repair/replace related parts all. barely moderately experienced auto maintenance/repair, that. edit: didnt see typo","Autos","vehicles"
"bad harmonic balancer? 47k miles 2002 vette, safe drive? not, long have?","Corvette","vehicles"
"2026 GMC Hummer EV Looks Quicker Agile Off-Road Car & Driver: ""A new King Crab mode uses rear-wheel steering improved maneuverability, giant EV also adds bidirectional charging capability."" 2.8 60. Hummer big bag hilarious.","cars","vehicles"
"anyone tried used knockoff rims Alibaba? Question simple - TONS replica wheels Alibaba prices ranging good true, quite nice high enough promising. thinking ordering set BBS RC knockoff wheels, trusted seller, reviews rims, seems good - course, fraction price used real deal. also manufacture various sizes custom bolt patterns. price ""quite nice"" category, dirt cheap, somewhere middle range knockoffs. Obviously: \- planning track rims. \- planning fast public road driving rims neither. would primarily show casual driving. entirely sure manufacturers also use chinese workshops production, know JR wheels also questionable durability many love - experience alibaba wheels? so, get, put on, what's story? Also important - case, would go rather cheap old car weighs 1 ton.","cars","vehicles"
"China Built 429 Horsepower 3,000-Pound Electric Sports Car Miata Money, Looks Amazing","cars","vehicles"
"1999 c5 Headlight, foglight dtr lights install illinois Hello c5 purchased new headlights, foglights switchback daytime running lights vette lights wondering someone place could recommend install fair price","Corvette","vehicles"
"Get Ripped Off? Hello, know nothing cars. travelling weekend dropped car mechanic oil change routine emissions/inspection state. suggested work agreed everything alignment. car 2014 Mazda3 105K miles. purchased 2021 76k miles drive ton. paid Receipt Charges given $75 discount new customer/promo pocket total $631.85. new high cost living area DC Metro wanted see prices fair. Thanks help info!","AskMechanics","vehicles"
"BMW dealership‚Äôs quote legit-should keep shopping around? rear wheel flare bumper got scratched. independent body shop said could touch $350. BMW dealership said replace whole plastic piece. Would touch paint really bad looking?","AskMechanics","vehicles"
"2021 RAV4 Shaking, Burning Gas, Shut ‚Äî Need Help! Hey everyone, 2021 Toyota RAV4, lately I‚Äôve noticed it‚Äôs burning gas way faster usual. morning, drove less half mile work, felt car shaking lot every time slowed came stop. Later day, went lunch, car actually shut pulling parking lot. Someone helped push way, opened hood, found attaching photo. idea could going on? really appreciate advice insight.","AskMechanics","vehicles"
"strange noise sisters car Hi guys. sisters civic making weird noise i‚Äôm sure want help since doesn‚Äôt reddit. It‚Äôs 2012 civic. think there‚Äôs 230k KMS loves car doesn‚Äôt want get rid i‚Äôm hoping someone says it‚Äôs simple fix ü´∂üòÇ","AskMechanics","vehicles"
"2019 ford explorer shifts hard reverse 2019 ford explorer XLT hesitates shifts hard reverse park. let car warm dosen't happen, driven wont happen either. happens car sitting hours without running. sealed transmission can't check fluids. ideas may looking at? advice greatly appreciated.","AskMechanics","vehicles"
"Broken Wires 1993 Z28 Camaro, Help Figure Go 1993 Camaro Z28 5.7 V8 LT1 engine. wires broken car, they‚Äôre routed top near alternator as seen pic 2. need know they‚Äôre supposed connect broken end. Also, Pic 3 shows looks like broken ground, tell supposed grounded would helpful too. Thanks everyone.","AskMechanics","vehicles"
"type service these? required? Car: 2020 Toyota Corolla ‚Äì 70,000 miles dealership recommended services, asked detailed estimate, refused provide one.","AskMechanics","vehicles"
"much coolant concentrate Hey guys, think screwed so, cooling system uses ethylene glycol green coolant previously that, looked super old rusty, flushed water ran clean now, Hyundai my car atos prime 1.1 recommends 40/60 mix coolant distilled water, manual says total coolant capacity 4.5 litres So, drained water system, started pouring concentrated coolant first i bought 2 litres coolant concentrate Now, poured 2 litres concentrate, 1 litre distilled water got full, even filling reservoirI made sure take off, clean , dry pouring coolant it, entire endeavour took 3 litres 2 coolant concentrate 1 distilled water So, mix somewhere 60/40 , okay leave is? live warm area changed today, also made sure burp system well get rid air, still takes 3 litres fluid total edit: also, pouring in, noticed sort white scum forming top coolant radiator cap, okay? headgasket good, system flushed water it used green colour coolant well","AskMechanics","vehicles"
"Cannot find torque spec Honda k24 valve cover stud would much appreciate help finding torque spec this. find one nuts hold valve cover on, stud. replace threads stripped on top nut goes. Thanks advance!!","AskMechanics","vehicles"
"Mini Cooper R50 | need advice hey guys. recently crashed car, 2002 r50 mini cooper. luckily drove field. harm, damage others. got proper scare, super lucky tbh. got jack stands today assess damage. cranks, doesn‚Äôt start. don‚Äôt hear fuel pump ‚Äúarming‚Äù turn key. investigate further. moment question front suspension, took biggest hit. idea I‚Äôm doing, thought I‚Äôd ask guys. I‚Äôd love put back road massive sentimental value. think replace bent wishbones I assume, idea!!! CV joints again! idk I‚Äôm talking about. assuming they‚Äôre called outside basic tools? I‚Äôm super low budget need much myself. prior experience. biggest win ‚Äî replaced radiator. also needs replaced again. advice highly appreciated","AskMechanics","vehicles"
"2002 ford mustang making noise? engine started overheating car turned started making hissing noise. it?","AskMechanics","vehicles"
"Toyota Landcuriser 250 shortcommings - used be. Review Tinker Tinker Adventures posted review new Land Cruiser. really missed mark car capable marketing makes really want put car paces","cars","vehicles"
"2019 Corvette Stingray 7M - Stock Exhaust Sound First time actually revving car hearing sound! Active exhaust track mode :)","Corvette","vehicles"
"saw purple BMW SUV today, beautiful. manufacturers? really interesting colour, probably rather expensive well since look like straight purple, metallic sheen it. Anyway, sea silver gray vehicles, really stood especially driver would hit brakes, red brake lights combined purple beautiful look at. would nice manufacturers would offer choice colours. checked BMW Canada configurator seems offer good amount colours, naturally BMW money. reason manufacturers offer vibrant/colourful colours? know Ford offers forest green then, much else that. suspect colour personal choice thus resale values, etc. know manufacturers would care much resale values? legitimately would drive violet like purple vehicle like BMW, can't stop thinking it.","cars","vehicles"
"2013 VW Polo 1.2 TDI ‚Äì Juddering Engine Braking Despite Extensive Repairs Hi everyone, I‚Äôm facing persistent juddering issue 2013 Volkswagen Polo 1.2 TDI (Diesel, 3-cylinder, manual). car judders noticeably engine braking‚Äîespecially lower gears low RPMs‚Äîwhen lift accelerator. Interestingly, judder subsides press release clutch. warning lights, engine runs smoothly otherwise, good mileage stalling pulling issues. past weeks, I‚Äôve replaced engine gearbox mounts (including dogbone), lower arms, brake pads, clutch components, driveshafts, even throttle position sensor. I‚Äôve also swapped gearbox flywheel. Tyres new alignment done. Yet, issue persists. far, everything mechanical seems covered, I‚Äôm wondering timing kit (belt/chain tensioner), ECU mapping deceleration, internal gearbox/chassis dynamics could culprit. vibrations present engine braking‚Äîno throttle input. really appreciate technical insights, particularly anyone experienced similar behavior. thoughts hidden causes next steps deeper internal diagnosis would great help. Thanks advance!","CarHelp","vehicles"
"enjoy fast cars public roads without getting arrested killing someone? recently bought ND2 miata, see touted often one best cars ""slow car fast"" driving. heard many people say things like ""you drive limit without getting trouble."" though, really found case. fun twisty roads around 35mph speed limit, car take sharpest turns speeds high enough get ticket. care losing license hurting someone which do could easily double speed limit close 100mph straight parts. Miata, pretty much slowest car market US get away calling sports car. leaves wondering, hell people enjoying cars like Z06s 911s public roads? Let's realistic here, overwhelming majority people taking cars race tracks. enjoying them? 3-second intervals times week highway onramps? torture driving capable vehicle 4/10 time? accept probably get car impounded spend night jail least once?","cars","vehicles"
"Doug DeMuro Reviews 2025 Lexus LX700h Overtrail ‚ÄúThis new Lexus LX 700h ultimate Lexus luxury SUV. 700h model provides bigger engine power. particular LX also equipped new Overtrail trim, makes even off-road capable. Today reviewing Lexus LX 700h, show many quirks features. also going get behind wheel show like drive.‚Äù","cars","vehicles"
"Buying new car dont need 4 doors? Buy sports car, Even enthusiast could choose sports car similarly priced sedan/suv, buy sports car. better resale value based obeservations look used car ads everyday. could make detailed excel sheet comparing multiple cars' MSRPs current market values 2020 - 2015, thats much effort reddit post may may gain traction I.e comparing 2020 Mazda3 2020 Miata, repeating 2019 18 etc.. predict larger difference cars get older - Sports cars usually back seats need them, great manageable pinch - Produced lower numbers - Usually modified crashed enthusiasts, making clean unmodified examples desireable Im talking coupes also applies sports sedans extent, would like hear opinions","cars","vehicles"
"2016 Toyota Rav4 Car shakes braking high speeds car highways 60+ mph sometimes braking strong vibrating feeling comes pedals, steering wheel, somewhat seat. car looked mechanic rotors replaced still there. ideas could be?","CarHelp","vehicles"
"okay? Nissan Sentra 2015 don‚Äôt know anything cars, got car back repair shop, get bumper left headlight replaced. noticed there‚Äôs tiny gap left one, doesn‚Äôt look like right light. It‚Äôs kind bothering I‚Äôm probably overreacting.","CarHelp","vehicles"
"Getting car parts shipped Brazil? Looking bit help. Hopefully someone done similar. trying get brand new car parts shipped Brazil shipped Canada. contacted manufacturer dealers asking send parts Canada. said suggest bring big suitcase bring back which might do. Essentially looking freight forwarder. order ever want ship local Brazil address send via DHL whatever. know Brazil bit tricky deal looking option save taking 12 hour flight Sao Paulo. Thanks assistance advance.","Autos","vehicles"
"Tell story car got away opportunity buy stock 2001 NSX peanuts little old lady cash? Traded dream car get something practical think everyday? Post 'em here. need copium.","Autos","vehicles"
"Want make sure get shafted body shop Hey all, could use help auto body question. wife hit Toyota today; unfortunately, fault one got hurt. There's barely damage wife's car in background picture. anyone guess much repair bill could be? want make sure get shafted body shop. Also, anyone pointers do's don'ts dealing insurance, would great well. Thanks advance","Autos","vehicles"
"Someday son going ask weird Space Force car shed. ready 4.5hr dissertation lore 04-06 Pontiac GTO ""Sit travel back time pre-recession General Motors. time car wore badges paint colors. Scoops vents first upgrade 300 horsepower danger society. talk Kangaroos Megan Fox try understand GM could build car far ahead simultaneously behind curve still mystery today...""","Autos","vehicles"
"65 Toyota Stout. bought truck last year looking one long time. truck still completely stock original everything working should. Previous getting truck road around 40 years. New England truck pretty wild solid! truck lives East coast Canada now. Thanks looking!","Autos","vehicles"
"Touchless Car Wash Every Day Doesn‚Äôt Keep Car Clean past 2 months I‚Äôve trying shell‚Äôs touchless car washes doesn‚Äôt keep car clean all. context live Canada drive 2021 Subaru Outback. Also takes 100km 65 miles work every day. used use car washes brushes let internet get head mess up/scratch paint car. since drive shell every day way work fill gas figured would convenient use car washes well‚Ä¶ sucks. missing something? go every single day, rain shine, whenever drive car doesn‚Äôt really get cleaned well. especially clean windows especially rear window see clear windshield wiper blade path surrounded grime. take microfibre cloth wipe windows and sometimes whole car wash clean properly going car wash. many people love touchless car washes? something specific vehicle doesn‚Äôt let work well? harm going back old touch/brush car wash? shell who‚Äôs garbage something else like petro-canada would clean much better?","Autos","vehicles"
"Suggest newbie Hello fellow mustang lovers, Im get driving license im totally obsessed mustangs, newer models precise. Im seriously tight budget too. wanted know much used one go upto euros exact model, catastrophic shape.","Mustang","vehicles"
"resolve issue? 2014 V6 think bumper snagged curb. sure. Either way, here's issue. retention clips something buy fix bumper? tried popping back in, 2 clips connect, 1 not. So, separates drive. Thank you!","Mustang","vehicles"
"96 Cobra Someone selling 96 cobra market place $5,500. It‚Äôs really good condition it‚Äôs 250,000 miles it. asking much? is, would better price?","Mustang","vehicles"
"Buying question Hello all! Looking buy mustang little back story I‚Äôm 18 came totaled Mustang GT 7 months ago it‚Äôs long story I‚Äôve learned underestimate rain anyways, insurance always hit obviously really want still Mustang therefore I‚Äôm looking getting v6 way rebuild still get better mpg pay less insurance later get GT I‚Äôve looking it‚Äôs 2014 Mustang v6 base model (which don‚Äôt love) it‚Äôs listed 8500 I‚Äôm going offer 7000 6500 go see here‚Äôs pictures let know every thinks also note I‚Äôm thinking buying take leather seats $300 make feel luxury that‚Äôs loved old GT felt luxury inside","Mustang","vehicles"
"Got first car graduated high school bought first ever car, 4.0L v6 2007 Mustang, plan keeping long humanly possible üôèüèæ","Mustang","vehicles"
"BCM SOFTWARE FAILURE 2024 Ford Mustang GT recently underwent recall ‚Äúfix‚Äù auto start/stop feature. didn‚Äôt fix I‚Äôm thankful day realized passenger side door would unlock door buttons key fob. top unlock bottom key fob popping trunk. Car ford 2.5 weeks avail pending ford engineering. anyone issue like ford platform idea next steps could be.","Mustang","vehicles"
"Saw favorite mustang car show","Mustang","vehicles"
"buy s550 GT heavily used? Looking couple cars, owned short amount time (1-3 years) average around 15-20k miles year leads believe either long commute beat on. first time buying car (20 years old) like know considered bad purchase sort vehicle. Thanks advance :)","Mustang","vehicles"
"2014 z51 brakes anyone done pads rotors yet? need special tools, computers, etc? need regular caliper press sockets? know friends VW rear can't pressed back in, computer. want know getting into. TIA","Corvette","vehicles"
"*Long* brake issue new pads rotors.","Corvette","vehicles"
"1999 Coupe Sell Price? ‚Äò99 model coupe, 6-speed manual 36, 392 miles it. Garaged pretty much whole life. think it‚Äôs worth? put new tires maintenance done.","Corvette","vehicles"
"Corvette goes airborne drag race","Corvette","vehicles"
"Need informed opinion! Found 2017 C7 Grandsport, admiral blue black black wheels M/T. absolutely love it. sport car market budget 60k less. ton research cars settled C7 grandsport. one found damn near perfect body paint condition rims seem fine. Tires 50% car 13k miles it. Dealership asking 58k wondering thats pretty fair deal think may issues. car drove great sounds great around. another test drive sure. countered dealership requesting $58k OTD price get back me. Yall think ok far? really trying break $60k OTD.","Corvette","vehicles"
"normal c6 Z06 brake wear? new pads rotors put 2009 Zo6 rears getting crazy rust halfway rotor? know I‚Äôve seen z51 normal c6 Z06?","Corvette","vehicles"
"New Bolt ons ls1 c5 Purchased 92mm throttle body + cathedral port intake manifold included everything needed instant installation, spend 500$ Purchased valve covers $150, come everything needed aswell. Manifold 7‚Äô tall, stock one 5.5 total hood clearance remaining 1 inch, might need get cowl hood shave hood. anyone shaved hood","Corvette","vehicles"
"c6gs c7z06 CT5 Blackwing ‚Äò11 GS, MRC. Low miles, really awesome car. upgraded gen 6 2SS wanted raw input non MRC car. bugs creaks rattles. Driving experience great. also family could really use extra seats something like Blackwing, head while. driven Blackwing. know test drive next logical step, live BFE need drive 2+ hours test drive. ct5 interior amenities another level appealing. brain says, ‚Äúif you‚Äôre upgrading, c7 z06??‚Äù So, I‚Äôd love hear communities thoughts. Keep c6 GS, c7 z06, ct5 Blackwing? Anyone specifically made change c7 z06 ct5 BW?","Corvette","vehicles"
"Creaking/rattle sound idling driving Hey guys 2016 Corvette makes wears creaking rattle sound. heard idling also driving lower speeds. ideas could be? Mechanic says it‚Äôs related transmission trying diagnose exact issue.","Corvette","vehicles"
"Copart Corvettes Hello all, I‚Äôm newish sub would like get opinion/information. I‚Äôve lurking page little bit I‚Äôve always loved corvettes since kid. born Chevy family, dad uncles spent time building several cars 60‚Äôs. always wanted car rebuild. lost dad one uncles back 2020, last Uncle passed last year, I‚Äôve really felt draw start ‚Äúproject car.‚Äù market live saturated overpriced c5‚Äôs C6‚Äôs car I‚Äôm going working myself, don‚Äôt really want spend stupid money. consensus shells/rollers/mostly complete cars Copart? Anyone tips/tricks finding gems? Thanks advance!","Corvette","vehicles"
"whats point x pipe? prob dumb question vote u want cant find answer online. point getting borla x pipe? says weld ur cars wouldnt change nothing? isnt stock since ur keeping cars?","Corvette","vehicles"
"Two similar cars I‚Äôm looking two 70s vettes area wanted see community thought - one would buy why? 1974: 1976:","Corvette","vehicles"
"Flood car looking 05 6 speed 49k miles. guy wants 8k (OBO know go lower) got salvage title flood damage. put used body control module car running, dashboard, radio, windows etc. know clean title 16k-20k car wanted get feedback possibly go look","Corvette","vehicles"
"C6 JL9 brake upgrade. 2008 Base model going need new brakes probably within year. dont NEED new calipers kind want get new everything. really want drilled slotted rotors better braking looks. car lowest low 2008 JL9 brakes. like powerstop found pad rotor set go website choose exact car go summit racing link look questions says front brakes fine rear pads didnt sit right caliper. looking powerstop Z23 Z26 dont know one work calipers.","Corvette","vehicles"
"Anyone SS Vette hood? love look hood want hood let heat engine bay. one actually good price unless missing something. anyone else bought hood hood SS Vette?","Corvette","vehicles"
"Finally apart family months searching finally found 2019 Stingray w/ 2lt, fit price tag looking along mileage, $99 ship me. mods add?!?! always see people zo6 style front lip, definitely gonna tint sure.","Corvette","vehicles"
"Chevrolet Corvette C8 Vs Dodge Challenger Scat Pack","Corvette","vehicles"
"change style vette? anything change, add, take car opinion?","Corvette","vehicles"
"normally like static headlights c5, kinda look good randomly, thoughts?","Corvette","vehicles"
"C7 zo6 outdoor car cover Hey anybody c7 zo6 outdoor car cover completely covers car including rims? car cover bought old stingray would cover half rims, definitely want bigger one time. suggestions would appreciated","Corvette","vehicles"
"1000 mile Club hit 1000 miles 2024 corvette best daily I‚Äôve ever (bought 562)","Corvette","vehicles"
"get c8 458 often compared read there‚Äôs essentially ferrari corvette ‚Äúmirror‚Äù car basically generation, like there‚Äôs ferrari made time vette that‚Äôs heavily comparable. wondering would years, curiosity lol hating way","Corvette","vehicles"
"2016 Corvette start / dumping oil Two days ago, oil pressure dropped temperature gauge shot up. checked, oil level fine, coolant low. Fan working fine. added coolant brought car home since mechanic Monday. Today, car briefly started sounded extraordinarily loud. shut quickly, dumping oil. car goes regularly maintenance accident whatsoever. anyone idea going on?","Corvette","vehicles"
"A&a kit c6 corvette Hey all. curious it‚Äôs doable install A&A supercharger kit jack stands instead shop. anyone done good tips advice. Also supporting mods need kit come need?","Corvette","vehicles"
"Need help tire options Hello, C7 Z06 Z07, she‚Äôs treated well. Bought years ago wealthy gentleman nice collection. didn‚Äôt drive much knew rims tendency crack, ended selling pair brand new Signature SV104‚Äôs slightly smaller stock, didn‚Äôt care time I‚Äôm trying get autocross it‚Äôs causing issues finding tires. Currently fronts 285/35/18 rears 345/30/19‚Äôs NITTO NT555RII let old tires rims go part deal since tires old got 75% brand new essentially. custom rims tires, problem within self I‚Äôd love enjoy autocross handling experience rather straight line speed wasn‚Äôt main priority car. recommendations tires throw there? It‚Äôs weekend car rip mountains autocross/track days. got 2500 miles nitto‚Äôs mixed spirited road driving track days it‚Äôs time change out. prefer handling, I‚Äôm racing car dig, don‚Äôt want drop another $6500 rims.","Corvette","vehicles"
"Need Help Choose Tires C5 looking advice choosing tires 1999 C5. Thanks advance! \- put 18x10 Wheels SQUARE \- want tires meaty 10inch wheel stick tire (no stretch look). \- rubbing front turning Looking 275/40/18, 285/35/18, 295/35/18","Corvette","vehicles"
"Dead battery Accidentally left door little open battery dead now. corvette battery charger/tender. use dead battery? keeps blinking green. Someone said it‚Äôll take 24h it‚Äôll get job done. Asking tips/advice.","Corvette","vehicles"
"First Time Vette Buyer Questions Hello fine people Corvette Reddit, bitten Corvette bug can't seem get idea owning one head - leaning towards C5 falls budget newer classic ones. currently daily 2006 Mustang Convertible summer months even though slightly impractical times, wonderfully reliable course, joy drive. Would anybody advise dailying C5, reliability, practicality concerns etc? specifically interested hear powertrain electronics guys. Secondly, Mustang V6, never owned car V8 -- heinous maintenance costs LS1, V8 surprises prepare any? (I've owned Chrysler products skin pretty thick comes terribly expensive repairs would like know.) answers, suggestions, comments help; thank y'all much :D","Corvette","vehicles"
"Cam install cost local shop quote installing headers already installing cam tune seemed little higher usual. fair price days? It‚Äôs since modified car.","Corvette","vehicles"
"Locked C7 keys trunk locked C7 keys trunk I‚Äôm wondering anyone experience using one air pumps windows manually unlock car anyone tips don‚Äôt entirely break window trying","Corvette","vehicles"
"C4 Purchase Feedback snagged 1985 C4 Corvette auction $800 ‚Äî L98 5.7L TBI V8 4-speed automatic actual 126,234 miles. body panels present though interior panels stripped out, starts/runs solidly. auction listing noted transmission slips putting gear, site inspection didn‚Äôt experience slipping‚Äîfingers crossed donor didn‚Äôt know talking about. also mentioned rear hatch hood inoperable, plan access troubleshoot it‚Äôs home. I‚Äôve always appreciated clean lines early C4s‚Äîeven it‚Äôs high-value collectible, seems like solid, enjoyable project. Would love input folks who‚Äôve owned early C4s dealt trans slippage‚Äîespecially look road testing repair cost/risk. Appreciate tips similar stories. Thanks!","Corvette","vehicles"
"c6 zo6, harmonic balancer recently posted getting camshaft ordered stage 2 bells whistles. Another user mentioned get harmonic balancer replaced it. 07 shy 34k miles it. car wont making 70 hp stock, wondering get replaced age should, would go something like powerbond OEM?","Corvette","vehicles"
"Fair pricing - 2004 corvette Hello- neighbor selling 2004 corvette convertible. Black black, 35k miles, leather inside. want 28k. fair price vehicle like this? good price year? familiar cars.","Corvette","vehicles"
"C5 Z06 vs C6 Coupe Young Guy Hey everyone, mid 20s guy, looking step performance daily driver car. currently split c5 Z06 c6 vette. think prefer look C6, along fact take roof off, like rawer nature c5 Z06. anyone comment differences handling driving experience two cars? shifting, acceleration, steering feel different? Would one make sense economically? 20-30k budget.","Corvette","vehicles"
"New daily picked 2016 stingray 1lt last weekend. 60k miles. gonna car. bought dealership got 39k OTD. coming 4 cylinder cadillac ATS. got tinted detailed yesterday. loving power, god interior beautiful.","Corvette","vehicles"
"C1 Road Trip Drove new C1 Springfield PA Pittsburgh PA weekend. car.","Corvette","vehicles"
"Yellow C7 Z06 car meet Saw beauty car meet today, thought I‚Äôd share here. Enjoy.","Corvette","vehicles"
"New 08 ZHZ picked questions group. Car 117k miles appears pretty clean. Drives nice strong. idle sitting around 550 slight lop it, normal? Second acceleration sometimes feel like smell exhaust cab, thoughts that?","Corvette","vehicles"
"C6 zo6 camshaft kit Called texas speed get info camshaft kit 07 c6 zo6. Im getting new upgraded speed performance heads rocker arms thats needa c6 zo6s thinking also getting cam done well would cost less labor according shop im going to. Texas speed tech said get stage 2 would best interest, dont know much im inherited car passed older brother. anyone help send links would greatly appreciated. Im kinda struggling want get work done either time summer possibly summer. photo attached selected kit, good add timing chain also tune?","Corvette","vehicles"
"Corvette c5 Hi everyone! wondering anyone c5 could tell pros cons it‚Äôs something worth buying get another car?","Corvette","vehicles"
"65 Coupe soon streeted mistreated. 400 Hp crate RamJet FI...driver.","Corvette","vehicles"
"Finally! It‚Äôs 30 years since last one. 2007, 6-speed, Borla exhaust, HUD, C7 style headlights","Corvette","vehicles"
"Anyone make switch Type R C7? Currently drive FK8 type R really love it. However, always big fan Corvettes recently drove friends Mustang GT. V8 sound something feel like missing. Going test drive one soon curious guys thoughts","Corvette","vehicles"
"2009 Auto C6 (Base) help Weird grinding sensation stoplight, feel also slightly driving. Backstory‚Ä¶ drove vette 30 minutes round trip morning, issues, ran like normal. evening go drive stop stop sign notice weird vibrating/grinding sensation almost like slowly rolling forward brakes fully depressed. However, rolling forward brakes fully depressed. Immediately turned around went back home fear damaging whatever hell wrong. ideas??? idle theres squeaking (not harmonic balancer) trying figure heck would moving/grinding car drive stop light driving. issues park pretty sure.","Corvette","vehicles"
"C5 Base Coupe Manual Hey guys im looking join guys owning vette whys hard find base manual 2002-2004, guys recommend websites forums find one, I‚Äôd prefer like 60,xxx miles possible Thanks","Corvette","vehicles"
"What‚Äôs wrong c6 corvette? 2005 corvette c6 battery needs jumped everyday. Tested battery fine, tested alternator good, turned light wherever else think might draining battery nothings working. Lots times it‚Äôs die says fobs detected sometimes making noises car like buzzing. accessory mode sometimes dies. Car also sometimes trouble starting sounds like you‚Äôre cold start. ideas?","Corvette","vehicles"
"Crazy wind noise Hey guys, bought transparent top melrose t-tops day two driving car insane wind nice coming front latches car. wondering anyone knew could be?","Corvette","vehicles"
"Toyota Crown Royal Saloon opinions Hey guys need daily driver. opportunity get 4GR 2.5V6 2012 Crown Royal Saloon low km 71,000km (non hybrid, one owner since imported) love drives interior. However fuel cost scares mostly drive standstill traffic, seen go like 14L/100KM. huge difference girlfriends car around 4L/100. anyone experience car could advise fuel cost? otherwise car looks amazing. Thanks","Toyota","vehicles"
"looking buying used toyota‚Ä¶ recommended mileage(max) still worth purchasing?‚Ä¶ inputs appreciated!‚Ä¶","Toyota","vehicles"
"Toyota experts, ya'll think new car lot xxx miles already lol im heading tommorrow finalize purchase corolla le. got curious generally someone always loves fact check see something valid not. ended looking dealer website see posted car reserved, ""surprise"", did. one photos took car show odometer 281 miles it. NOW, know cars sometimes driven get places one outsourced foreign soil mean cmon 281 miles? thats gotta illegal sell new, isn't. guess like know bargain reductions car, warranties, good adjustment etc. anything going asking wait new one come cause lol. thanks y'all","Toyota","vehicles"
"Fair asking price - 24 Crown Limited Hey everyone, New Toyota looking 2024 Crown Limited. 9,000 miles. tech pack. Dealer asking $35,900. Kbb says little high, sure fair offer price would be, thinking $34k? Would interested hearing Toyota experts!","Toyota","vehicles"
"Help!!! can't find part anywhere!!! Hello! girlfriend's oxygen sensor broke today needs replaced. part needs replaced Toyota Camry SE downward rear oxygen sensor 2.5L 4 cylinder! found one place 300 dollars, afford right now. anyone find less 100$?? car person idea look!","Toyota","vehicles"
"2008 Highlander removing passenger side front outer axle Hi - Leaking outer CV boot passenger side front axle (fwd car) - 2008 Highlander. everything apart outer axle shaft doesn‚Äôt seem want separate inner shaft bearing (as seen around 8:30 mark Boot clamp removed. need use force? trick? Thx. cross post Highlander sub.","Toyota","vehicles"
"Remote start question 2020 avalon trd, whenever start car app attempt unlock door even get car, car shuts off, way avoid intended feature?","Toyota","vehicles"
"2014 Corolla cold start up, get oil pressure light second, goes off. Doesn‚Äôt happen hot start up. approaching light, car start jerking, rpms flowing. put neutral rev it, put back drive, works good 3-5 minutes later approaching light again. Oil level good, oil replaced recently","Toyota","vehicles"
"2009 Camry 100K miles 8000$ Carfax reported regular oil changes every 5k miles, two owners, two minor accidents. one think good deal?","Toyota","vehicles"
"2010 corolla someone tell good deal. everything ive read think im gonna go need words affirmation ive shitty luck marketplaceüòé","Toyota","vehicles"
"guys think ADAS tech? (Driver Assist Systems) I‚Äôve digging ADAS (lane keep assist, adaptive cruise, collision avoidance, etc.), keep seeing studies like one: really makes wonder tech pushed it‚Äôs ready. paper, ADAS supposed make driving safer, practice doesn‚Äôt always feel way. personal experience: car honestly doesn‚Äôt work well all. turn off, car actually drives worse ‚Äî like starts shaking, jerking, feels bumpy/unstable, especially freeway. handling feels unsafe. What‚Äôs wild different people completely opposite experiences car. I‚Äôve heard people say ADAS makes drive smoother safer, it‚Äôs total opposite. Even something simple seating position way hold wheel seems change system reacts. I‚Äôm curious ‚Äî what‚Äôs take? ‚Ä¢ trust ADAS systems turn off? ‚Ä¢ noticed weird handling unsafe behavior it‚Äôs (or even it‚Äôs off)? ‚Ä¢ think tech genuinely helpful, half-baked right now? Would love hear people‚Äôs real-world experiences.","Toyota","vehicles"
"Crown xle 32000 OTD 27000 miles Toyota crown xle 2024 good deal?","Toyota","vehicles"
"2026 Prius, Dealer Offer quoted, $40K 2026 Toyota Prius Nightshade Edition AWD. new Prius, understand isn‚Äôt much negotiating wanted make sure sounds like fair price. I‚Äôm PA, 7% sales tax. need Triton?","Toyota","vehicles"
"Front cross traffic alert Curious anyone new Toyota safety sense 3.0 (possibly advanced tech package) could speak experiences front cross traffic alert. Seems like super helpful feature main thing Toyota Honda safety wise (and similar Volvo‚Äôs safety features), also hearing it‚Äôs sensitive annoying. Curious whether folks like it, hate it! almost pulled got side collision Honda recently interested feature might drive Toyota given safety top priority - it‚Äôs actually helpful!","Toyota","vehicles"
"Using pink coolant genuine toyota pink Hi everyone, i‚Äôve done major service lexus is200 (1gfe). included coolant flush. unfortunately run short genuine toyota pink coolant. Could harm using pink coolant top off? I‚Äôve seen brands selling pink coolant said toyota llc eligible wondering. Thanks advance!","Toyota","vehicles"
"old Toyota Camry failing transmission worn engine. J vin 2000 Toyota Camry 430k miles it. trying figure worth get replacement engine transmission, one rebuilt outright replaced. transmission tends ""punch"" gear harshly, seems gears still work. car usually sits due really safe drive anymore. front suspension also worn could rebuild, since tried replace years ago bought American parts Detroit Auto instead proper Japanese spec parts. Could also use new tires that's pointless suspension configured right, wear prematurely.","Toyota","vehicles"
"turn headlights electric Proace Max parking? function, Auto. It‚Äôs getting late waiting someone parking space, got dark main headlights came on. way turn without turning car off? Wtf?","Toyota","vehicles"
"Changing oil: Genuine Toyota Oil buy Toyota oil from? dealerships seem stock often.","Toyota","vehicles"
"Question: What‚Äôs difference three grills? Looking replace cracked grille 2002 Camry XLE, unsure difference three? Opting go one ending AA030.","Toyota","vehicles"
"Suggestions driver's seat driver's side seats covering definitely last legs. wondering might able it? 2006 Highlander Hybrid great hopes able find another seat same.","Toyota","vehicles"
"Head Unit Replacement 2022 Hybrid type models someone fill head unit replacements done? 2022 Sienna XSE. Head unit dying stuck boot loop longer starts refusing go beyond Toyota logo. Rear view camera still display it! Van warranty ago. head units replaced? tied Vin? programmed s\[pecific model VIN? software head unit itself? diagnostics done determine stays stuck boot loop? flash drive ssd damaged maybe? Anyone gone this? would like hear story resolution things work wired car's system. record local Toyota dealer small town poorly equipped deal electronic issues. techs. better reputation discuss them, great stuff poor reputation.","Toyota","vehicles"
"Yaris Cross Beeping Hey Peeps, Currently using 2025 Yaris Cross job requires lots drivers seat. Anyone know disable rear seat reminder? constant beeping locking car getting super annoying","Toyota","vehicles"
"Building spare tire holder wheel well corolla cross hybrid? Hello! Like many you, love corolla cross hybrid (2023) frustrated wheel well used hybrid traction battery rather for.. well.. spare tire. recently got new tires decided one old OEM tires mounted old steel wheel use spare. Now, wondering anyone come solution remove trunk floor cover mount spare tire traction battery wheel well divet? so, go safety concerns heat buildup wheel well? course, realize spare going raised relative rest trunk. ask planning cross country ski trip winter. definitely want spare tire hand adventure like this, also hoping build back seat trunk car camping. thought could mount wood/hard plastic panel raised spare tire put mattress (something like use rest area panel trunk small storage space. thoughts, guidance, real world solutions much appreciated.","Toyota","vehicles"
"Toyota TS 030 Hybrid, Motorshow Luxembourg 2013","Toyota","vehicles"
"2008 Highlander Limited - 2GR-FE Original owner, 120k miles. New water pump. Minor oil leaks fixed including replacing rubber line fails engine toast, Comprehensive tune anticipating least another 100k miles. Realistic?","Toyota","vehicles"
"Car revving control car occasionally revs way limiter/red line gets stuck like pull turn car off. Even take foot accelerator put neutral stays revving red line shut engine off.It idles perfectly rest time randomly happens every weeks . 2012, manual, diesel toyota avensis. could causing ?","Toyota","vehicles"
"Car revving limit own, even neutral car occasionally revs way limiter/red line gets stuck like pull turn car off. Even take foot accelerator, stays revving red line shut engine off.It idles perfectly rest time, randomly happens every weeks . 2012 manual diesel toyota avensis. could causing ?","Toyota","vehicles"
"think headlights two cars look same? don‚Äôt know anyone else thinks same, feel like Toyota made new Camry‚Äôs headlights look lot like Ferrari SF90‚Äôs. Personally, like it, haven‚Äôt really seen people talk much. maybe don‚Äôt actually look alike?","Toyota","vehicles"
"Servicing e-cvt gearbox?? you?? consist of. Silly question know buying newish rav4 soon probably anything 50k miles wondering preemptively give service.","Toyota","vehicles"
"Buying advice looking 2010 yaris base. One owner car. Drove 51k miles. Clean title. seller wants 9k. fair price? Thanks","Toyota","vehicles"
"Past due oil change.. much flexibility have? I‚Äôm slightly 90k miles 2014 RAV4. due oil change‚Ä¶ owner‚Äôs manual says change every 5k miles, good honoring. last change 85k miles. Maintenance required light on. I‚Äôm 250 miles 90k miles‚Ä¶ think I‚Äôm okay completely risking car going hundred miles over? I‚Äôve busy work zero time take maintenance check another week so. Would appreciate insight! I‚Äôm super knowledgable cars couldn‚Äôt tell.","Toyota","vehicles"
"ToyotaCare Grace Period Got question: bring 2024 Toyota Corolla 10,000 mile recommended maintenance mileage 10,350 local Toyota Dealership, voided warranty? don‚Äôt know actual grace period majority Toyota Dealerships today, 2025. bought new 2 miles last year beginning December 2024.","Toyota","vehicles"
"2012 Toyota Camry Hybrid Makes Beeping Noise Everytime Startup Hello everyone! looking help pinpointing beeping moms 2012-ish Camry Hybrid makes upon startup. happens 40-ish seconds exactly 11 beeps time. even audio recorded able help show people. sure could be, rmemeber going drive tried connecting phone. blue phone button left side dash dash accessory buttons two arrow buttons it. wonder caused it? anyone heard beep knows could please let know try troubleshoot it! Thank much. Audio Example:","Toyota","vehicles"
"oem keys last longer cheaper ones? P/N 89070-06421 2015 camry key fob $120 online $20-30 generics? Programming seems $200 dealership unless theres 100% diy method home. 1) oem worth extra $100? 2) dealership programming worth $200 others cheaper diy guarenteed waste hours hours. value time haha father two younglings.","Toyota","vehicles"
"Booking transfer Toyota Corolla! Hey guys, ordered 2026 Toyota Corolla dealership Vancouver, Canada. even paid 1000 cad deposit it. unfortunately, want car dealership agreeing pay 1000 cad back. option? oder transferred someone else?","Toyota","vehicles"
"Contemplating moving Tacoma 4Runner. Interior concern. Hi. currently drive new Defender. Looking move Toyota. concern interior quality see lot information cheap, rattles, goes shit quickly. question accurate like thing hear bad, never good. Thank you.","Toyota","vehicles"
"1986 Camry anyone know starter relay located 1986 camry. It‚Äôs automatic","Toyota","vehicles"
"2017 Used Camry - advice Looking 2017 Camry - $10,500 - 123,000 miles. Drives great, looks clean, scratches, hood looks clean. Worried dreaded oil consumption issue. Current owner said done oil changes record many miles oil changes - word around 5K last 4 years. Previous owner records show changed every 5K-6K 30,000 miles. increased oil consumption cause oil burning smell? buy going find increased consumption issue drive oil changed regularly? Much Thanks!","Toyota","vehicles"
"2024 Grand Highlander Limited AWD Fuel Range wife recently bought 2024 Grand Highlander Limited AWD, it‚Äôs Certified Pre-Owned. first time owning Toyota. know Toyota advertises car 17.2‚Äì17.8-gallon tank, I‚Äôm averaging 21‚Äì23 mpg. However, refuel, range doesn‚Äôt seem match actual driving. something Toyota intentionally, could sensor malfunction? anyone else experienced know might going on?","Toyota","vehicles"
"Used 2017 Camry - advice Hi brilliant folks! Need advice - looking private sale purchase 2017 Camry - 2.5L 4 cylinder / 123,000 miles. Drives nice, looks pretty good, scratches ok, $10,500.00 hood looks clean interior well. keep reading oil consumption starting increase mileage sure verify current issue owner says done oil changes records often done. owned last 4 years - previous records show oil changes every 5k - 6K miles 30,000. infamous increase consumption cause burning oil smell all? option purchase pray got good one keep looking? Thanks!","Toyota","vehicles"
"2002 Tundra curious anyone done pay Toyota 2025 frame issue. states I‚Äôm curious expect offer payout truck. 160k hard know would offer, information I‚Äôd appreciate","Toyota","vehicles"
"reliable Yaris MKII 1.3 Manual? checking Toyota Yaris 2006 70k miles it. wondering legends true reliability anything look test driving. know matters made France.","Toyota","vehicles"
"Trading truck I‚Äôve got 2009 Tacoma 250k miles that‚Äôs almost perfect shape. offered someone trade lx470 200k miles shop receipts new timing belt water pump done 1000 miles ago. also perfect shape nice wheels tires. love look I‚Äôm fully convinced go can‚Äôt bring fully commit. making mistake trading back away?","Toyota","vehicles"
"Toyota organisation Dream cars","Toyota","vehicles"
"2003 Toyota Corolla sensible modernisations? Hello! last 5 years driven 2003 Corolla exciting car drive, still drives like champ. since isnt modern car standards, would sensible things change make car modern. replaced radio Alpine bluetooth, ran microphone take calls. things do?","Toyota","vehicles"
"2014 f150 fx4 lariat 2014 GMC sierra slt? insanely good condition that‚Äôs issue. ford 130k miles GMC 115k. ford 10k gmc 12k. Please let know!","Trucks","vehicles"
"Body swap project comes near completion. Short cab, short bed, 4x4, 5-speed manual, V6","Trucks","vehicles"
"Installing Gooseneck Mount Flatbed F350 Hello, 2002 F350 aftermarket flatbed installed C&C. believe channels top frame 4 inches 4""√ó2"" tubes make bed crossmembers welded top those. height difference frame anyway install gooseneck mount frame ball recessed bed use? Thanks.","Trucks","vehicles"
"Working job BFE. think ever truck dirty. Going need suspension overhaul this.","Trucks","vehicles"
"Gmt900 front bumper help/recommendations want build prerunner style front bumper purchase one instead replacing caps want know anyone‚Äôs built one stock gmt900 tips suggestions","Trucks","vehicles"
"Hot take: Milled wheels look terrible almost every truck. Chrome, brushed, fully black wheels always look better. Change mind","Trucks","vehicles"
"1999 chevy silverado questions im sure right subreddit recently obtained 1999 chevy silverado super sport 1500 2x2 5.7 L v8 questions regarding light panel inside & trim?","Trucks","vehicles"
"Best way spot remove/treat/paint underbody rust? live rust belt one winter, 3000 miles truck. complete idiot bought brand new, November, didn‚Äôt undercoat anything. worst around differentials u joints/knuckles (think thats they‚Äôre called), random spots showing around edges frame rails. undercoating soon, start throwing salt roads, bad wanted try get rid much possible. Mostly see online terms rust repair lot worse this, completely strip frame repaint thing. planning spraying rust see converter either sanding painting painting depending converter use (some act primer). Anyone else something like this? recommendations rust converters paint use? Ideally something isn‚Äôt shit OE paint keep rusting. Also anything need careful terms using converter on? sure use bolts/joints/zerks, would imagine would make bitch half take line..","Trucks","vehicles"
"work truck, favorite model truck 2nd favorite configuration. 6.8 gas wanted shortbed, reason, 2025, ford temporarily quit making them. 351 super cab short bed 7.3 PSD SCSB couple V10‚Äôs 6.2 configuration (SCSB)","Trucks","vehicles"
"Got artificial power steering. Happy labor day everyone!","Trucks","vehicles"
"Smallest Early 00s Truck? following mini trucks smallest? (Single cab, short bed) 1998-2011 Ford Ranger 1994-2004 Chevy S10 1995-2004 Toyota Tacoma","Trucks","vehicles"
"Here's something see everyday! car show Saturday!","Trucks","vehicles"
"Tire question ok ask here? Yall mind ask input tires Ram 1500? Bridgestone Dueler H/L Alenza season tires. like deal don‚Äôt want awful tires replace earlier normal. suggestions would welcomed. Thanks.","Trucks","vehicles"
"Small victories getting first real use truck truck till two weeks ago traded Subaru search 10k+ towing capacity could haul enclosed car hauler instead driving track. get chance really tow anything yet till pulled work today saw trailer dropped wrong property getting repairs. person dropped gone boss dually truck normally uses. trailer needed backed property next door ASAP away sketchy neighbors knew time godzilla shine. brought truck back afternoon, got hooked even managed get backed property first attempt thanks extensive training American Truck Simulator. Small potatoes y'all sure wanted share small truck victory today","Trucks","vehicles"
"2000 Dakota 5.9 4x4 5.9 4x4 Dakota 5 inch lift 33s m/t I‚Äôm 2nd owner truck","Trucks","vehicles"
"Bed size vin/door info got vin attached picture 2021 Toyota Tacoma. ther information would tell bed size truck has?","Trucks","vehicles"
"anyone tell rims? know they‚Äôre Hoss XD 795. can‚Äôt find exact ones online. left garage. tried numbers rims.","Trucks","vehicles"
"Rate dodge Dakota 2002 Dakota 4x4 sIt, 4.7 v8 5.5 tough country lift paired 3 inch body 315 tires 16 inch rim (I plan changing near future) Looks completely different since got got December","Trucks","vehicles"
"color paint drive shaft pictures yall see truck looks like","Trucks","vehicles"
"causing tick 5.7 L vortec engine? bought 1998 Chevy 1500 tick sounds right side engine I‚Äôm wondering causing tick able find what‚Äôs causing it.","Trucks","vehicles"
"Genuine question people tiny bed modern trucks put bed truck? get fit large boxes totes things like that, tall modern trucks even stuff like seems like huge pain lift bed.","Trucks","vehicles"
"GMC 2.7 longbead pro bought today. Please tell good bad truck. 2.7 especially.","Trucks","vehicles"
"Silverado z71 2017 rebuilt title Hi everyone, good afternoon! I‚Äôm reaching California. recently purchased dream truck, 2017 Silverado Z71 99,000 miles it. picked $18,000 (rebuilt title) state Arizona, specific, two weeks ago. Since getting it, I‚Äôve driven handful times, I‚Äôve really happy purchase. rides incredibly smooth, even better 2008 GMC Sierra, still running strong. However, today driving, dad noticed something that‚Äôs mind since: driver-side front tire appears stick passenger,side tire. checked frame buying truck everything looked solid me. said, Sierra frame damage similar issue, can‚Äôt help wonder. truck completely stock moment, I‚Äôm planning lot modifications, really want make sure everything structurally sound getting started. Could suspension-related issue, concerned frame? haven‚Äôt chance register yet, hasn‚Äôt gone full inspection. I‚Äôd really appreciate input advice. Please let know guys think! really don‚Äôt wanna sell it.","Trucks","vehicles"
"2000 Ford Ranger XLT","Trucks","vehicles"
"brow dark/ low? Long story short, got 2017 F150 front two windows tinted today 20% match back factory. came back truck done tempted couple hours later also ended adding tint strip front windshield ( said 2%) apologized mixed vehicles Syd said remove front windshield strip real quick leave charged it. question low? see it‚Äôs line. drive ton really early morning it‚Äôs dark out, affect anything low? I‚Äôm Florida well I‚Äôm sure get pulled over? Thanks advice helps.","Trucks","vehicles"
"head gasket blown? 1989 GMC Sierra. bleeding coolant came brown color. flushed week ago.","Trucks","vehicles"
"first vehicle 100k miles!","Trucks","vehicles"
"Help identifying vintage trucks anyone able identify make model old trucks toddler‚Äôs sheets? (If ever even really existed!) truck-obsessed longer accepting ‚Äútruck‚Äù description them. needs details. Thanks advance!","Trucks","vehicles"
"First time owning pickup one year since owning pickup delight ful experience want share started driving . getting pickup, family using mahindra Xylo farm goods moving. xylo 2.4l inline 4 112 bhp 260 nm body frame platform rear wheel drive . Basically pickup body . using first long distance car got farm transition farm car used haul lot things started driving good car commanding view stable bumps potholes. Sadly got accident considered total writeoff considered 10 year old car using fullest. search pickup truck first truck saw mahindra bolero camper 2.5l inline 4 75 bhp 200 nm . father test drove feeling okay mom like saying looks like truck . truck india means feels like medium size truck drive . left . tried Hilux way range, Hilux newly introduced price quite commercial model also quite high get it. Last pick Isuzu dmax , test drove commercial one , mom likes , liked last person say yes dad dad said yes got it. 3 weeks went got it. taken Isuzu scab hi-ride ac 2.5l inline 4 78bhp 176nm. first time driving truck little difficult huge change driving style learn length width . learning started modifying put back camera reversing front sensor infotainment system commercial pickup nothing modify. searching sports bar since load goods plants manure need something hold place searched new one saw expensive got used. welded rectangular steel tubes prevent goods hitting back glass window truck , middle east pickup. review truck, truck wonderful drive heavy like car style like driving feel. Without load bounces little load gives bumps like nothing. learning remember change gear often gearing short commercial truck can't go 80kmph . highway since u can't much faster u plan u going overtake vehicle also know stop u load truck . also learnt load truck since xylo anything since full body car. downside truck spare parts unlike Toyota bolero much aftermarket support india . going say happy, mom happy dad happy truck üòÅüòÅüòÅ","Trucks","vehicles"
"New 2018 2500hd truck Bought bad boy 72k miles came mint condition interior , couldn‚Äôt happier","Trucks","vehicles"
"Pros cons getting exhaust truck teen high school? 2005 Nissan frontier 4.0 V6 whats cheapest exhaust?","Trucks","vehicles"
"midsize pickup truck","Trucks","vehicles"
"Ordered preassembled struts look defective me. 2018 ram 1500 4wd Called suspensionlifts stated that‚Äôs normal ‚Äúnormal‚Äù get truck. I‚Äôve replaced struts multiple times different trucks never seen like this‚Ä¶ set 2.8. input would greatly appreciated!","Trucks","vehicles"
"opinions reliability old V10s, hear good things hear bad things obviously spark plugs big issue say, want tow boat really daily driver thank y‚Äôall","Trucks","vehicles"
"change look black truck look like red one want truck(the black one) lift tires look red one. what‚Äôs best budget friendly ish way this?","Trucks","vehicles"
"Starter issues maybe something else? - Need Tips! recently purchased ‚Äô88 Toyota pickup, one major problem need help figuring out. turn key, often won‚Äôt start (more often not) makes clicking noise. Added video reference. context, lot parts truck brand new. previous owner took great care replaced pretty much everything could think solve starting issue (including starters, new battery, spark plugs, ignition switch, etc. I‚Äôm still contact owner many receipts anyone questions). suspect it‚Äôs probably wiring issue, neither us‚Äînor even shop specializes trucks (Squirrel Concepts Long Beach)‚Äîhas able pinpoint exactly kind wiring problem might be. said, truck start sometimes. bought it, previous owner started four times row drove home. also able start parking street putting garage. anyone experience issue‚Äîor trucks general‚ÄîI‚Äôd really appreciate help. love truck want get running like new again.","Trucks","vehicles"
"Clunk sound bump steer Hello everyone, 2007 ram 15004x4 single cab. bilstein b8 5100 shocks 2 inch lift. Also lt305/55R20 tires. noticed fast right turns get like grinding feeling break pedal would hear clunks, looked truck noticed steering knuckle experienced metal metal grinding. anyone solution this?I also trying fix bump steer issue, every time go bad pavement like truck mind hold onto steering wheel real tight.","Trucks","vehicles"
"either ugliest truck ever best looking probably hated ugliest truck majority people there‚Äôs still cult following believe it‚Äôs one best looking trucks time. Im one believers actually two them!! 2nd gen Ram team!","Trucks","vehicles"
"Cowl denali hood 2015 Chevy n really want denali hood change make fit ? 2015 Chevy n really want denali hood change make fit ?","Trucks","vehicles"
"First truck , ?","Trucks","vehicles"
