"Question stretcher bars size oil painting - fully painted dried - sized 50"" wide, 30"" high and 3""-4"" border need stretch and frame. thickness stretcher bars would recommend?","framing","art"
"Could Someone Draw Pinki Sprunki Inspired FNF Mod? It's Seaside Serenade Mermaid GF Mod","ArtRequest","art"
"first NanaxHachi Fanart üë©üèª‚Äçü§ù‚Äçüë©üèº oh Brand Graphic designer also love drawing hobby side. hope like cute Nana Hachi fanart","NanaAnime","art"
"Grampa Simpson's painting Maybe coloring off. hanging wall flashback July 20, 1969 thought might kitschy pop art John Tenniel's illustration Jabberwocky one Salvador Dali's surrealist paintings desert ?","WhatIsThisPainting","art"
"Practice session 2 days ago, still struggling. tips welcome Practiced 1p-perspective again, huge cube seems off. also can't get shading seem even. figure drawing got 30 secs person, incorporated tip gotta add curves, can't seem get around hands feet fast enough.","learnart","art"
"improve? Charcoal ultimate goal achieve realism/ able closely mimic reality not hyper realism portraits or lot steps reach that. suggestions nudge right direction? Thank","learnart","art"
"advice make digital art appear less flat/to utilize texture? Sorry previous post mods! I‚Äôve joined reddit posting. Thanks :D Hello all. I‚Äôm coming forum questions feel like digital art feels flat one dimensional, despite trying hard opposite. particular, draw reference far easier better in opinion developing original character. third picture original character mine created second photo, reference. difference clear, me. looks wrong, way. favorite art spread ever created noses slide four, NEVER able translate digital piece. feels like never turns out. Everything looks gray first three pieces me, make skin tones saturated, everything feels orange. characters don‚Äôt feel alive look them. know lot things wrong first picture shown, feels like best piece i‚Äôve created these. I‚Äôm little bummed skill isn‚Äôt translating create original character. Maybe issue stylistic. I‚Äôd love advice conundrum, it.","learnart","art"
"Coloring order Toned Paper approach coloring skin thing toned paper following three colors: highlightsH eg. Ivory, mainM eg. beige, shadowsS eg. brown order H->S->M M->S->H Also color prioritize layering burnishing with? working colored pencils first time using toned paper. help would appreciated.","learnart","art"
"Would appreciate feedback proportions perspective Also would love hear looks stiff, thank much! second picture rough sketch feel like looks better?","learnart","art"
"New Digital Art, get? trying find something less 70‚Ç¨/70$. found Wacom Intuos, still scared work. want get one since drawing since 2y old, literally best drawer class. suggestions get digital art, let know. buy Wacom something else?","learnart","art"
"Advice painting eyes? Here's first attempt painting face... half one anyways. struggle lots things, like symmetry, making face zigzag shape, shading‚Ä¶ mostly struggle eyes... eyes eyes face portrait. looking advice tackle oh important features. part eye lay first? good colors mix shading facial creases? advice give me, thank","learnart","art"
"do? Ive trying learn draw last three years day still absolutely skill all. decided try last month today tried draw face imagination. Based this, wrong?","learnart","art"
"tried draw eight head tall figure perspective. look flat wonky? Im attempting learn draw dynamic angles pose characters more‚Ä¶ well dynamically. practice mannequin looks flat reason. I‚Äôm little confused since drew inside guide box. advice would appreciated","learnart","art"
"Trying Relearn Female Anatomy... Trying Relearn Female Anatomy Keep Turning Buff. Trying Sketchbook Repetitive Habit Adjusting Time... Fix Motor Control. Anyways, Want Critique Questions Draw Women Properly Make Look Feminine? Way Fix Poor Motor Control/Chicken Scratch Chance?","learnart","art"
"make art feel less stiff? tried redrawing portrait drew year ago. like lot better last year‚Äôs, still looks stiff uninspiring. get portrait straight on, shoulders isn‚Äôt going look interesting. tried exaggerate facial expression make colors little interesting, still looks dead. things improve give visual interest make feel alive?","learnart","art"
"Need help figure Help fix shadow man, tone shape off, need direction next moves. start tone paintings, pull elements transform recognizable shapes. admit studying shapes use them.","learnart","art"
"Varnish Questions Hi!! I‚Äôm self taught amateur painter more digital illustrator usually I‚Äôm getting point care varnishing work staying good long time. varnished one old pieces smudged sad it‚Äôs fave piece I‚Äôm trying figure prevent future!! Here‚Äôs set up: use canvas canvas boards sometimes pretty cheap ones case matters. use mix paints usually normal acrylics jelly gouache I‚Äôm trying use up. prep canvases tinted gesso put gesso let dry sand reapply like 3-5 times. sketch painting random stuff usually sometimes graphite sometimes posca pens depends. paintings smudged varnishing drying year wasn‚Äôt timing unless waited long idk that‚Äôs thing? thinking maybe could spray fixative piece varnish wanna make sure varnish fixative layerable that!! Thank advice appreciate it!!","learnart","art"
"Wtf wrong this? Super begginer artist here! struggling shades, light color. referente image Proko video. tried include concepts learned, thats painting includes cast oclusion shadows. also tried represent yellowish sun ray add pink strokes background make colors vibrate. Made oil paint looks weird! improve it?","learnart","art"
"struggling object simplification - help? hard time simplifying objects painting. example, tried painting yellow ip√™, can't reduce simple shapes like Paint Coach next pictures he turns tree simplified box, applies logic painting! Damn. I‚Äôm talking composition ‚Äî mean simplifying object itself, turning complexity clear, paintable shapes, necessarily turning landscape simpler. start simpler forms like fruits limit brushstrokes, first understand form? train eye reduce detail focus form, mass light? specific exercises advice?","learnart","art"
"Gemma Thompson minor adjustments still made, careful shading. time really tried eyeball proportions etc right, without helping tracing contours. extremely hard get expression right, still far üòî","learnart","art"
"Drawing Heads Perspective Hello! question drawing heads perspective. never figure problem run shown sketch ‚Äì box would accurate perspective head in? feel though whenever see even little top head default box left. Examples use box right would helpful too! Thanks!","learnart","art"
"Understanding Line Weight Karl Kopinski Wassup guys trying understand concept 'Line Weight', attempted recreate one Kopinski's work, whilst trying understand job line. made line thick here, there. outline character darker, lines lighter, thinner etc. believe used darker lines show importance certain parts drawing, dark lines hat intesifies form. lines depict shadow, light hits it. vague opinion art work. brought ask others think, knowing others see terms line weight help see look art works many artists. Take care! XD","learnart","art"
"trick get proportions right freehand drawing? learning draw 2 months, going basics getting relative proportions right usually biggest struggle sketching now. familiar midpoint sighting techniques, quite lot effort. tricks get proportions right easily? bite bullet, measure, compare practice, practice, practice comes naturally?","learnart","art"
"Trying draw extend reference, looks Hi, quite beginner, tried drawing Yuria *One Step Closer Demon King*. She quite short find illustrations her. \here\ Reference image UNONG Taejeong think extend reference image might learn drawing reference. sketched, result looks.. off, cannot figure wrong it. feedback work? Also, using layers anime body structure correctly? I idea draw clothes üò≠","learnart","art"
"drew yesterday, using pencil watercolors, think? really love art kit got birthday, waters color color pencil really pretty crayons, everything it, think quality water colors?","drawing","art"
"Anatomy Construction Practice Gesture Drawing Critique Construction practice using simple shapes **drawing image, drawing BESIDE image.** gesture drawing practice fluidity poses attempt construct body 10 min image. For gesture drawing, used Line Action class mode. first image pretty cluttered expect share online thousands people tad bit mess.","learnart","art"
"rotate corners excercise draw box? artistic background all, really enjoy drawbox excercises stuck rotated boxes excercise, mental illness unables skip this. can't life figure corners, many times actually got quite bit practice ghosted lines üòÖ","learnart","art"
"advices looks bad? Idk, everything looks off, colors, face, shape head, honestly know wrong, specially colors used another drawings look decent, one looks bad ways so, guys know why, would appreciate advices, thanks advance!","learnart","art"
"make look interesting? giving kind art block. dont know else go feel like looks stiff. also need help shading lighting","learnart","art"
"Flamingo worked watercolor markers time. tried go abstract vibe usually do, still wanted something could recognize. goal create vibrant representation life. sure counts drawing, primarily used alcohol markers really love colors bring piece.","drawing","art"
"Master copy chalk pastel Vermeer's Young Woman Pitcher. First time using sort pastels. really fun quick use, though details struggle dust annoying.","drawing","art"
"Value practice First time portraits values. normally draw cartoony stuff digitally. Supplies: Dollar store sketch book Pentel GraphGear 500.","drawing","art"
"Quick Sketch Practice quick sketches practice. First page 1 minutes, second 2 minutes, third includes two 5 minutes one 10 minute one right. pretty happen still lot areas work on. could suggest weakness focus on, would be? Gesture, anatomy, structure, proportions. Let know think.","learnart","art"
"Thoughts first attempt art nouveau style? got making digital. Ref last slide biggest thing rn figuring make harmonized colour palette procreate. bought program I‚Äôm still figuring out. whole thing supposed overall star/space theme. I‚Äôd love hear thoughts suggestions improve this!","Illustration","art"
"Cardinal Sulking Fairy little drawing today proud of, considering adding color it. inspired forest looks time year <3","Illustration","art"
"120 days passed, I‚Äôve finally finished first sketchbook, it‚Äôs probably valuable possession. Flipping pages like roller coaster emotions own. 120 days drawing everyday almost. first plan share reaching 1 year mark, kinda changed mind realized finally finished first ever sketchbook, sketchbook bought 4 years ago draw quarantine boredom, never did, now. I‚Äòll share day 61\~120, want keep short don‚Äôt want repeat day 30 60 post, probably improve much, ehh. texts ahead quite cheesy personal, I‚Äôm sorry advance. reason picked pencil chain events kickstarted art journey. chain jealousy, fear, passion, inspiration, real life experiences, bottled frustration, pushed pick pencil seriously first time. art journey less getting good drawing, fighting fears self improvement. last 120 days, went kind emotions: 1. Fear changes: Tbh, I‚Äòm lazy person, often put bare minimum effort things barely interest in. attending certain class university seeing Pewdiepie‚Äôs progress, realized want pull current mediocre life need overhaul mentality work hard. went believing ‚Äúoh talent.‚Äù, ‚ÄúIf too!‚Äú. started researching get good art, observing people learn art. laid study plan, planning without actions fancy talking, picked pencil first 4 10 years so. 2. Fear consistent: Since wanted improve fats, picked hard method draw everyday. spent half much time fighting much draw, kept feeling afraid ‚Äúwhat make it?‚Äù ‚ÄúWhat art me?‚Äù. almost gave barely made past first week. decided, really want get good fast learn smart. rewatch other‚Äòs progress, pointing inefficiencies, developed personalized study plan prioritize efficiencyI explain later. improvements started popping day day, fear ‚Äùart me‚Äù gone, worry consistent. since drawing much fun reminded much used love drawing little, consistent became less challenge like hobby. 3. Fear trusting myself: months even now, I‚Äôm still fully trusting draw. happens, normally flip sketchbook, eases nervousness bit, since it‚Äôs literally statement somewhat draw. that‚Äôs pretty much it, art journey proving it, also escape mind soul. know it‚Äôs cheesy, sorry again. . . . Ok, I‚Äôll share full detail study plan, since many asked last two posts, couldn‚Äôt give proper answer time, since still refining study plan time. whole study plan prioritizing efficiency optimization, basically constant loop feedbacks adjustments: Draw > Reflect > Take Note > Adjust > Repeat. Pretty much must practices actually help learn. also make mistake, leave is, take note move on, look back actually something remind mistake. make study plan works goal first, current goal characters drawing, main focus anatomy. mainly anatomy study now, don‚Äôt want overload information. first didn‚Äôt know practice, decided ‚Äúif wanted learn something, might well learn pros.‚Äù, bought books anatomy. one good think book course, it‚Äòs like teacher telling whenever you‚Äôre sure do, it‚Äôs like everyone exactly next time right? whenever don‚Äôt know practice, pretty much everyday :p, open book tells exactly next. Also start, study plan kinda go fast cut corner, realized hurt long run. went cherry picking example draw book, draw almost everything, gave fast part enjoy process. However, study plan / feedback loop, kinda like echo chamber, that‚Äôs occasionally try get external feedback pros, like making posts like this. I‚Äôm sorry sounds cunning like I‚Äôm trying use people personal gain. last least, Balance. Grinding away fundamentals studies get boring pretty quick, whenever I‚Äòm mood lazy, still try show draw something fun like anime stuffs, doesn‚Äôt always serious grind, it‚Äôs showing consistent. whenever finish study day, there‚Äôs time blank space paper left, fill something fun. one probably quite controversial art community, find ChatGPT useful hobby virtual assistant. However don‚Äôt use generate image, chatbot get information, feedback, brainstorming. That‚Äôs pretty much everything study plan, probably won‚Äôt line post, it‚Äôs adaptable. . . . Lastly, know drawings probably still doo doo, Thank Much üôè everyone gave criticism feedbacks day 30 60 posts. There‚Äôr many great advices, however can‚Äôt tackle all, one time. still Thank Much üôè pushing right direction.","learnart","art"
"First day learning draw - Luffy reference drawing, basic critique advice appreciated MS paint today learned Krita. pretty rough, honestly turned better THOUGHT would. watching videos start drawing days now. completely forgot right hand drawing lol, ran room top drew head separate side MS paint layers also spent LOT time working basic line control basic shapes today, middle starting get bored want quit day 1. general advice would appreciated ways improve fundamentals without drawing squares circles hours end","learnart","art"
"Colouring advice? hi!!! hoping could get tips improve colouring technique, currently don‚Äôt really set ‚Äútechnique‚Äù things go i‚Äôve learnt time. want pop more, want understand harsher/softer shadows etc. please help!!!","learnart","art"
"Colour Pencil Sketch ‚Äî Critiques? noticed whenever draw reference, brain tends want make eyes larger. know that's art style pretty much accepted can't draw exact thing see reference pic okay it. looking general critique helpful tips, still working anatomy","learnart","art"
"add/Do make monochrome piece stand more? first time monochrome piece. want 3 canvases One Pjnk, One Blue, One Green, pink, make attempted coins bottom stand more? central woman make stand well? add anything top right? general advice feedback would appreciated. do/change painting improve it?","learnart","art"
"improve coloring skin tones? drawing mini portrait, air balling everything. know needed 3 colors, base, shadows, blush. kinda went track. messed lips, everything went downhill. improve coloring skin tones?","learnart","art"
"Need Advice Hars critiques? getting back drawing. Self taught. Making step dad last christmass surprise present. Im using delux water color pencils, canvas. feel like drawing sucks need start over, plus Im real good water colors makes wanna give up. guess words advice proceed drawing would nice.","learnart","art"
"second animal painting, first painted Blue Rio! üê¶ wanted give mesmerizing effect!","Illustration","art"
"Another painting yesterday 6 days drawing painting üñºÔ∏è","Illustration","art"
"improve art bit skeptical use glow effect right? shading style? guys think better would stylus help im drawing phone using finger know would help buying one","learnart","art"
"actually think I‚Äôm finally happy concept read below little year since started digital art. finally think used fundamentals well far perspective anatomy composition hands pants lot angles greatest far think done pretty well critique.","learnart","art"
"get proportions right? improve this? I‚Äôm beginner drawing coloured pencils. first time trying ‚Äúrealistic‚Äù piece. I‚Äôm wondering improve looks bit me. think might proportions? Also, lighting seems bit off. I‚Äôm sure keep white space go accidentally much colour. tips? Thanks ‚ù§Ô∏è","learnart","art"
"Texture study - looking feedback advice improve feel like got basics struggle push next stage order make dimensional naturalistic. Reference right comparison - worked Procreate, mainly using default painting brushes. Criticism feedback would greatly appreciated! Thanks advance:","learnart","art"
"fade markers nicely? Granted, using normal sketchbook warm Ohuhu marker pad which disappointing small sized! difficulty fading used acrylic paint marker. tips alcohol markers please? especially getting good color blend/fade/gradient hiding stroke overlaps? colorless blenders let's say, even marker paper, exactly work advertised!","learnart","art"
"Someone tips? (This recent paint) Someone tips paint better? Yesterday friend asked paint photo moon,but begginer painting art. use gouache ink","learnart","art"
"tips watercolour?? Im trying watercolour (well) first time lol. painted watercolour treated like colouring using actual technique. (For goat) blocked shadows blue first layer placed base colour camera died lazy pull image eyeballed shadows ear face (oops). also tried make brown warm come across well gave hay id working like hour so. (The second page) tried experiment different techniques like wet wet, dry dry, etc tried paint vase 2 values tips would appreciated please!! really want get good watercolour","learnart","art"
"rotate organic form perspective? Hey peeps! Everyone always talks rotate cubes, cylinders, planes, ellipses. can't find explanations rotate organic shapes. Simplest example: random 3D blob. rotate it?","learnart","art"
"help drawing folds hello, could anyone help shading folds image give tips general? Whenever shade fabric always struggle drawing shading it:/","learnart","art"
"Confused figure quick sketching. improve longer time drawings? context, I‚Äôve 30 1-minute gesture drawings daily 48 days row now. think I‚Äôve gotten pretty good realize I‚Äôve pretty much plateaued 1 minute limit. longer figures today don‚Äôt know actually extra time‚Ä¶ sorta slap stuff onto one minute gestures base don‚Äôt really know go certain point. It‚Äôs frustrating since want get better figure drawing improve character art pieces improvements scarce lately.","learnart","art"
"could identify horizon line(s) vanishing point image?","learnart","art"
"Seeking quick anatomy feedback beginning stage art around 10-15 hours anatomy. Please give quick advice improve body structure. confident proportions good mental model anatomy yet. Red marks think sketch could improved.","learnart","art"
"recent portraits, please critique!! main reference fortifche‚Äôs arcane texturizing (all artstation). please rip apart! \*\*in order recent least recent sorry they‚Äôre blurry","learnart","art"
"call sketch finished? paint acrylics (at moment) sketch get completely covered. spend time improving proportions, shapes, placements angles moving painting? Especially trying capture likeness reference. General advice call sketch ready paint specific improvements current work (attached) would super appreciated!","learnart","art"
"Struggling Perspective (and maybe form too) struggling capture perspective here. feel like top half fits bottom kind falls apart. matter form, pose incoherent? want line lighting want sketch correct. Thanks advice!","learnart","art"
"sketch without reference see learned even draw original characters someone please identify mistakes here?","learnart","art"
"Improving drawing skills figures - 20 minute sketch work composition, shapes, line I‚Äôm trying game - painted landscapes still life last three years - drawing skills need improve / holding back, think. focus summer drawing figures man-made objects. I‚Äôm 20 minutes sketches reference photos practice. Here‚Äôs latest one. tips progress, exercises, feedback etc welcome. also curious sort drawing practices useful work joining local life drawing sessions (without making complete fool feeling depth!). Thanks reading. :)","learnart","art"
"New artist trying improve. 3rd drawing, wondering could improve/ get feedback.","learnart","art"
"first sketch book. tried learning draw without background. try draw want using pinterest reference. advice critiques could use future use would greatly appreciated.","learnart","art"
"(Work progress, asking critiques) making front side ref wish know improve making reference sheet character mine (for 2D 3D) like see need order make perfectly aligned realistic (due kind art style want) Feel free edit wish credit :)","learnart","art"
"Improve Colors Make Less Washed Out? think last line art makes drawing feel little weightless. advice?","learnart","art"
"Something drawing‚Ä¶ critiques?? (yes bald, mastered hair yet) Hi! first post here, I‚Äôll give little background. consider beginner artist. I‚Äôve drawing since around 7, almost 10 years now. I‚Äôve struggled lot feeling confident art sometimes expect art come perfect, mindset dnever actually tried ‚Äúlearn‚Äù anatomy want get character design maybe one day make comic. Anyway, mindset left motivation creating years end, getting back it, ready learn create. order character design, feel though know basic anatomy leads now: I‚Äôve used bunch methods like loomis method I‚Äôve studying micheal hamptons study book, think decent understanding facial anatomy, draw side profiles something always looks regards face anatomy. I‚Äôve inserted photo work post. (p.s prefer traditional art, i‚Äôve drawing much ran sketchbook pages.) (also ignore writing sides, like take notes intial thoughts creating piece art, hence sketchbook pages lol.)","learnart","art"
"First attempt drawing Dua Lipa. improve? acknowledge already im good drawing real life people. Right least want get look like person degree. asked friend thought supposed responded Zoggy Stardust. photo attached reference photo used. think face needs wider else improve?","learnart","art"
"first oil painting first time completing oil painting, far one challenging projects I‚Äôve done.","learnart","art"
"Upside Drawing Difficulties i‚Äôve trying upside drawing Drawing Right Side Brain book, draw piece picasso upside down. I‚Äôve attempted many times last years I‚Äôve never finished it, fatigue always start corner time reach ide page i‚Äôve messed proportions badly can‚Äôt even continue. Right I‚Äôm trying single piece it, specifically hands it‚Äôs often give up. I‚Äôm trying look lines like book says, can‚Äôt keep straight. lose track drawing, forget lines looked like look away page, eventually stop i‚Äôm exhausted headache. really want learn draw tried years, issues stop every time. fix them?","learnart","art"
"anything else add improve piece? I‚Äôm good shading advice would appreciated","learnart","art"
"tried anatomy drawing memory (without reference) struggling much look good! want look realistic, appealing see. wrong?? included skethes did. personally believe look better final results...","learnart","art"
"Tips/Advice figure drawing Hello. recently started trying improve art again, decided try start studying figures work towards goal. hoping advice things might want figure drawing? little bit stumped continue developing sketch still looking decent. advice would appreciated. Here's drawing standalone sketch sketch reference.","learnart","art"
"First time making study like this. seen many YouTubers suggest drawing statues practice proportions shading, wanted try it. challenge since use smudge tool lot create soft texture. used g-pen here, even eraser. like highlights came second one, left first one without highlights. make good highlights? first attempt? focus make better? found drawing reference way bigger photo, treat tablet sketchbook left way. One ended better other. guess thrown angle second one.","learnart","art"
"arms look weird? know arms look off, want fix go rest sketch. proportions? make look natural? slightly exaggerated stylized art style, I‚Äôm going 1:1 realism. want make look stiff unnatural.","learnart","art"
"make skin look realistic? trying recreate first attempt realism can't figure make look like photo. goal drawing hipper realism much changes still looks like drawing. never anyone teach draw lot tutorials watch realism hipper realism, worse digital. help welcome. Thanks :')","learnart","art"
"improve colouring? fair need improve anatomy well, fun part colouring aspect drawing really want improve first! recently started use crayons (the texture so!!! pretty!!!), mostly use traditional wooden pencils hahah. Thanks advance!","learnart","art"
"Struggling Improve Gesture Drawing Line Action I‚Äôm beginner background art digital drawing. I‚Äôve trying really hard improve think called gesture drawing maybe line action drawing. I‚Äôm trying capture pose flow reference photos mine always end looking wrong. They‚Äôre stiff, off, bad. It‚Äôs obvious one mine compared reference. way get something even looks okay literally overlay drawing top reference pose. try completely falls apart. know supposed basic skill feels like matter much try can‚Äôt get right. normal beginners something completely wrong. practical tips advice would help lot. know say follow lines body idk tf even atp. Thanks. (mine one background overlay)","learnart","art"
"improve art? looks amateur. Hi! I‚Äôd really appreciate help, tips feedback drawings. Whenever try make finished realistic piece, feel like ends looking kind flat lifeless. Even apply shading lighting, composition feels weak, final result doesn‚Äôt look convincing. also feel like poses stiff, linework sometimes looks kind thick ‚Äúchubby,‚Äù makes everything even rigid. doesn‚Äôt happen much sketch paper, use cartoon style. result seems better, even without color. I‚Äôm starting study drawing seriously, I‚Äôm exactly sure practice first begin. I‚Äôd like better understand what‚Äôs holding back improve. Like, exactly making art look off? Thanks advance help!","learnart","art"
"tips improving art girl image? (I know haven‚Äôt shaded, i‚Äôm lazy) Characters Phainon + Cyrene used random google image reference positions haven‚Äôt yet shaded don‚Äôt know since don‚Äôt good idea ideal side light hitting. shading, tips help improve? notice outlines shaky whatnot","learnart","art"
"female skin tones + proportions Working drawing idealistic female bodies. Tried two different processes study ‚Äî Row 1 detailed underdrawing, Row 2 uses simpler, looser base. Curious hear row think looks better overall Also experimenting different skin tones see far push colors still keeping things appealing. Would really appreciate tips suggestions shading, color balance, ways improve overall feel","learnart","art"
"sure start I‚Äôve using ballpoint multicolour pens (crosshatching) order: orange, green, red. Recently found CMY (primary colours) use three colours ballpoint pen crosshatching create realistic portraits. I‚Äôve seen multiple people start blue yellow pink I‚Äôm confused one what. example using red green orange, I‚Äôd use orange base green darkest shadows red mid tone CMY confusing much start.","learnart","art"
"Proportions measurement: exercises efficient? struggle lot measurement proportions, especially human figures. jump topics (gestures, details, faces, etc), want internalize proportions different orientations improve ability eyeball angles distances. Right main approach quick sketches human figures websites like line-of-action posemaniacs. draw figure, overlay original try annotate mistakes. _not_ gesture drawings: specifically try capture proportions instead action lines, without exaggeration. takes 15 minutes finish sketch, mostly measuring re-measuring distances. see variations could do: - ways approach measuring. try (1) completely eyeball distances angles, (2) use pen tip mouse movement get feel relative sizes, (3) perfectly accurate measurements e.g. ruler. approach would result fastest learning? Right (2), goal ultimately eyeball distances draw imagination, would (1) productive? - 15 minutes per pose adequate time exercise? Again, goal get sense proportions, gestures. tried reducing time e.g. 30 seconds, figures even look remotely human. need 3 minutes define ""bounding box"" figure, starting drawing. - Since humans struggle with, also things (even drawing e.g. cupboard reference ends wider taller original), exercises doing? Thanks!","learnart","art"
"Suggestions done? I‚Äôm working drawing I‚Äôve hit wall. doesn‚Äôt feel finished idk else do‚Ä¶ feel like something missing. Maybe shading what‚Äôs off‚Ä¶. suggestions? Also wondering many glowing elements‚Ä¶ like eyes glowing.., could perhaps without staffs glowing‚Ä¶ idk","learnart","art"
"hard time drawing nose even ref. draw nose nose smooth. know approach shape comes drawing.","learnart","art"
"Painting Advice novice painter trying recreate painting 2 tigers water done professional artist. looks decent far l've come stopping point. love original painting much depth water. different shades green flow together well. like different shades green painting blocky. biggest questions are: 1. think original artists process like. put different greens canvas wet time. wait one green dry add next green top? add multiple green colors brush paint that? 2. get white water lines look like original? water lines dynamic, fluid, lively mine look flat straight. certain type paint / brush / technique would help me? novice expect mine look good original know better. really want mine depth character! sort advice would greatly appreciated! Thanks :)","learnart","art"
"Need crosshatching advice learning sketch slightly struggling keep shades together ‚Äî seems like differently shaded zones falling apart parts look like texture rather darker/lighter zones. counter this? third attempt draw something, haven‚Äôt marker hand since school, start study. Thanks advance","learnart","art"
"improve drawing life/direct observation? Ive trying draw direct observation since barely ever hear it‚Äôs important skill become professional concept artist (that‚Äôs ultimate art goal). However, I‚Äôm still really confused it, particular it‚Äôs 2 questions 1. get proper proportions down? know angle measuring pencil don‚Äôt know set actual size drawings 2. kinds drawings, supposed focusing on? I‚Äôm confused learn drawings end feeling like wasted time whenever stuff","learnart","art"
"advice improve? Starting art journey again. drew reference saw Pinterest. trying improve drawing, especially heads. Well do? tips learn order improve drawing? honestly somewhat lost practice. Thanks!","learnart","art"
"honest thoughts? I‚Äôm professional artist means. It‚Äôs something free time. something drew without picture sketch pencil. often times I‚Äôll look sketchbook draw forms mind. draw book loosely follow. I‚Äôve seen gotten lesson 17 30. also paint brush water color paint sets too. Honest feedback Midwest 24f","learnart","art"
"Colouring feedback Hey, posted learnart month ago asking practicing colouring using drawings done others. wanted post follow asking feedback. drawing mine , coloured it. Please let know improve. included drawing used reference (Pinterest pic find link anymore) Thanks advance!","learnart","art"
"make work neat first two art pieces include messy pieces last one final completed work.","learnart","art"
"rendering look so‚Ä¶.blah? Here‚Äôs 2 recent works‚Ä¶. idk rendering doesnt seem like it‚Äôs passed ‚Äúthreshold‚Äú feels really clean professional. Idk I‚Äôm harsh feel like anatomy, pose drawing lighting leveled up, rendering still stuck intermediate spot ü´§ anyone tips improve it?","learnart","art"
"placing colors next affect look? Hey everyone! making drawing hoping tanish color main subject, came looking bit orange due lack proper colors available me. wondering would possible make look less orange making background specific color? using mostly colored pencils (Crayola Colors World - Golden shades) charcoal pencils graphite pencils. Would possible fix color way? worst slightly orange recreating object real life hoping would color accurate possible. Thank you!","learnart","art"
"Questions: practice brush pen, dull ones? hi, recently got zebra brush pens, medium size(i know beginner friendly, saw thick lines could sold), couple questions start using projects. 1. good ways practise drawing brush pen? specifically pressure control. tend ""draw"" ink, impact, let know. 2. know zebra brush pens felt tips, thus lose precision time. anyone who's used them, changes get line width/variation, ways keep point sharp long possible?","learnart","art"
"Help girl ou I‚Äôm painting liquid martini glass refuses work me. dark? lighter shade green? Pls help ü´∂","learnart","art"
"perspective working here? need create isometric Hydro dam. water platform bottom center drawing working cannot understand why. advise?","learnart","art"
"need critiquing sketches Recently sketch Elisha Cuthbert Girl Next Door. Compared sketch actual reference picture procreate proportions looked pretty accurate sketch still looks bad inaccurate. this?","learnart","art"
"hell draw hands want ""just practice get betterü§ì"" bullshit practicing hours even days hands. Watched dozens videos still look wrong.i feel holding back artist.","learnart","art"
"conscious shading? sketches lately learn anatomy, l've realised shading skills quite rushed. tips (or practices) aware/intentional shading achieve cross-hatch effect (kinda like old masters) general advice? l've done semi-recently","learnart","art"
"distinguish cliff vs forest texture minimal value study? Hi! started drawing days ago, currently first value study landscape. tried squint identify parts different values reference image match drawing sketch right. problem: reference, even desaturated, clear light part cliff surface, rest trees. sketch weird blobs different values. want keep value study minimal focused planes, without getting textures details individual trees. see, tried distinguish using values liberally drawing rough tree-like shapes, think helped: cliff part still weird white shape. would grateful advice example correct approach! Also, reference image good candidate study, noisy? Thanks!","learnart","art"
"Need tips improve drawn like year 2 drawings back basically scribbles, please tell need practice improve drawings","learnart","art"
"help. i‚Äôm trying make gift friend, haven‚Äôt really drawn past couple years. draw headshots sketches there, nothing dynamic crazy really want get back ropes things decided go big go home, HOLY COW! i‚Äôve spent 2 hours sketch alone, can‚Äôt get right! i‚Äôm trying make dramatic/stylized think i‚Äôm really fucking anatomy.. i‚Äôve gotten point i‚Äôve continuously tracing reference, heavily editing work style, nothings working! would REALLY prefer someone (or multiple people) could redline work! maybe offer shape guidance something.. really struggle understanding written directions üòû thank much anyone tries help out! really want look good TLDR. worried clothing anything right now, see completely scrapped!! couldn‚Äôt look longer üôÅ more-so worried actual anatomy trying create dramatic super cool outcome pose!!!!!","learnart","art"
"I‚Äôm calling one finish first work kinda trying make whole scene it. mostly drawing characters I‚Äôm wondering I‚Äôm right track far perspective, oh uh composition. like I‚Äôd lost people teaching myself. I‚Äôd love tips buildings outside door tbh! drawings tend buildings tips sort of. Add them‚Ä¶ Anyway! Thanks yall!","learnart","art"
"lighting colour look good? Hello! tried broaden horizons draw things saw pinterest appealing less human-based, done character art. wanted try something new try broaden understanding push things, mostly colour shading. Please let know think! love try improve, there's spots spruce obvious things work on. Anything great. Thanks again!","learnart","art"
"make drawing interesting? feels flat boring. Especially clothes. Pomni Amazing Digital Circus.","learnart","art"
"First ever fully rendered drawing, sort feedback appreciated. sure counts ""fully rendered"" drawing think so? never really used color anything either new me, tips welcome! anything looks off, please tell me.","learnart","art"
"advice semi beginner? first digital drawing felt proud of. Using hand legs reference, added pomegranate wanted hand something it. advice me? I‚Äôve always wanted cuter girly style i‚Äôve always felt better simpler styles i‚Äôm terrible drawing people.. say semi beginner i‚Äôve loads art classes (digital,traditional, pottery, painting) decent understanding colors things. think struggle detail art.. bit nervous post everyone starts somewhere:3!","learnart","art"
"feed back drawing? honestly i‚Äôm really proud this, trying get back art stopping there‚Äôs something right can‚Äôt quite place, ideas?","learnart","art"
"Beginner drawing. Need feedbacks Mostly copy pasted post another sub except shading part. Already received helpful replies still, feedbacks better. currently starting 2nd drawing \--- Absolute beginner here, need kind / lots feedbacks. background: Loved anime looking anime art since mid 2010's, decided finally commit drawing myself. Goal get least one commission end year, short term goal finish piece every week. Started watching tutorials familiarizing basics digital drawing apps. couple hours practicing drawing lines shapes mannequins getting used drawing tablet. First drew tracing, drew another copying eye. Felt good enough finally drawing favorite youtuber's character design (so many details lol). Took 4 days total Drawing process thoughts: Canvas 2000 x 3000. used default pen, changing thickness toggling pressure on/off. 5 layers: mannequin, draft, fixed thickness pen open pressure pen, face. Coloring mainly fixed thickness pen layer. good chunk drawing time spent erasing excess lines, rotating parts reconnecting erasing. think messed shirt realized late. Gave clothing folds hair strands drew randomly best can. Tried shading absolutely idea place correctly. Plus completely botched layers (more late realization) drew enclosed spaces pencil filled slightly darker colors Based above, do? drawing good enough show people? goals achievable? tips expectations (not) drawing general? Need know parts right / good / need improvement / wrong / real bad","learnart","art"
"Digital OC Drawing, need pointers areas requiring improvement (aside shading) forced finally finish piece 4 hours tutorials better drawn before, still really visibly messy. shading obviously long list things get later, anything else? getting hard lately figure start","learnart","art"
"Need critique please - character art hard Hi everyone! character artist, drawing humans (humanoids) hard me. could use critique this. think hair probably needs work. jaw shadow probably stark large? body look right? teeth look right? Thanks!","learnart","art"
"female proportions + skin tones working drawing female figure applying different kinds basic skin tones without going far rendering painting, let know suggestions could make poses proportions better","learnart","art"
"(warning! Nudity) first time ever trying digital painting (no linework) look? improve?? used reference image left side use another. 21 years old male btw! (or want) please critique too!","learnart","art"
"First post here!! self-taught please dont rude anything would love tips suggestions improvement! watercolours! (also idk okay mention would love support art insta well fellow artists! van\_gogh.s\_kid)","learnart","art"
"improve rendering skills? find hard portray materials make things look appealing overall. Side question: character designs good? I‚Äôm little uncertain aspect art second opinion appreciated","learnart","art"
"Ghoul, me, digital art using phone stylus. adding past days really enjoyed it, artist means, enjoy drawing! first time attempted something semi realistic, tips improvement would greatly appreciated! üíú","learnart","art"
"Bargue Drawing I‚Äôm new Reddit first Charles Bargue Plate - it‚Äôs quite finished yet wondering anyone tips feedback. Struggling get rendering half tones exactly perfect shadows still bit blotchy. Also don‚Äôt know one try next. suggestions?","learnart","art"
"Looking crit Hello! Ive loved drawing since little always prone copy rather learn. ive started dedicating hours week drawing wanna learn faces. Ive practiced skulls anything else, however, try draw top skull, feel like get confused proportions nothing looks right. ive scrapped trying that, get better understanding head. Still, drawings feel rather flat, dull. think biggest problem drawing expressions. frustrates me. opinions? anatomy look off?","learnart","art"
"Help drawing? bottom sketch (part transformation sequence,) top character I‚Äôm drawing transformed.","learnart","art"
"Watercolor help: fix trees? done much watercolor working piece family member. pretty happy trees - first looked like broccoli mess, advice fix specifically painting? done much right-most tree nervous mess even more.","learnart","art"
"first colored pencil sketches, critiques welcome! Intended stylized, colorful portraits, feel like I‚Äôm still afraid really pushing values, i‚Äôll muddy colors. advice?","learnart","art"
"anatomy prqctice + doodles Found template pinterest practice learning anatomy bc somewhat bored drew doodles, drew spongebob lol","learnart","art"
"Critique I‚Äôm new digital art, advice could help! use adobe fresco iPad Apple Pencil. Kaijune 2025","learnart","art"
"What's wrong spider leg cast shadow? spent several hours redrawing always feels off. tried proper shadow perspective thing - drawing lines light source ground points object ground connecting lines, still felt convincing. settled abstract shadow, feel like could better","learnart","art"
"Need practicing poses tips critique Hi, practising tracing poses reference images bit time already, understand trully work. today, three poses traced reference forth one done completely mind (bottom left). basically two questions. 1. benefit tracing referance poses? almost knowledge anatomy, draw feel like constructed. 2. mistakes enhanced pose? feel like ribcage wrong, maybe legs kinda ""sucked blackhole"", maybe located knees parallel ground. right hand also looks bad. already done adjustments (it way worse), best could right now.","learnart","art"
"Art Supplies Worth Buying? (Watercolour Focus) Hi everyone, I‚Äôm starting take art seriously would love advice supplies‚Äîespecially **watercolour**, main focus right now. Later on, want explore **coloured pencils** (both watercolour regular), eventually get **markers paint types**. I‚Äôve research, it‚Äôs bit overwhelming, I‚Äôm turning experts here! local access following brands would love hear recommendations, reviews, ‚Äúskip one‚Äù warnings: * **Arches** * **Canson** * **Strathmore** * **St Cuthberts Mill** * **Daler Rowney** * **Lyra** * **Maimeri** * **Giotto** * **Lukas** I‚Äôm looking for: * Good **watercolour paper** (for practice final work) * Recommendations **watercolour paints** **brushes** brands * Suggestions **watercolour pencils** **regular coloured pencils** * **Marker-friendly paper** (for alcohol water-based markers) * Honest opinions what‚Äôs worth price isn‚Äôt * specific product lines beginner-friendly still good quality I‚Äôm trying go fully professional right away, I‚Äôd love invest solid materials won‚Äôt hold back improve. Thanks advance anyone takes time help! really appreciate it. üòä ETA: get products brands cost. That's like start looking brands. Thanks!","learnart","art"
"Going ero horror theme 2nd attempt digital art Aside forgotten draw nail (will fix later), also notice left shoulder looks wrong. also hair looks flat probably first time drawing long hair. Im going ero horror theme, tips critiques?","learnart","art"
"Sketch would like constructive criticism shapes composition ink","learnart","art"
"Learning landscapes - keep going leaves move on? Oil (water soluble matters) paper. I‚Äôm new art general (relative length life ) lately I‚Äôve feeling passionate learning tackle painting landscapes near me. excited painting went go add arching branch (see reference photo) feel like might botched bad it‚Äôs better let painting go move take I‚Äôve learned. that‚Äôs case I‚Äôd appreciate feedback foundation lacking approach better going forward. hand, I‚Äôm also appreciating ugly stages painting - landscape painters - irreconcilably ugly dissonant rest painting, ugly phase refinement reign back coherent feel rest painting? learn painting rendering branches leaves I‚Äôd appreciate thoughts consider move forward! Thank advance! Anything else see fit comment beyond branches help grow would amazing too! (I know need keep pushing values work atmospheric perspective - tips would welcomed!)","learnart","art"
"Need tips getting right color Need tips colors get yellow glow back right wall. Adding yellow really help get right color. using cheap jelly gouache (trying try different mediums) color palette decently limited also acrylic could add. Also excuse shitty lighting even half finished painting","learnart","art"
"improve?? Took hour drawing, used pic Google guide. like time. wanna get better artist. constructive criticism welcome.","learnart","art"
"30 sec gesture drawing properly? getting back gesture drawings lately forgot hard was. properly? can't say really like making bendy stickmen, manage 30 seconds.","learnart","art"
"character look like boy girl? recently redrew drawing time ago, could see improvement. later showed mom finished drawing asked thought. told character looked like boy pretending girl, really surprising think looked like boy all. wondering guys also see mom saying? Thank help.","learnart","art"
"Sketches 2nd post here, took yall advices tried apply best possible. Mainly focussed proportions.Let know work on!","learnart","art"
"Looking advice hi, I‚Äôm trying improve drawing faces First picture drawing second one reference advice would nice things bothering are: 1- can‚Äôt figure draw nose correctly 2- don‚Äôt understand making face ‚Äúyounger?‚Äù reference think made mine look older like 8~ years 3- look jaw lines? felt bit lost starting face shape reaching chin right side Thanks","learnart","art"
"Criticism see something wrong eyes nose, can‚Äôt really place specific problem. ear messed general, think tried replicate shape much. I‚Äôd appreciate criticism I‚Äôm hoping actually take art seriously again.","learnart","art"
"Using Shape Value Better Compositions, David Palumbo Muddy Colors linked composition starter pack wiki worth calling here, something answer *lot* composition-related ""how make art look better?"" type questions. *Lack contrast, central focal point gets lost background, composition killer.* (Not clear central focal point mind *also* killer, that's different murder suspect.)","learnart","art"
"Trying oil paints (also learning colour theory) palette? planning order basic paints transition acrylic painting oil. primarily painting landscapes. bit concerned toxicity avoiding cadmium paints. far planning purchase Azo yellow light Azo red medium Ultramarine Phthalo green Titanium white Burnt sienna good palette start with?","learnart","art"
"Watercolor practice new mini palette Wildflower landscape along Appalachian Trail Sharkstooth Island, Wilmington NC Slowly getting comfortable limited palette loose watercolors","learnart","art"
"I‚Äôm trouble lighting,shading shadows. advice would appreciated! two transformer ocs drew","learnart","art"
"make things stand keeping highlights minimum? reference pictures lacked highlights low contrast apparently translate well drawing","learnart","art"
"new line weight, love know anything looks could improved coloring Feedback line art anything else also welcome (details, shading background done coloring phase).","learnart","art"
"Made Tsu drawing, tips could improve? drawing seriously years, nothing crappy doodles, got sketching set library giveaway Monday, drawing ever since. feel like pretty well experience, using references Pinterest. tips?","learnart","art"
"better art? nsfw second pic. im really bad shading light draw ibispaint dont want draw ocs white void im trying learn backgrounds! help would appreciated","learnart","art"
"think it? Thanks! Done Procreate, almost first digital draw ever finished üòÇ. I‚Äôm learning draw! Every opinion welcome! Thank you!","learnart","art"
"anatomy look correct? first time drawing traditionally 8 years. Also first serious attempt drawing hand ever. think I‚Äôm uncertain hand, torso, neck. looks good I‚Äôve never learned anatomy properly want improve bit specific piece. best visual feedback feel free trace corrections. Please try keep art style intact do!","learnart","art"
"confused lines vs. edges? Hi. practicing experimenting line weights. find really challenging decide line weights many overlapping forms, balance making lines thicker shadows are. previous post, someone suggested thinking lineweights like edges values, mind-blowing me. rarely render draw backgrounds though, references use usually light backgrounds, almost never think lines terms edges. saw beautiful picture Line action ( tried approaching way. Working got wondering convey soft edges, hard edges lost edges using lines? example, right shoulder right side head hard edge, also brightest areas. break lines show light, would break illusion hard edge? confused. tried best drawing convey edges lines, areas, defaulted using thick outlines habit. know basics this, feel free correct me. also love feedback improve drawings, resources topic, appreciate lot! feedback critique welcome.","learnart","art"
"make lineart interesting? trying make interesting, comic-like lineart think good start, feel like lacks something actualli interesting. seen bare comic linework way elaborated. Anyway, advice? (Drawn phone finger btw!)","learnart","art"
"Feedback Children‚Äôs illustration WIP Hello, I‚Äôm trying learn digital art want get children‚Äôs illustration. Currently working something practice feels off. anyone feedback advice add depth texture please let know. Also advice colors make feel cohesive would nice. Honestly feedback great! Like said work progress details yet added. Also grey linework see change color eventually please ignore lol. Thank you!","learnart","art"
"Trying draw side profile. tips? trying make headshot image (from shoulders up) can't seem get neck+body proportions right. make look normal?? (2nd img attempt drawing neck TT)","learnart","art"
"like feedback sketch line art, please let know something looks off. still new drawing chests clothes sure mistakes made. feedback heavily appreciated!","learnart","art"
"understand organic forms / disections Hi guys, watched [Drawabox tutorial]( organic forms, still fully understand it. get single form bend different ways. even used coin try better understand twists, went much content could, practiced lot, drew tons sausage forms‚Äîbut still don‚Äôt quite get it. I‚Äôve seen several students struggle too. looked organic forms general, honestly, think things draw super cool. learn practice drawing organic forms? understand degree ellipse changes moves sides (away viewer) without necessarily rotating, orientation whether it‚Äôs facing viewer not‚Äîalso matters. deciding organic form twisting draw cross-sections properly really hard me. even looked photos slinky, didn‚Äôt help tysm, really appreciate","learnart","art"
"Hard time learning shade/render digitally Trying learn color things digitally trying paint still lives success. Everything made looks messy think know all. trying use multiply layers also stacking normal layers end getting impatient finishing come together all. using Clip Studio Paint basic Round Mixing Brush Gouache brush","learnart","art"
"Learning colors ( right track ? ) Program - Flipaclip Im always intimidated colors wanted try see do, dont know using soft brush half opacity color brush natural fluid harsh flat colors? Even though work basic shows tremendous difference.","learnart","art"
"start painting cheap? good enough drawings, want step get painting. materials need so? found bare minimum enough make proper drawing ‚Äî A4 sheet paper, three pencils, obsession. Painting require knowledge resources however. goal practice, **quantity quality**, want invest painting understand get bit better. **What think bare minimum get?** (I want make portraits landscapes.)","learnart","art"
"Could use critique shading Anything else helps shading's focus moment. second two images complete tried softening things. first might want keep cel shaded.","learnart","art"
"advice teeth? overdone this? know supposed draw much look creepy keep minimal. much?","learnart","art"
"[Digital] New medium. illustration looks know why. looks barren simple. feedback?","learnart","art"
"tried use smudge tool much. Critique welcome!","learnart","art"
"first time trying digital art, improve??","learnart","art"
"Tried drawing girl, fix arms neck parts? Mine looks broken","learnart","art"
"Creepy clown Tried make creepy cutesy clown. think ‚Äúok‚Äù. constructive criticism advice? draw iPad use ibis paint app.","learnart","art"
"Critque Traditional Copy Edward Steichens self portrait, 4B pencil copy Edward Steichens self portrait. 4B pencil 50lb paper. Im struggling value consistency initial proportions. feedback criticism welcome.","learnart","art"
"Trying watercolors ever drew digital. Like far!","learnart","art"
"Ladies torsos sketches exploring different body types, focusing mostly poses torsos. used photos Pinterest Unsplash references, chose poses feel like vibes. also included 5-minute torsos warm-ups. appreciate feedback structure anatomy, especially whether figures look grounded believable. love know think them, especially there's anything that's particularly off, feedback critique welcome.","learnart","art"
"Need tips drawing hair Already watched tutorials hair structures, ribbons, chunks, ratios. drawings still messy looking struggling making look flowy 3D, especially back hair. also know put middle chunks except random lines. guys draw them? start hair ends? whole length one time? tip ""lifehack"" share?","learnart","art"
"took feedback, result character artist, character design hard. posted little ago seek feedback. made changes, character ended with. happy it, anyone feedback, please let know. Thanks everyone chimed help me!","learnart","art"
"tips landscape watercolour? feel good drawing people nature escapes","learnart","art"
"improve character design coloring?","learnart","art"
"people notice apples aren‚Äôt completely centered? got excited start painting didn‚Äôt notice apples slightly left painting. words, negative space 2-3 inches right side left side. people notice this?","learnart","art"
"Help/feedback gesture drawing Hi! gesture drawing while, usually setting 2-minutes timer drawing. struggling two issues, related expressiveness drawings: * timer makes hurry bit drawing, can't properly think convey gesture. results drawing lacking fluidity. * read exaggerating gesture important. feel could improve aspect well, really it. advice/recommendation issues? feedback appreciated, even unrelated.","learnart","art"
"improve art skills? feeling something wrong art, want improve skills","learnart","art"
"improve drawings? started drawing week ago, going bunch tutorials wiki, think gotten understanding basic anatomy drawings look 2D, add depth. notes please let know! üòÉ","learnart","art"
"draw background different angles? I‚Äôm currently planning draw digital one-shot comic. know basics perspective slightly stuck draw backgrounds different angles whilst keeping objects proportionate other. know artists sometimes use 3D models actual pictures help this. I‚Äôve also seen [video]( showing technique possibly use. would like see methods traditional digital artists anything else.","learnart","art"
"could definitely better. suggestions advice pay attention to? mostly taught draw would like real advice improve","learnart","art"
"begin learning draw body? Recently decided learn draw anatomy, really know start practice. saw sources saying start gesture sketches, said start blocking body basic shapes (even little knowledge actual proportions), another said start learning studying anatomical proportions drawing anything. right way start? even one definite way start?","learnart","art"
"Need honest feedback improvement points first drawing 8 years I‚Äôll preface saying formal training really one art class highschool put actual work drawing art. It‚Äôs clear mouth proportioned incorrectly I‚Äôm unsure ways make look realistic. go here? learn first?","learnart","art"
"Gesture drawing confusing first two images 4 days ago last two yesterday, come got worse?? I‚Äôve gesture drawing weeks first two ones saw improvement, days later progress gone. don‚Äôt know whats wrong im wrong but, think might thinking CSI tutorials? Please help üòû (I couldn‚Äôt get references drew from)","learnart","art"
"lips always look wrong? Hey everyone, third portrait I‚Äôm really stuck drawing lips. matter approach them, something always feels ‚Äî shape, volume, placement? I‚Äôd love hear specifically looks wrong could fix it. Thanks advance üôè","learnart","art"
"make frame drew look accurate ppl trying draw?","learnart","art"
"Female expression sketches practice expressions / sketches. Open feedback!","learnart","art"
"White flowers sketch ni Quick sketch restaurant - flowers left bit darker (not sure good see them) white. wanted make pop somehow, failed. future? Leaving blank rest sketch lot empty spaces doesn‚Äôt work. advice regarding let know. things see now: 1. shadow vase things follow sphere, go edges space. 2. don‚Äôt working solution shading/texture quick form like","learnart","art"
"Working perspective landscapes, tips? Drew ballpoint pens sketch paper. cover one favorite graphic novels, reference.","learnart","art"
"steps next? drew gesture started adding shapes form im exactly sure next. Im guessing draw shape ribs pelvis boxes? im sure else. help tips appreciated. (Also imgur links figure drawing help section arent working mods see this.)","learnart","art"
"draw female face? Beginner here. Learned perspective 3d shapes. female characters always look much masculine. improve? mouth? help appreciated.","learnart","art"
"struggling drawing tyre smoke aware probably issues drawing main onew would like help draw tyre smoke way makes look like wheel spinning advice draw moving wheel properly.","learnart","art"
"Shading tips :3 facing problems nearby jaw line lips comes shading figuring shadows. tips?","learnart","art"
"need advice drawing. think? (Referenced drawing me) change make better?","learnart","art"
"uh working couple sketches need feedback","learnart","art"
"Trapeze guy sketch. Unable comprehend hands. looking realism all. tried tightening polishing yet. Tried make hands bit done life. Would love someone gave boy hands! Would love quick tips better ways little stuff like shadows musculature facial stuff etc. (A source artist know would great too!)","learnart","art"
"Color sketch. Ps","learnart","art"
"First oil canvas, critiques welcome","learnart","art"
"head drawings did. Every critique appreciated. anything stands incorrect fix adjust? (for context, going realistic style small traces stylisation)","learnart","art"
"Perspective drawing basement pencil, want feedback drawing seriously 2 months. drawing open basement doors. Feedback criticism improve appreciated.","learnart","art"
"Graphite/watercolor, 3 months drawing","learnart","art"
"Could give critiques advice biggest issue art seems feel kind blurry. hoping approach edge control clarity. Thank you!","learnart","art"
"Would love feedback First attempt drawing emotions manga style, would love feedback idea improve","learnart","art"
"learning draw nose. drew anything know drawing nose make look good?","learnart","art"
"improve art? context, still somewhat new (coming 1 year studies taking things seriously). want try improve, like know areas improve. see lot small flaws help direction would greatly appreciated! added examples recent work think good enough share. married specific style open experimenting more, (though may clear preference, lol). advice would greatly appreciated!","learnart","art"
"Need help working improving likeness drawing. critiques help!","learnart","art"
"Oil painting liminal gas station","oilpainting","art"
"""Advice + OIl Paints Start With?"" always interested art since little never real chance get it, parents also want waste time never able join clubs/classes get practical experience. Eventually dropped idea together trying it, telling good waste time. get feeling go away missing apart could make happy. im 19 job pay materials ive playing idea starting get back it. feel bit lost know dont ""good"" skills drawing painting dont know start. looking books videos perspective shape sketching dont know im looking right things need advice start ""any book recommendations would really appreciated"". Another reason Im reddit page ask oil painting specifically kinds paints get. looking oil painting thinking could fun medium work bought random paints research. Tell think make recommendations think add round bought already. Also link good set brushes would appreciated too. Cold Pthalo Green - Gamblin 1980 Viridian - Winsor & Newton Dioxazine Purple - Gamblin 1980 Raidiant Violet - Gamblin Pthalo Blue - Gamblin 1980 Prussian Blue - Winsor & Newton Cobalt Blue - Winsor & Newton Warm Cadmium Red Medium - Gamblin 1980 Yelloe Ochre - Gamblin 1980 Cadmium Yellow - Winsor & Newton Cadmium Orange Hue - Winsor & Newton Permanent Alizarin Crimson - Winsor & Newton Burnt Sienna - Winsor & Newton Raw Umber - Winsor & Newton Black White Titanium White - Winsor & Newton Ivory Black - Winsor & Newton","oilpainting","art"
"Self portrait freeform style developing second piece done style, first crash canvas mixed paints together let go crazy. one started little direction. pleased result.","oilpainting","art"
"First oil painting 5 years advice put background? Originally, wanted tile reference photo, im lazy. Also please critique me!","oilpainting","art"
"Maryland Woods oil primed board. Oil painting. Trying capture mood, colors feeling MD woods. woods grew love.","oilpainting","art"
"Oil painting ‚Ä¶ waitin big one","oilpainting","art"
"oil painting. Storm. Oil canvas.","oilpainting","art"
"oil painting","oilpainting","art"
"First painting 5 years, Detail? Help Here, first painting five years, im Sure, like sketchiness feel large loose. please critic, vibin again, maybe dont See things clear. Machu picchu","oilpainting","art"
"oil painting meaning behind it.","oilpainting","art"
"Dreamer Sundown , oil canvas","oilpainting","art"
"Secret, oil canvas,","oilpainting","art"
"Iodine-131 yellow difficult hope like one, recently made oil painting. 90x70cm","oilpainting","art"
"Porcupine - oil canvas miniature (8x8"")","oilpainting","art"
"Finished! 10x14 "", oil canvas Thanks everyone critique previous post! suggestions values, painted skin using technique saw Youtube. really happy result learned lot.","oilpainting","art"
"study ‚Äúthe last day pompeii‚Äù ‚Äúthe last day pompeii‚Äù karl bryullov one favorite paintings. It‚Äôs huge!! figure tiny part painted <3","oilpainting","art"
"first portrait Absolutely done. hours this. anyone remember first portrait? freaking bit. still need add lot detail hat hands coat. anyone advice would truly appreciate it.","oilpainting","art"
"Thoughts painting started oil painting months ago Looking feedback.","oilpainting","art"
"BLOWN AWAY subreddit! (This comment question, option custom flair) Every time scroll homepage, constantly see paintings gobsmacked amazing look--even beginners! paintings look professional love it. still yet post paintings (most unfinished) here, seeing completed pieces inspire much. Keep guys! ‚ù§Ô∏è","oilpainting","art"
"Critical feedback plz Painting still wet. want look like it‚Äôs motion kind","oilpainting","art"
"latest painting","oilpainting","art"
"Advice? process vs reference. Hi, working on. draw 100% painted it. trying loyal original image, wanna know think improve. said, still process. first time painting human image fourth work oils life.","oilpainting","art"
"First large oil painting‚Ä¶thoughts??","oilpainting","art"
"lost learn oil painting want learn oil painting, free tutorials find YouTube either small sample courses, teach composition color theory paint itself. YES KNOW COMPOSITION COLOR THEORY IMPORTANT!! already general idea it, know learn without dedicated oil painting. want tutorials courses teach paint itself. techniques, brush work, etc. like said, can't find complete tutorials this. Help?","oilpainting","art"
"grade painting, honest? friend made painting, rating 0 10 it. Please honest.","oilpainting","art"
"Mixing colours / palette control question Hi All, really struggling, watching videos oil painting trying follow along seem really screw comes mixing colours together well mediums. see artists oil painting, using barely paint brush / palette mixing? camera using type paint thinner time? Also, often painting top colours canvas, able smudge colours? purely often time lapses watching often leave canvas dry re-touching areas edit afterwards? first question, mixing colours like artists videos use barely paint whenever re-use colour created use mix second third colour, managing paint little amounts colour palette??? heard obvious worth using much colour possible learning oil paint, surely take forever dry paint also find colours end getting mixed end getting really confused lose track colour meant paintings... Also, tips regarding understanding much one colour add another plan getting right colour going for? trying understand Zorn palette end colours end looking like ever slightly different shades one another without decent differentiation plane (speaking portraiture).. Sorry post sounds confusing really want good oil painting sometimes feel like make 2 steps forwards days 3 steps back overwhelming certain aspects :( trying learn paint portraiture struggling bit, could one please give general tips really struggling comes controlling colours smudging cleaning brush paint thinner ever time change colour not.. GAH! Thanks r/oilpainting","oilpainting","art"
"Alla prima oil painting, 9 x 9 in, (3 hours)","oilpainting","art"
"WIP First oil painting first portrait Hi, first attempt medium since commition. tried classical aproach underpainting working colour layers. done watercolor paper. working another portrait month nowüòÖ","oilpainting","art"
"One favourite paintings done Made 2023 alleyway Hamilton Ontario.","oilpainting","art"
"Investing OH paints need help colours! really interested Old holland bc love thicker paints higher pigment load piqued interest initially planned split primaries bigger tubes saw much physically felt soul escape body I‚Äôm gonna try start basic palette can. going cadmiums red yellow shades named scheveningen introductory sets wondering they‚Äôre different, magenta similar alizarin crimson","oilpainting","art"
"absolutely prime canvas art project due days there‚Äôs simply enough time buy gesso anything like that. Could prime something home could leave it. Thanks lot!!","oilpainting","art"
"first oil painting spent day artist friend mine, watching paint hearing advice, helped get ""fear"" trying paint (I've always sketcher), gave go! first painting; son last summer. really wanted capture ""serious toddler"" expression always back then; stillness little world contrast textures vibrancy summertime - sure managed it? super happy mouth turned out, exactly sure went wrong (too dark?) Happy receive tips critique use next painting!","oilpainting","art"
"first oil painting 2020","oilpainting","art"
"alla prima attempt Sargent‚Äôs self portrait learned lot, I‚Äôm Sargent I‚Äôm happy. energy canvas space head. really wanted stick finishing painting one sitting like Sargent would things wet wet. mishaps scares learned lot.","oilpainting","art"
"First Oil Painting Progress I‚Äôm halfway done first layer oil - underneath combination hot glue, watercolour, mainly acrylic paint. I‚Äôm trying get familiar textures oil paints mix different mediums, thoughts tips appreciated! Swipe see layers","oilpainting","art"
"Oil painting, Mario Balsamo (me), 150x150cm","oilpainting","art"
"new oil painting noob","oilpainting","art"
"people assume figurative art pricey? hardly see figurative art days, except really pro galleries. local (amateur) artist stick sellable stuff look cheaper, require less reflection? figurative painters think?","oilpainting","art"
"getting back oil painting Looking little outside feedback. guys think?","oilpainting","art"
"first oil painting - suggestions? first oil painting. needs depth something looks flat...kinda like doodle? suggestions? Yes TS.","oilpainting","art"
"can't fall asleep decided post Really opened Reddit quite time, stumbled upon group again. paint imaginary landscapes watercolor, focusing intuitive approach mark making. couple recent paintings. Let know think. (:","Watercolor","art"
"Colds Warms, watercolour 20x20, arches rough.","Watercolor","art"
"Thanks help! result Yes. know. still long way go. wanted give update painting posted yesterday ( suggestions encouragement helped great deal believe painting benefited. try refrain touching more, except backdrop clearly needs work. Thanks again. Best Norway","Watercolor","art"
"Stunning watercolor work Black, self-taught artist.","Watercolor","art"
"first two watercolour attempts","Watercolor","art"
"Varnished framed 8x10 watercolor.","Watercolor","art"
"Village / Watercolor","Watercolor","art"
"Painted another Parisian moment","Watercolor","art"
"Jungle, children's book illustration ink Watercolor","Watercolor","art"
"Luna Snow. Done watercolors, ink, colored pencils white acrylic marker.","Watercolor","art"
"Male portrait","Watercolor","art"
"painted randomly today","Watercolor","art"
"Heads Tongues Serpents, watercolor paper, August, 2025 (by me) Part series watercolor paintings I‚Äôm currently working on.","Watercolor","art"
"Let take world wavy impressionism watercolor paintings","Watercolor","art"
"First time trying watercolour > ink instead ink first","Watercolor","art"
"painted friend garagescape Loved reference sure come back it. feel feel free give take :)","Watercolor","art"
"vintage reference/ monochrome painting/ watercolor","Watercolor","art"
"vague exploration. Still figuring trees. Used Koi Watercolor palate Sulekha Swadhin Black blacks.","Watercolor","art"
"I‚Äôve never painted drawn anything life - I‚Äôm terrible year went France days armed cheap watercolour supplies, mid life crisis lot hope! 5 days last week probably first last bit time I‚Äôll selfish year. always claimed don‚Äôt artistic bone body it‚Äôs probably I‚Äôm impatient, I‚Äôm strong believer learn things, decided something new something would put outside comfort zone. Booked little trip France intention pen watercolour - clue idea came from! bought ¬£30 worth supplies, watched YouTube videos, changed euros jumped ferry. excited start got straight ferry, make cabin window - that‚Äôs first ever attempt! coffee cup came couple hours later. pictures reverse order, think see learn along way I‚Äôve layed colours down, twigged last couple need wash light ones first get darker instead way round! I‚Äôm means good typical sense word, don‚Äôt care, time I‚Äôm completely switch don‚Äôt think anything else. It‚Äôs like mind gym. feel pretty vulnerable posting pictures I‚Äôm actually really proud last one, even though theres plenty mistakes brings joy look takes back was. Safe say I‚Äôve fallen love I‚Äôm hooked. Since back deep diving sub find improve equipment hone skills. It‚Äôs never late start creating art!","Watercolor","art"
"teeny tiny paintingü§ç thoughts comments welcome!","Watercolor","art"
"Hope right place... help find one artist please? think lady, seen instagram. REALLY giant watercolor florals, mean like size dining table. One thing remember strongly think would flower shaped plastic palletes? Anyway anyone knows would greatly appreciated‚ô°‚ô° thanks advance!! Found her! @janetpulcho instagram‚ô°","Watercolor","art"
"u guys store watercolors, especially they‚Äôre tubes? Hey, I‚Äôm taking intro watercolors college class semester. professor us get specific watercolors tubes. curious u guys store watercolor tubes don‚Äôt take lot space. thinking getting either Penco container cheap pencil pouch either Dollar Store Daiso storing there. helped storing watercolors?","Watercolor","art"
"Help determining value watercolor brushes. got large bag assorted paintbrushes earlier year can't find single example online compare to. brands similar styles.","Watercolor","art"
"3 tiktok cats practice Ivar, Gumbus, Squid made 1 watercolour painting still learning","Watercolor","art"
"Beginner here. paintings get ugly crumby look simply color 1 layer? Pics gear used attached picture 2 layers (might nit waited long enough first one dry), already first layer, got super ugly crumby texture, paper starts crumbing. using water color paper. Cheap ones though (20 A4 10 euro). completely new this, want make ecperience ENJOYABLE, fate plans seems. Hope hear y'all talented people. Bonus question: HELL GET INSANELY RICH COLORS!? colors pale hell...","Watercolor","art"
"Pen water color First try pen water color. Used a6 size 100% cotton papaer scholar stationary. Give feedback please.","Watercolor","art"
"portrait painted yesterday","Watercolor","art"
"Today's painting! dome roof actually pretty fun paint, think gonna find dome paintüòÜ","Watercolor","art"
"made Crayola marker watercolor painting cute witch","Watercolor","art"
"Pansy cat Arches paper grain fin - cold press. Winsor & Newton cotman watercolors. Daniel Smith watercolors. Outlines holbein gouache.","Watercolor","art"
"Old Permalba Watercolor Set stumbled across local art store Columbus, GA. anyone ever seen used before? mostly pretty good condition, little dry. gotten chance test yet, owner charged 18 bucks, garbage, big loss.","Watercolor","art"
"Hornet. Done watercolors, ink white acrylic marker.","Watercolor","art"
"Attempts minimalistic portraits","Watercolor","art"
"Kingfisher Watercolour fineliner. OC 2023","Watercolor","art"
"timed still life attempt. think? slow painter (because focus details lot) usually work small paper. time worked A3 paper gave 1.5 hours. challenging ignore details could finish time. Feel free give feedback tips timed paintings!","Watercolor","art"
"watercolor practice. St Leonard‚Äôs Church, Shoreditch, 7x7in Fabriano Artistico cold press paper","Watercolor","art"
"I‚Äôm taking watercolor class need bring supplies. Please help! requested supplies watercolor paint set tubes pans, watercolor painting paper pad, watercolor brushes (multipurpose pack brushes work), palette cup water. figure everything water color paint set tubes pans I‚Äôm wondering about. recommendations greatly appreciated! I‚Äôve never taken kind painting class.","Watercolor","art"
"Meditative doodle paint night. little group meets weekly paint watercolor together. result tonight. relaxing focused certain result.","Watercolor","art"
"painting recently finished","Watercolor","art"
"First time ever! I‚Äôve searching lupine art like couldn‚Äôt really find floats boat- I‚Äôm making own. I‚Äôve never done go. first layer drying,(will adding wimpy left one!), I‚Äôm learning blooms maybe start want color deepest üòÖ I‚Äôm it! It‚Äôs nice creating instead wasting another evening. Thanks guys. ‚ù§Ô∏è","Watercolor","art"
"[self] getting armature ready new sculpture. Trying get pose right. lifted column sculpt around it.","Sculpture","art"
"[SELF] New polymer clay figuresüå∏ also characters latest painting","Sculpture","art"
"[help] give name piece PLEASE Im begging someone tell sculpture called","Sculpture","art"
"quick mask sketches use testing different non-glaze finishes [self]","Sculpture","art"
"[SELF] complete sculpture made Karl Popper using fiberglass","Sculpture","art"
"[Help] Absolute beginner advice? Hello! super interested learning sculpt idea start. appreciate advice offered!","Sculpture","art"
"[help] clay reused Hi! Im search clay thats supposed harden isnt soft modeling. (Im illustrator wants quick model done, make photo reference use put clay back box... again.) Problem like children clays soft cant hold two fingers without kinda melting form slowly down. think best would kinda wax based stuff cause getting soft warmth. found air drying oven hardening things uses ready throw away cause start crumbling. suggestions?","Sculpture","art"
"[Self] Apfelconnaisseuse, Textile sculpture","Sculpture","art"
"[Self] Made Gnome Sculpted monster clay, molded silicone plastic-paste mother mold. Casted cement/hydrostone blend.","Sculpture","art"
"[Self] Father & Son Here's one favorite sculptures made. made tin foil. Right figure's arms & legs tied wires. figure's head hands burnt charred lighter detail. left figure entirely made foil. Drew teeth eyes Sharpie. Added devil horns fun. think?","Sculpture","art"
"[Self] new sculpture finished, think? Here‚Äôs newest sculpture finished long ago. It‚Äôs made steel, canary hardwood rope. depicts purple tang, crab, brittle star small octopus hiding away sunken log. airbrush work focal points sculpture give pop color.","Sculpture","art"
"[HELP] places y‚Äôall recommend buy high quality sculpting tools besides Amazon? don‚Äôt really know sellers trust materials even good I‚Äôll buy website specifically sculpting stuff.","Sculpture","art"
"[HELP]How prevent air dry clay drying? Greetings... gotten assignment class requires sculpting 3d model Since never done decided start air dry clay. bit skeptical this, would take quite long time bit worried clay dries way soften again, prevent drying completely Please let know... Thank","Sculpture","art"
"[self] Clay sculpture + reference Sculpted reference found Pinterest. find original artist(my apologies). use monster clay case anyone wondering.","Sculpture","art"
"[Help] started sculpting 2 months ago, find good knowledge? Hey guys, really enjoying sculpting wold like better, lern, find good things study, good contemporary references? books good youtube channel, courses? im sorry im kinda lost time sense excited something like","Sculpture","art"
"[Self] first time sculpting first time playing Alien Clay. call Jim Bob. know pretty amateur like him. would go making permanent?","Sculpture","art"
"[Help] add legs figure? started figure around month ago first want sculpt full body figure recently thought maybe could try add legs. thing see could make look good. afraid throw work trash start over. prep little, made holes wires going tried posing see turn good legs going blob clay. Reposted add pictures","Sculpture","art"
"[Self] Made big one art project, ended making tiny ones","Sculpture","art"
"[Help] Plaster Cast Gone Wrong attempted making plaster casts firends faces yesterday, turn quite right. read lot make sure safe materials options admit got little mind boggled materials would produce best results. chose use Luna Bean casting alginate, perfect cast plaster powder, can't remember brand plaster cloth. thought using right alginate water ratio, 2/3 cup powder 2 1/6 cups water, come runny first, time started set already difficult work with. waited 5 minutes alginate set adding plaster cloth, another 40 removing mold. waited anout 30 minutes pouring plaster mold. plaster cast instructions said wait cast dry room temperature again, pry cast mold alginate stick plaster looked wet again. picture taken next morning, 8 hours taken mold parts alginate still damp. peel alginate off, cast looks prety good underneath, dont understand dry fully time stuck bad plaster cast Edit: reason picture seem posted? Basically, chunky pieces alginate stuck cast white dried still pink","Sculpture","art"
"[Self] Finally got clean mold! finished mold came perfectly! Next step: applying layer skin-colored latex inside pouring 30x expanding foam urethane. tips advice would super appreciated!","Sculpture","art"
"[SELF] Wood sculpture need name it, ideas?","Sculpture","art"
"fix this? [Help] breaks pretty clean piece back together problem, I‚Äôm worried use super glue would small visible layer would make statue ugly","Sculpture","art"
"[Self] One glass sculptures ""Glass offcuts"" ^^ time I‚Äôm sharing one modern/abstract sculptures: **‚ÄúCrossing‚Äù** (78cm √ó 40cm). ‚û°Ô∏è‚ù§Ô∏è It‚Äôs made glass offcuts/scraps. figure built metal armature, sculpted cement putty, finished metallic silver coating. I‚Äôd love hear thoughts. make feel think? üëÄ Also, I‚Äôm curious: much think sculpture like would cost üí∏ collect (minimum maximum)? ü§î","Sculpture","art"
"[Self] little goblin guy made modeling clay","Sculpture","art"
"[self] lil wire sculpture upcoming show","Sculpture","art"
"[SELF] Fox sculpture created gift 3D sculpted digitally Blender, 3D printed it. base layer black primer used Rub Buff get gold finish.","Sculpture","art"
"[Help] idk evidently first bas relief sculpture going well. tried sanding lot still doesnt feel flowy lot mini cracks scrapes. Idk move forward. wanted spray paint white add gold leaf edges smthing im loosing anlot motivation isnt going well. used pop joint compound well airdry clay places. rlly need sm advice. Thnx","Sculpture","art"
"[Self] Dough sculptures made instead working","Sculpture","art"
"[Help] Clay rayquaza progress Making 6 cm tall rayquaza model details hard, tips?","Sculpture","art"
"[Self] Disco Spray Sculpture Barrie J Davies, Mixed media sculpture.","Sculpture","art"
"[Self] Part sculpture, part painting. Hope acceptable thread.","Sculpture","art"
"[HELP] made this? grandpa bunch sculptures assuming made artist can't find anything","Sculpture","art"
"[Help] first ever attempt figure sculpting. right wrong go here? used armature fyi delicate.","Sculpture","art"
"[self] finished! molding & casting","Sculpture","art"
"[Self] Needle felted fox sculpture made","Sculpture","art"
"[Self] made Great White polymer clay finished sculpture morning. Check out. ü¶à","Sculpture","art"
"[Self] Apoxie sculpt","Sculpture","art"
"[Self] Colony Collapse - 2025 Mixed media sculpture. Concrete, stucco, wax, wood, oil, acrylic emulsion.","Sculpture","art"
"[self] seashell/coral sculptures seashell/coral sculptures created shells coral collected local beaches. y‚Äôall think?","Sculpture","art"
"[self] Guess who‚Äôs got two thumbs wishes never stopped sculpting dropped art school‚Ä¶ second bust‚Ä¶ new expression‚Ä¶","Sculpture","art"
"fix perspective? Don‚Äôt know convey dragon boy‚Äôs hand","learnart","art"
"improve this? (first time charcoals) pls really mean too","learnart","art"
"Face anatomy feedback & tips study anatomy? - last post, working understanding relationships facial features get better anatomy- find posting getting feedback isnt scary initially thought would lol. attached reference drawing onto here. know best, love hear critique! - know still lot work on, also know look right idk start fixing drawing. using Micheal Hamptons figure drawing invention book work drawing faces, trying keep mind proportion, keystone, overall three plane shape nose, denture sphere eye sockets, want improve quickly feel like way studying human face anatomy isnt working. also tried araso head (and failed miserably) also suggestions different ways study?","learnart","art"
"anyone help make drawing look like Jill resident evil? drawing midway realized doesnt look like all. anyone help me?","learnart","art"
"How‚Äôs pose? friend got DC Comics book draw super heroes. today drew John Stewart. yall think?","learnart","art"
"Big muscle men, SFW version Focusing pushing male anatomy stylized direction ‚Äî exaggerating muscles forms go beyond lifelike proportions still keeping everything grounded real human structure. colors, experimenting painting skin tones following Sinix Design tutorial YouTube, first picture copy best ability last three imagination ‚Äî trying get comfortable blending, hue shifts, keeping forms alive color. Feedback welcome ‚Äî especially exaggeration reads skin tones coming along","learnart","art"
"3 attempts, really struggling realism likeness, advice appreciated!","learnart","art"
"Dinosaur challenge advices Hi! always wanted great drawing certainly lack patience. month spontaneously decided draw obe dinosaur every day even tho aware plants body parts would propably strategic decision can't change topic right niw would ruin mindset fragile important consistency. know improve; focus on? make shading better separate shades body colour patterns? thoughts generally?","learnart","art"
"study efficiently? studying Worky Zack love way draws faces something feels it. kind moved draw piece like art style know happened that. advice guys could give help faces","learnart","art"
"female proportions working pelvis + torso connection two, tips improving proportions perspective","learnart","art"
"Best tutorials learn cel shading? Hello everyone, wrote title, top choices tutorials learn cel shading? Articles also really appreciated, thank advance","learnart","art"
"Help this? I‚Äôm trying draw character first slide manner similar one second (except coming flower waist up)","learnart","art"
"Struggles cylinders trouble value studies cylinders (and honestly spheres too). smooth killing brain trying draw them. trouble shading boxes. complex forms find easier shade well. there's something simple cylinder that's catching me. ideas improve it? missing something curved forms shaded?","learnart","art"
"Need help figuring I‚Äôm doing??? don‚Äôt know legs doing??? think I‚Äôm trying combine 3 different things I‚Äôm sure go legs. want one foot front kind of? Like tightrope thing. maybe also something dramatic. don‚Äôt want broken. Help? go would look like? proportions look ok? Feel free draw it, visual critique really helps me!","learnart","art"
"Help alligator drawing?","learnart","art"
"draw texture? watched [Drawabox tutorial texture]( I‚Äôm trouble identifying cast shadows telling apart color. example, (left image) red parts (Marked yellow) octopus‚Äôs suckers, skin looks redder blood collects ‚Äî that‚Äôs color, shadow. use shadows holes, ones appear skin compressed, suckers close together, doesn‚Äôt feel like enough fully represent texture. another image (right image), also can‚Äôt clearly tell parts color parts shadow (marked blue). abstract shapes color cast shadows cracks, don‚Äôt know represent texture using cast shadows. don‚Äôt background light shadow ‚Äî course first time studying drawing. video, course, resource beginners helps explain draw texture? learn tell difference color shadow? worth studying light shadow even it‚Äôs part course?, can't see [these]( subtle shadows goal lesson understand forms texture draw cast shadows. really appreciate help. Tysm","learnart","art"
"Review pls Reference - youtube ok draw paint youtube? copying? still showcasing skills?","learnart","art"
"learning draw heads using Loomis method. also learnt Asaro planes find tutorials use it. Please give critiques tips.","learnart","art"
"tips drawing triceps forearms?? muscles marked red circles usually necessary usually left simplified?","learnart","art"
"portrait sketch tips improvement","learnart","art"
"Looking constructive criticism improve learning process drawing skills Looking constructive criticism improve learning process drawing skills Context: two three weeks ago, began teaching draw using YouTube tutorials, dream one day working professionally 2D animation industry. started scratch ‚Äî prior knowledge experience drawing animation ‚Äî something skill lit fire me. first real drawing (aside sketches kindergarten early school years‚Ä¶ nearly two decades ago!). please, don‚Äôt shy ‚Äî come say hi share whatever thoughts drawing. I‚Äôm learn.","learnart","art"
"Please help improve Would love get feedback feel though look right, would love feedback want study arms also practicing values digital painting overall! tried incorporating edge quality think overusing q tip brush Krita apparently better use mixing brushes want improve. Also please tell correct way study anatomy! Please ignore face, got bored : >","learnart","art"
"Help? one point perspective can't figure wheel's angle. Despite looking reference pictures, can't figure draw wheel (and rearview mirror). vanishing point middle window, eye level. seems odd see front side character wheel (and dashboard) facing other, since vanishing point them, seems plausible. know, lost, fact ellipse makes even complicated T\_T. mention wheels usually tilted axis. tried using bounding box based perspective lines, draw ellipse it, according vanishing point, wheel character front sides visible, looks weird, maybe something else wrong. stuck months... wheel's front visible all? redraw wheel ""profile"" angle (and dashboard+rearview mirror position) ? work overthinking? would help new eyes get different perspective. THINK?","learnart","art"
"need advice arms position/anatomy? Short story short, can't manage draw arms middle guy ( already tried multiple positions). can't find proper photo reference can't exactly figure do. advice?","learnart","art"
"tips improvement also used stupid pen kept breaking eraser fat clear parts. graphite matt faber castell 14B. mean make bottom part face dark well. y'all got pen options im opened suggestions it. got lazy hoodie left like that, also kind like :3","learnart","art"
"improve this? used water color colored pencils, something looks off. advice?","learnart","art"
"OCs two scenes. Made Procreate. Feedback please. Made two paintings comic idea. first one feels like it‚Äôs missing something. Posting feedback please.","learnart","art"
"give harsh crit digital, procreate, 2025","learnart","art"
"tips shading?","learnart","art"
"portrait value breakdown(pls critique)","learnart","art"
"I‚Äôm confused planes head I‚Äôm confused I‚Äôve studying planes head 2 months im puzzled before. know Asaro head approximation/interpretation planes head use reference. problem doesn‚Äôt reflect model reference. research it‚Äôs fat muscle make forms softer, rounded planes less obvious. would mean it‚Äôs close yet go light Asaro head match reference photo seems Asaro head either dark values places aren‚Äôt model straight wrong. I‚Äôm trying ask want draw imagination rather rely Asaro head rely actual people‚Äôs faces. mean wouldn‚Äôt use ruler it‚Äôs accurate.","learnart","art"
"Anatomy study (These drawn left right) wanted explore different body types realized couldn‚Äôt even draw ‚Äúnormal‚Äù body pulled references think there‚Äôs definitely improvement toward end","learnart","art"
"Three Exercises Learn Color, Alex Tzavaras Color *is* science rocket science! Overthinking pretty common amongst folks *all* skill levels. Alex gives exercises using three limited palettes - monochrome study value, limited warm/cool temperature palette, high chroma palette three primaries - help dial things *actually matter* color.","learnart","art"
"Sketchbook Page - Feedback welcome","learnart","art"
"posture drawing Give tips improve Also pls forgive hand‚Ä¶","learnart","art"
"need tips struggling draw face pls crit give tips","learnart","art"
"Want feedback sketches","learnart","art"
"1 minute timed gesture drawings using Quickposes website. okay? kind feedback appreciated","learnart","art"
"latest artwork kinda mix outcome. notice things need improve?","learnart","art"
"Study stylization(sketches)/day one Hi everyone, would love tips feedback stylization new ( usually stick less reference)","learnart","art"
